/* SPDX-License-Identifier: OFL-1.1
 * Derived font data; upstream copyright and license: fonts/Inter-OFL.txt.
 * Regenerate with scripts/generate-design-fonts.py.
 */

/*******************************************************************************
 * Size: 32 px
 * Bpp: 4
 * Opts: --font .build/design-fonts/Inter-Medium.ttf --range 0x20-0x7e,0xa0-0xff --size 32 --bpp 4 --format lvgl --no-compress --lv-include lvgl.h --lv-font-name font_sans_32 --output firmware/factory_badge/main/ui/font_sans_32.c
 ******************************************************************************/

#ifdef LV_LVGL_H_INCLUDE_SIMPLE
#include "lvgl.h"
#else
#include "lvgl.h"
#endif

#ifndef FONT_SANS_32
#define FONT_SANS_32 1
#endif

#if FONT_SANS_32

/*-----------------
 *    BITMAPS
 *----------------*/

/*Store the image of the glyphs*/
static LV_ATTRIBUTE_LARGE_CONST const uint8_t glyph_bitmap[] = {
    /* U+0020 " " */

    /* U+0021 "!" */
    0xf, 0xff, 0xc0, 0xf, 0xff, 0xb0, 0xf, 0xff,
    0xb0, 0xf, 0xff, 0xb0, 0xf, 0xff, 0xb0, 0xf,
    0xff, 0xa0, 0xf, 0xff, 0xa0, 0xe, 0xff, 0xa0,
    0xe, 0xff, 0xa0, 0xe, 0xff, 0x90, 0xe, 0xff,
    0x90, 0xd, 0xff, 0x90, 0xd, 0xff, 0x90, 0xd,
    0xff, 0x80, 0xd, 0xff, 0x80, 0xc, 0xff, 0x80,
    0x1, 0x11, 0x0, 0x0, 0x0, 0x0, 0x0, 0x0,
    0x0, 0x3, 0x98, 0x10, 0x2f, 0xff, 0xd0, 0x6f,
    0xff, 0xf2, 0x4f, 0xff, 0xf0, 0x8, 0xee, 0x50,

    /* U+0022 "\"" */
    0xbf, 0xfb, 0x0, 0xef, 0xf8, 0xbf, 0xfb, 0x0,
    0xef, 0xf8, 0xaf, 0xfa, 0x0, 0xdf, 0xf7, 0x9f,
    0xf9, 0x0, 0xcf, 0xf6, 0x9f, 0xf9, 0x0, 0xcf,
    0xf6, 0x8f, 0xf8, 0x0, 0xbf, 0xf5, 0x7f, 0xf7,
    0x0, 0xaf, 0xf4, 0x7f, 0xf7, 0x0, 0xaf, 0xf4,
    0x6f, 0xf6, 0x0, 0x9f, 0xf3, 0x14, 0x41, 0x0,
    0x24, 0x40,

    /* U+0023 "#" */
    0x0, 0x0, 0x0, 0x6f, 0xf5, 0x0, 0x0, 0x3f,
    0xf8, 0x0, 0x0, 0x0, 0x0, 0x9f, 0xf2, 0x0,
    0x0, 0x6f, 0xf5, 0x0, 0x0, 0x0, 0x0, 0xcf,
    0xf0, 0x0, 0x0, 0x9f, 0xf2, 0x0, 0x0, 0x0,
    0x0, 0xff, 0xc0, 0x0, 0x0, 0xcf, 0xf0, 0x0,
    0x0, 0x0, 0x1, 0xff, 0xa0, 0x0, 0x0, 0xef,
    0xd0, 0x0, 0x0, 0x0, 0x4, 0xff, 0x70, 0x0,
    0x1, 0xff, 0xa0, 0x0, 0x0, 0xcf, 0xff, 0xff,
    0xff, 0xff, 0xff, 0xff, 0xff, 0xfd, 0x0, 0xff,
    0xff, 0xff, 0xff, 0xff, 0xff, 0xff, 0xff, 0xfb,
    0x1, 0xdd, 0xdf, 0xff, 0xdd, 0xdd, 0xde, 0xff,
    0xdd, 0xd7, 0x0, 0x0, 0xe, 0xfd, 0x0, 0x0,
    0xb, 0xff, 0x0, 0x0, 0x0, 0x0, 0x1f, 0xfb,
    0x0, 0x0, 0xe, 0xfe, 0x0, 0x0, 0x0, 0x0,
    0x3f, 0xf8, 0x0, 0x0, 0xf, 0xfb, 0x0, 0x0,
    0x0, 0x0, 0x5f, 0xf6, 0x0, 0x0, 0x2f, 0xf9,
    0x0, 0x0, 0x0, 0x0, 0x7f, 0xf4, 0x0, 0x0,
    0x4f, 0xf7, 0x0, 0x0, 0x0, 0x0, 0x9f, 0xf2,
    0x0, 0x0, 0x7f, 0xf5, 0x0, 0x0, 0x2f, 0xff,
    0xff, 0xff, 0xff, 0xff, 0xff, 0xff, 0xff, 0x80,
    0x5f, 0xff, 0xff, 0xff, 0xff, 0xff, 0xff, 0xff,
    0xff, 0x50, 0x5c, 0xcd, 0xff, 0xec, 0xcc, 0xcc,
    0xff, 0xfc, 0xcc, 0x20, 0x0, 0x4, 0xff, 0x70,
    0x0, 0x1, 0xff, 0xa0, 0x0, 0x0, 0x0, 0x6,
    0xff, 0x50, 0x0, 0x4, 0xff, 0x80, 0x0, 0x0,
    0x0, 0x9, 0xff, 0x20, 0x0, 0x6, 0xff, 0x50,
    0x0, 0x0, 0x0, 0xc, 0xff, 0x0, 0x0, 0x9,
    0xff, 0x30, 0x0, 0x0, 0x0, 0xe, 0xfd, 0x0,
    0x0, 0xc, 0xff, 0x0, 0x0, 0x0, 0x0, 0x1f,
    0xfa, 0x0, 0x0, 0xe, 0xfd, 0x0, 0x0, 0x0,

    /* U+0024 "$" */
    0x0, 0x0, 0x0, 0x0, 0x37, 0x20, 0x0, 0x0,
    0x0, 0x0, 0x0, 0x0, 0x0, 0x8, 0xf5, 0x0,
    0x0, 0x0, 0x0, 0x0, 0x0, 0x0, 0x0, 0x8f,
    0x50, 0x0, 0x0, 0x0, 0x0, 0x0, 0x0, 0x0,
    0x8, 0xf5, 0x0, 0x0, 0x0, 0x0, 0x0, 0x0,
    0x4, 0xad, 0xff, 0xfd, 0xb5, 0x0, 0x0, 0x0,
    0x0, 0x1c, 0xff, 0xff, 0xff, 0xff, 0xfd, 0x30,
    0x0, 0x0, 0x2e, 0xff, 0xff, 0xff, 0xff, 0xff,
    0xff, 0x20, 0x0, 0xd, 0xff, 0xfc, 0x59, 0xf6,
    0x5c, 0xff, 0xfd, 0x0, 0x4, 0xff, 0xfa, 0x0,
    0x8f, 0x50, 0xa, 0xff, 0xf5, 0x0, 0x8f, 0xff,
    0x10, 0x8, 0xf5, 0x0, 0xf, 0xff, 0x80, 0xa,
    0xff, 0xe0, 0x0, 0x8f, 0x50, 0x0, 0x56, 0x64,
    0x0, 0xaf, 0xff, 0x10, 0x8, 0xf5, 0x0, 0x0,
    0x0, 0x0, 0x6, 0xff, 0xfc, 0x10, 0x8f, 0x50,
    0x0, 0x0, 0x0, 0x0, 0xe, 0xff, 0xfe, 0x8a,
    0xf5, 0x0, 0x0, 0x0, 0x0, 0x0, 0x3f, 0xff,
    0xff, 0xff, 0xb5, 0x0, 0x0, 0x0, 0x0, 0x0,
    0x2c, 0xff, 0xff, 0xff, 0xff, 0xa2, 0x0, 0x0,
    0x0, 0x0, 0x4, 0xae, 0xff, 0xff, 0xff, 0xf8,
    0x0, 0x0, 0x0, 0x0, 0x0, 0x9, 0xfe, 0xff,
    0xff, 0xfa, 0x0, 0x0, 0x0, 0x0, 0x0, 0x8f,
    0x52, 0x8f, 0xff, 0xf5, 0x0, 0x0, 0x0, 0x0,
    0x8, 0xf5, 0x0, 0x2f, 0xff, 0xb0, 0x0, 0x0,
    0x0, 0x0, 0x8f, 0x50, 0x0, 0x9f, 0xfe, 0x3,
    0xcc, 0xc3, 0x0, 0x8, 0xf5, 0x0, 0x8, 0xff,
    0xf0, 0x2f, 0xff, 0x80, 0x0, 0x8f, 0x50, 0x0,
    0xcf, 0xfe, 0x0, 0xdf, 0xff, 0x40, 0x8, 0xf5,
    0x0, 0x7f, 0xff, 0xa0, 0x6, 0xff, 0xff, 0xa4,
    0x9f, 0x65, 0xcf, 0xff, 0xf3, 0x0, 0xb, 0xff,
    0xff, 0xff, 0xff, 0xff, 0xff, 0xf7, 0x0, 0x0,
    0x9, 0xff, 0xff, 0xff, 0xff, 0xff, 0xf7, 0x0,
    0x0, 0x0, 0x3, 0x9d, 0xff, 0xff, 0xec, 0x81,
    0x0, 0x0, 0x0, 0x0, 0x0, 0x0, 0x8f, 0x50,
    0x0, 0x0, 0x0, 0x0, 0x0, 0x0, 0x0, 0x8,
    0xf5, 0x0, 0x0, 0x0, 0x0, 0x0, 0x0, 0x0,
    0x0, 0x8f, 0x50, 0x0, 0x0, 0x0, 0x0,

    /* U+0025 "%" */
    0x0, 0x4b, 0xef, 0xc6, 0x0, 0x0, 0x0, 0x0,
    0x0, 0xe, 0xfd, 0x0, 0x0, 0x7, 0xff, 0xff,
    0xff, 0xa0, 0x0, 0x0, 0x0, 0x0, 0x9f, 0xf3,
    0x0, 0x0, 0x2f, 0xfe, 0x76, 0xdf, 0xf5, 0x0,
    0x0, 0x0, 0x4, 0xff, 0x90, 0x0, 0x0, 0x7f,
    0xf5, 0x0, 0x1f, 0xfa, 0x0, 0x0, 0x0, 0xe,
    0xfd, 0x0, 0x0, 0x0, 0x9f, 0xf1, 0x0, 0xd,
    0xfc, 0x0, 0x0, 0x0, 0x9f, 0xf3, 0x0, 0x0,
    0x0, 0xaf, 0xf0, 0x0, 0xd, 0xfd, 0x0, 0x0,
    0x4, 0xff, 0x90, 0x0, 0x0, 0x0, 0x8f, 0xf2,
    0x0, 0xf, 0xfb, 0x0, 0x0, 0xe, 0xfd, 0x0,
    0x0, 0x0, 0x0, 0x4f, 0xfb, 0x11, 0x9f, 0xf7,
    0x0, 0x0, 0x9f, 0xf3, 0x0, 0x0, 0x0, 0x0,
    0xc, 0xff, 0xff, 0xff, 0xe1, 0x0, 0x4, 0xff,
    0x90, 0x0, 0x0, 0x0, 0x0, 0x1, 0xaf, 0xff,
    0xfc, 0x20, 0x0, 0xe, 0xfd, 0x0, 0x0, 0x0,
    0x0, 0x0, 0x0, 0x1, 0x45, 0x20, 0x0, 0x0,
    0x9f, 0xf3, 0x0, 0x0, 0x0, 0x0, 0x0, 0x0,
    0x0, 0x0, 0x0, 0x0, 0x4, 0xff, 0x90, 0x0,
    0x0, 0x0, 0x0, 0x0, 0x0, 0x0, 0x0, 0x0,
    0x0, 0xe, 0xfd, 0x0, 0x0, 0x0, 0x0, 0x0,
    0x0, 0x0, 0x0, 0x0, 0x0, 0x0, 0x9f, 0xf3,
    0x0, 0x0, 0x7d, 0xfe, 0xa2, 0x0, 0x0, 0x0,
    0x0, 0x0, 0x4, 0xff, 0x90, 0x0, 0xc, 0xff,
    0xff, 0xff, 0x30, 0x0, 0x0, 0x0, 0x0, 0xe,
    0xfd, 0x0, 0x0, 0x7f, 0xfc, 0x68, 0xff, 0xd0,
    0x0, 0x0, 0x0, 0x0, 0x9f, 0xf3, 0x0, 0x0,
    0xdf, 0xe0, 0x0, 0x9f, 0xf3, 0x0, 0x0, 0x0,
    0x4, 0xff, 0x90, 0x0, 0x0, 0xff, 0xa0, 0x0,
    0x5f, 0xf6, 0x0, 0x0, 0x0, 0xe, 0xfd, 0x0,
    0x0, 0x0, 0xff, 0xa0, 0x0, 0x4f, 0xf6, 0x0,
    0x0, 0x0, 0x9f, 0xf3, 0x0, 0x0, 0x0, 0xff,
    0xa0, 0x0, 0x5f, 0xf6, 0x0, 0x0, 0x4, 0xff,
    0x90, 0x0, 0x0, 0x0, 0xdf, 0xe0, 0x0, 0x9f,
    0xf3, 0x0, 0x0, 0xe, 0xfd, 0x0, 0x0, 0x0,
    0x0, 0x8f, 0xfb, 0x68, 0xff, 0xd0, 0x0, 0x0,
    0x9f, 0xf3, 0x0, 0x0, 0x0, 0x0, 0xc, 0xff,
    0xff, 0xff, 0x30, 0x0, 0x4, 0xff, 0x90, 0x0,
    0x0, 0x0, 0x0, 0x0, 0x8d, 0xfe, 0xa2, 0x0,

    /* U+0026 "&" */
    0x0, 0x0, 0x5, 0xbe, 0xfd, 0xa3, 0x0, 0x0,
    0x0, 0x0, 0x0, 0x0, 0xbf, 0xff, 0xff, 0xff,
    0x70, 0x0, 0x0, 0x0, 0x0, 0xa, 0xff, 0xff,
    0xff, 0xff, 0xf4, 0x0, 0x0, 0x0, 0x0, 0x2f,
    0xff, 0xa1, 0x2, 0xdf, 0xfc, 0x0, 0x0, 0x0,
    0x0, 0x6f, 0xfe, 0x0, 0x0, 0x3f, 0xff, 0x0,
    0x0, 0x0, 0x0, 0x8f, 0xfb, 0x0, 0x0, 0x1f,
    0xff, 0x10, 0x0, 0x0, 0x0, 0x7f, 0xfd, 0x0,
    0x0, 0x5f, 0xff, 0x0, 0x0, 0x0, 0x0, 0x3f,
    0xff, 0x30, 0x2, 0xef, 0xf9, 0x0, 0x0, 0x0,
    0x0, 0xd, 0xff, 0xd0, 0x4e, 0xff, 0xe1, 0x0,
    0x0, 0x0, 0x0, 0x4, 0xff, 0xfd, 0xff, 0xff,
    0x40, 0x0, 0x0, 0x0, 0x0, 0x0, 0x9f, 0xff,
    0xff, 0xe3, 0x0, 0x0, 0x0, 0x0, 0x0, 0x0,
    0x5f, 0xff, 0xfc, 0x10, 0x0, 0x0, 0x0, 0x0,
    0x0, 0x9, 0xff, 0xff, 0xfe, 0x20, 0x0, 0x0,
    0x0, 0x0, 0x0, 0xaf, 0xff, 0xdf, 0xff, 0xd1,
    0x0, 0xc, 0xcc, 0x10, 0x8, 0xff, 0xfb, 0x14,
    0xff, 0xfb, 0x0, 0x1f, 0xff, 0x0, 0x1f, 0xff,
    0xb0, 0x0, 0x6f, 0xff, 0x90, 0x4f, 0xff, 0x0,
    0x5f, 0xff, 0x20, 0x0, 0x8, 0xff, 0xf7, 0xaf,
    0xfb, 0x0, 0x7f, 0xff, 0x0, 0x0, 0x0, 0xaf,
    0xff, 0xff, 0xf6, 0x0, 0x6f, 0xff, 0x10, 0x0,
    0x0, 0xc, 0xff, 0xff, 0xe0, 0x0, 0x2f, 0xff,
    0x80, 0x0, 0x0, 0x2, 0xff, 0xff, 0x60, 0x0,
    0xc, 0xff, 0xfa, 0x30, 0x2, 0x7e, 0xff, 0xff,
    0xc0, 0x0, 0x2, 0xef, 0xff, 0xff, 0xff, 0xff,
    0xff, 0xff, 0xf9, 0x0, 0x0, 0x2c, 0xff, 0xff,
    0xff, 0xff, 0xe5, 0x8f, 0xff, 0x50, 0x0, 0x0,
    0x5a, 0xdf, 0xfd, 0xa5, 0x0, 0xb, 0xff, 0xf2,

    /* U+0027 "'" */
    0xbf, 0xfb, 0xbf, 0xfb, 0xaf, 0xfa, 0x9f, 0xf9,
    0x9f, 0xf9, 0x8f, 0xf8, 0x7f, 0xf7, 0x7f, 0xf7,
    0x6f, 0xf6, 0x14, 0x41,

    /* U+0028 "(" */
    0x0, 0x0, 0x89, 0x93, 0x0, 0x6, 0xff, 0xf0,
    0x0, 0xd, 0xff, 0x80, 0x0, 0x4f, 0xff, 0x20,
    0x0, 0xbf, 0xfc, 0x0, 0x1, 0xff, 0xf7, 0x0,
    0x5, 0xff, 0xf2, 0x0, 0xa, 0xff, 0xe0, 0x0,
    0xe, 0xff, 0x90, 0x0, 0x1f, 0xff, 0x60, 0x0,
    0x5f, 0xff, 0x30, 0x0, 0x7f, 0xff, 0x0, 0x0,
    0x9f, 0xfe, 0x0, 0x0, 0xbf, 0xfc, 0x0, 0x0,
    0xcf, 0xfb, 0x0, 0x0, 0xdf, 0xfa, 0x0, 0x0,
    0xdf, 0xfb, 0x0, 0x0, 0xcf, 0xfc, 0x0, 0x0,
    0xbf, 0xfd, 0x0, 0x0, 0x9f, 0xff, 0x0, 0x0,
    0x6f, 0xff, 0x20, 0x0, 0x3f, 0xff, 0x60, 0x0,
    0xf, 0xff, 0x90, 0x0, 0xa, 0xff, 0xe0, 0x0,
    0x4, 0xff, 0xf3, 0x0, 0x0, 0xef, 0xf9, 0x0,
    0x0, 0x9f, 0xfe, 0x0, 0x0, 0x1f, 0xff, 0x50,
    0x0, 0x9, 0xff, 0xc0, 0x0, 0x1, 0xff, 0xf3,

    /* U+0029 ")" */
    0x49, 0x97, 0x0, 0x0, 0x3f, 0xff, 0x30, 0x0,
    0xc, 0xff, 0xb0, 0x0, 0x5, 0xff, 0xf1, 0x0,
    0x0, 0xff, 0xf8, 0x0, 0x0, 0xaf, 0xfd, 0x0,
    0x0, 0x6f, 0xff, 0x20, 0x0, 0x1f, 0xff, 0x70,
    0x0, 0xd, 0xff, 0xb0, 0x0, 0x9, 0xff, 0xe0,
    0x0, 0x6, 0xff, 0xf1, 0x0, 0x3, 0xff, 0xf4,
    0x0, 0x1, 0xff, 0xf6, 0x0, 0x0, 0xff, 0xf8,
    0x0, 0x0, 0xef, 0xf9, 0x0, 0x0, 0xdf, 0xfa,
    0x0, 0x0, 0xef, 0xfa, 0x0, 0x0, 0xef, 0xf9,
    0x0, 0x0, 0xff, 0xf8, 0x0, 0x2, 0xff, 0xf6,
    0x0, 0x5, 0xff, 0xf3, 0x0, 0x8, 0xff, 0xf0,
    0x0, 0xc, 0xff, 0xb0, 0x0, 0x1f, 0xff, 0x70,
    0x0, 0x6f, 0xff, 0x10, 0x0, 0xcf, 0xfb, 0x0,
    0x2, 0xff, 0xf5, 0x0, 0x9, 0xff, 0xd0, 0x0,
    0xf, 0xff, 0x60, 0x0, 0x7f, 0xfd, 0x0, 0x0,

    /* U+002A "*" */
    0x0, 0x0, 0xe, 0xf8, 0x0, 0x0, 0x0, 0x0,
    0x0, 0xdf, 0x80, 0x0, 0x0, 0x8, 0x10, 0xc,
    0xf7, 0x0, 0x36, 0x7, 0xfe, 0x50, 0xcf, 0x60,
    0x8f, 0xf1, 0xaf, 0xff, 0xac, 0xf9, 0xdf, 0xff,
    0x50, 0x3b, 0xff, 0xff, 0xff, 0xf9, 0x10, 0x0,
    0x4, 0xff, 0xff, 0xc1, 0x0, 0x0, 0x6, 0xef,
    0xff, 0xff, 0xb3, 0x0, 0x5d, 0xff, 0xed, 0xfc,
    0xff, 0xfb, 0x2a, 0xff, 0xa1, 0xbf, 0x63, 0xdf,
    0xf4, 0x1d, 0x40, 0xc, 0xf7, 0x0, 0x8b, 0x0,
    0x0, 0x0, 0xdf, 0x70, 0x0, 0x0, 0x0, 0x0,
    0xe, 0xf8, 0x0, 0x0, 0x0, 0x0, 0x0, 0x45,
    0x20, 0x0, 0x0,

    /* U+002B "+" */
    0x0, 0x0, 0x0, 0x9, 0xaa, 0x20, 0x0, 0x0,
    0x0, 0x0, 0x0, 0x0, 0xdf, 0xf3, 0x0, 0x0,
    0x0, 0x0, 0x0, 0x0, 0xd, 0xff, 0x30, 0x0,
    0x0, 0x0, 0x0, 0x0, 0x0, 0xdf, 0xf3, 0x0,
    0x0, 0x0, 0x0, 0x0, 0x0, 0xd, 0xff, 0x30,
    0x0, 0x0, 0x0, 0x0, 0x0, 0x0, 0xdf, 0xf3,
    0x0, 0x0, 0x0, 0x0, 0x0, 0x0, 0xd, 0xff,
    0x30, 0x0, 0x0, 0x0, 0xff, 0xff, 0xff, 0xff,
    0xff, 0xff, 0xff, 0xf6, 0xf, 0xff, 0xff, 0xff,
    0xff, 0xff, 0xff, 0xff, 0x60, 0xff, 0xff, 0xff,
    0xff, 0xff, 0xff, 0xff, 0xf5, 0x0, 0x0, 0x0,
    0xd, 0xff, 0x30, 0x0, 0x0, 0x0, 0x0, 0x0,
    0x0, 0xdf, 0xf3, 0x0, 0x0, 0x0, 0x0, 0x0,
    0x0, 0xd, 0xff, 0x30, 0x0, 0x0, 0x0, 0x0,
    0x0, 0x0, 0xdf, 0xf3, 0x0, 0x0, 0x0, 0x0,
    0x0, 0x0, 0xd, 0xff, 0x30, 0x0, 0x0, 0x0,
    0x0, 0x0, 0x0, 0xdf, 0xf3, 0x0, 0x0, 0x0,

    /* U+002C "," */
    0x0, 0x35, 0x54, 0x0, 0xc, 0xff, 0xc0, 0x0,
    0xff, 0xf8, 0x0, 0x1f, 0xff, 0x40, 0x3, 0xff,
    0xf0, 0x0, 0x6f, 0xfb, 0x0, 0x8, 0xff, 0x60,
    0x0, 0xaf, 0xf2, 0x0, 0xd, 0xfd, 0x0, 0x0,
    0xff, 0x90, 0x0,

    /* U+002D "-" */
    0x0, 0x0, 0x0, 0x0, 0x0, 0xc, 0xff, 0xff,
    0xff, 0xff, 0xf9, 0xcf, 0xff, 0xff, 0xff, 0xff,
    0x9c, 0xff, 0xff, 0xff, 0xff, 0xf9,

    /* U+002E "." */
    0x3, 0x98, 0x10, 0x2f, 0xff, 0xc0, 0x6f, 0xff,
    0xf1, 0x4f, 0xff, 0xe0, 0x7, 0xed, 0x40,

    /* U+002F "/" */
    0x0, 0x0, 0x0, 0x0, 0x78, 0x81, 0x0, 0x0,
    0x0, 0x2, 0xff, 0xe0, 0x0, 0x0, 0x0, 0x6,
    0xff, 0xa0, 0x0, 0x0, 0x0, 0xa, 0xff, 0x60,
    0x0, 0x0, 0x0, 0xe, 0xff, 0x20, 0x0, 0x0,
    0x0, 0x3f, 0xfe, 0x0, 0x0, 0x0, 0x0, 0x7f,
    0xf9, 0x0, 0x0, 0x0, 0x0, 0xbf, 0xf5, 0x0,
    0x0, 0x0, 0x0, 0xff, 0xf1, 0x0, 0x0, 0x0,
    0x3, 0xff, 0xd0, 0x0, 0x0, 0x0, 0x8, 0xff,
    0x90, 0x0, 0x0, 0x0, 0xc, 0xff, 0x40, 0x0,
    0x0, 0x0, 0xf, 0xff, 0x0, 0x0, 0x0, 0x0,
    0x4f, 0xfc, 0x0, 0x0, 0x0, 0x0, 0x8f, 0xf8,
    0x0, 0x0, 0x0, 0x0, 0xdf, 0xf4, 0x0, 0x0,
    0x0, 0x1, 0xff, 0xf0, 0x0, 0x0, 0x0, 0x5,
    0xff, 0xb0, 0x0, 0x0, 0x0, 0x9, 0xff, 0x70,
    0x0, 0x0, 0x0, 0xe, 0xff, 0x30, 0x0, 0x0,
    0x0, 0x2f, 0xfe, 0x0, 0x0, 0x0, 0x0, 0x6f,
    0xfa, 0x0, 0x0, 0x0, 0x0, 0xaf, 0xf6, 0x0,
    0x0, 0x0, 0x0, 0xef, 0xf2, 0x0, 0x0, 0x0,
    0x3, 0xff, 0xe0, 0x0, 0x0, 0x0, 0x7, 0xff,
    0x90, 0x0, 0x0, 0x0, 0xb, 0xff, 0x50, 0x0,
    0x0, 0x0, 0xf, 0xff, 0x10, 0x0, 0x0, 0x0,
    0x3f, 0xfd, 0x0, 0x0, 0x0, 0x0,

    /* U+0030 "0" */
    0x0, 0x0, 0x1, 0x7c, 0xef, 0xeb, 0x50, 0x0,
    0x0, 0x0, 0x0, 0x5f, 0xff, 0xff, 0xff, 0xfc,
    0x20, 0x0, 0x0, 0x6, 0xff, 0xff, 0xff, 0xff,
    0xff, 0xe1, 0x0, 0x0, 0x2f, 0xff, 0xf8, 0x32,
    0x4b, 0xff, 0xfc, 0x0, 0x0, 0xbf, 0xff, 0x40,
    0x0, 0x0, 0xaf, 0xff, 0x60, 0x2, 0xff, 0xf9,
    0x0, 0x0, 0x0, 0xe, 0xff, 0xd0, 0x8, 0xff,
    0xf2, 0x0, 0x0, 0x0, 0x7, 0xff, 0xf2, 0xc,
    0xff, 0xc0, 0x0, 0x0, 0x0, 0x2, 0xff, 0xf6,
    0xf, 0xff, 0x90, 0x0, 0x0, 0x0, 0x0, 0xef,
    0xf9, 0x1f, 0xff, 0x60, 0x0, 0x0, 0x0, 0x0,
    0xcf, 0xfb, 0x2f, 0xff, 0x50, 0x0, 0x0, 0x0,
    0x0, 0xbf, 0xfc, 0x3f, 0xff, 0x40, 0x0, 0x0,
    0x0, 0x0, 0xaf, 0xfd, 0x3f, 0xff, 0x40, 0x0,
    0x0, 0x0, 0x0, 0xaf, 0xfd, 0x2f, 0xff, 0x50,
    0x0, 0x0, 0x0, 0x0, 0xbf, 0xfc, 0x1f, 0xff,
    0x60, 0x0, 0x0, 0x0, 0x0, 0xcf, 0xfc, 0xf,
    0xff, 0x90, 0x0, 0x0, 0x0, 0x0, 0xef, 0xf9,
    0xc, 0xff, 0xc0, 0x0, 0x0, 0x0, 0x2, 0xff,
    0xf6, 0x8, 0xff, 0xf1, 0x0, 0x0, 0x0, 0x7,
    0xff, 0xf2, 0x3, 0xff, 0xf9, 0x0, 0x0, 0x0,
    0xe, 0xff, 0xd0, 0x0, 0xcf, 0xff, 0x40, 0x0,
    0x0, 0xaf, 0xff, 0x60, 0x0, 0x3f, 0xff, 0xf8,
    0x32, 0x4b, 0xff, 0xfd, 0x0, 0x0, 0x6, 0xff,
    0xff, 0xff, 0xff, 0xff, 0xe2, 0x0, 0x0, 0x0,
    0x6f, 0xff, 0xff, 0xff, 0xfd, 0x20, 0x0, 0x0,
    0x0, 0x1, 0x7c, 0xef, 0xeb, 0x50, 0x0, 0x0,

    /* U+0031 "1" */
    0x0, 0x0, 0x3e, 0xff, 0xfb, 0x0, 0x7, 0xff,
    0xff, 0xfb, 0x1, 0xbf, 0xff, 0xff, 0xfb, 0x3e,
    0xff, 0xfb, 0xef, 0xfb, 0x8f, 0xff, 0x70, 0xdf,
    0xfb, 0x8f, 0xe3, 0x0, 0xdf, 0xfb, 0x8b, 0x10,
    0x0, 0xdf, 0xfb, 0x20, 0x0, 0x0, 0xdf, 0xfb,
    0x0, 0x0, 0x0, 0xdf, 0xfb, 0x0, 0x0, 0x0,
    0xdf, 0xfb, 0x0, 0x0, 0x0, 0xdf, 0xfb, 0x0,
    0x0, 0x0, 0xdf, 0xfb, 0x0, 0x0, 0x0, 0xdf,
    0xfb, 0x0, 0x0, 0x0, 0xdf, 0xfb, 0x0, 0x0,
    0x0, 0xdf, 0xfb, 0x0, 0x0, 0x0, 0xdf, 0xfb,
    0x0, 0x0, 0x0, 0xdf, 0xfb, 0x0, 0x0, 0x0,
    0xdf, 0xfb, 0x0, 0x0, 0x0, 0xdf, 0xfb, 0x0,
    0x0, 0x0, 0xdf, 0xfb, 0x0, 0x0, 0x0, 0xdf,
    0xfb, 0x0, 0x0, 0x0, 0xdf, 0xfb, 0x0, 0x0,
    0x0, 0xdf, 0xfb, 0x0, 0x0, 0x0, 0xdf, 0xfb,

    /* U+0032 "2" */
    0x0, 0x0, 0x5a, 0xdf, 0xed, 0x82, 0x0, 0x0,
    0x0, 0x2c, 0xff, 0xff, 0xff, 0xff, 0x80, 0x0,
    0x1, 0xef, 0xff, 0xff, 0xff, 0xff, 0xfa, 0x0,
    0xc, 0xff, 0xfa, 0x31, 0x26, 0xef, 0xff, 0x60,
    0x3f, 0xff, 0x80, 0x0, 0x0, 0x1e, 0xff, 0xd0,
    0x9f, 0xfe, 0x0, 0x0, 0x0, 0x6, 0xff, 0xf1,
    0xbf, 0xfb, 0x0, 0x0, 0x0, 0x3, 0xff, 0xf3,
    0x23, 0x32, 0x0, 0x0, 0x0, 0x4, 0xff, 0xf3,
    0x0, 0x0, 0x0, 0x0, 0x0, 0x7, 0xff, 0xf0,
    0x0, 0x0, 0x0, 0x0, 0x0, 0xe, 0xff, 0xa0,
    0x0, 0x0, 0x0, 0x0, 0x0, 0xaf, 0xff, 0x30,
    0x0, 0x0, 0x0, 0x0, 0x7, 0xff, 0xf8, 0x0,
    0x0, 0x0, 0x0, 0x0, 0x5f, 0xff, 0xc0, 0x0,
    0x0, 0x0, 0x0, 0x4, 0xff, 0xfe, 0x10, 0x0,
    0x0, 0x0, 0x0, 0x3f, 0xff, 0xe2, 0x0, 0x0,
    0x0, 0x0, 0x3, 0xff, 0xff, 0x30, 0x0, 0x0,
    0x0, 0x0, 0x2e, 0xff, 0xf4, 0x0, 0x0, 0x0,
    0x0, 0x2, 0xef, 0xff, 0x40, 0x0, 0x0, 0x0,
    0x0, 0x2e, 0xff, 0xf5, 0x0, 0x0, 0x0, 0x0,
    0x1, 0xdf, 0xff, 0x60, 0x0, 0x0, 0x0, 0x0,
    0x1d, 0xff, 0xfa, 0x33, 0x33, 0x33, 0x33, 0x32,
    0xaf, 0xff, 0xff, 0xff, 0xff, 0xff, 0xff, 0xfa,
    0xcf, 0xff, 0xff, 0xff, 0xff, 0xff, 0xff, 0xfa,
    0xcf, 0xff, 0xff, 0xff, 0xff, 0xff, 0xff, 0xfa,

    /* U+0033 "3" */
    0x0, 0x0, 0x4, 0x9d, 0xef, 0xda, 0x50, 0x0,
    0x0, 0x0, 0x2, 0xcf, 0xff, 0xff, 0xff, 0xfc,
    0x20, 0x0, 0x0, 0x2e, 0xff, 0xff, 0xff, 0xff,
    0xff, 0xe1, 0x0, 0x0, 0xdf, 0xff, 0xb4, 0x21,
    0x4c, 0xff, 0xfb, 0x0, 0x5, 0xff, 0xf7, 0x0,
    0x0, 0x0, 0xaf, 0xff, 0x20, 0x8, 0xff, 0xe0,
    0x0, 0x0, 0x0, 0x2f, 0xff, 0x50, 0x3, 0x55,
    0x30, 0x0, 0x0, 0x0, 0xf, 0xff, 0x60, 0x0,
    0x0, 0x0, 0x0, 0x0, 0x0, 0x2f, 0xff, 0x40,
    0x0, 0x0, 0x0, 0x0, 0x0, 0x0, 0xbf, 0xfe,
    0x0, 0x0, 0x0, 0x0, 0x0, 0x1, 0x4c, 0xff,
    0xf5, 0x0, 0x0, 0x0, 0x0, 0x5f, 0xff, 0xff,
    0xfe, 0x40, 0x0, 0x0, 0x0, 0x0, 0x5f, 0xff,
    0xff, 0xc3, 0x0, 0x0, 0x0, 0x0, 0x0, 0x5f,
    0xff, 0xff, 0xff, 0xc2, 0x0, 0x0, 0x0, 0x0,
    0x0, 0x0, 0x39, 0xff, 0xfe, 0x20, 0x0, 0x0,
    0x0, 0x0, 0x0, 0x0, 0x5f, 0xff, 0xb0, 0x0,
    0x0, 0x0, 0x0, 0x0, 0x0, 0xa, 0xff, 0xf1,
    0x0, 0x0, 0x0, 0x0, 0x0, 0x0, 0x5, 0xff,
    0xf3, 0x18, 0x88, 0x30, 0x0, 0x0, 0x0, 0x5,
    0xff, 0xf4, 0xf, 0xff, 0xa0, 0x0, 0x0, 0x0,
    0xa, 0xff, 0xf2, 0xc, 0xff, 0xf5, 0x0, 0x0,
    0x0, 0x5f, 0xff, 0xd0, 0x4, 0xff, 0xff, 0xb5,
    0x22, 0x4a, 0xff, 0xff, 0x50, 0x0, 0x7f, 0xff,
    0xff, 0xff, 0xff, 0xff, 0xf7, 0x0, 0x0, 0x5,
    0xef, 0xff, 0xff, 0xff, 0xfe, 0x50, 0x0, 0x0,
    0x0, 0x16, 0xbd, 0xff, 0xdb, 0x61, 0x0, 0x0,

    /* U+0034 "4" */
    0x0, 0x0, 0x0, 0x0, 0x0, 0x8f, 0xff, 0xf3,
    0x0, 0x0, 0x0, 0x0, 0x0, 0x0, 0x2f, 0xff,
    0xff, 0x30, 0x0, 0x0, 0x0, 0x0, 0x0, 0xb,
    0xff, 0xff, 0xf3, 0x0, 0x0, 0x0, 0x0, 0x0,
    0x5, 0xff, 0xff, 0xff, 0x30, 0x0, 0x0, 0x0,
    0x0, 0x1, 0xef, 0xfb, 0xff, 0xf3, 0x0, 0x0,
    0x0, 0x0, 0x0, 0x9f, 0xfe, 0x3f, 0xff, 0x30,
    0x0, 0x0, 0x0, 0x0, 0x3f, 0xff, 0x42, 0xff,
    0xf3, 0x0, 0x0, 0x0, 0x0, 0xd, 0xff, 0xb0,
    0x2f, 0xff, 0x30, 0x0, 0x0, 0x0, 0x7, 0xff,
    0xf1, 0x2, 0xff, 0xf3, 0x0, 0x0, 0x0, 0x2,
    0xff, 0xf7, 0x0, 0x2f, 0xff, 0x30, 0x0, 0x0,
    0x0, 0xbf, 0xfd, 0x0, 0x2, 0xff, 0xf3, 0x0,
    0x0, 0x0, 0x5f, 0xff, 0x40, 0x0, 0x2f, 0xff,
    0x30, 0x0, 0x0, 0xe, 0xff, 0xa0, 0x0, 0x2,
    0xff, 0xf3, 0x0, 0x0, 0x9, 0xff, 0xe1, 0x0,
    0x0, 0x2f, 0xff, 0x30, 0x0, 0x3, 0xff, 0xf6,
    0x0, 0x0, 0x2, 0xff, 0xf3, 0x0, 0x0, 0xcf,
    0xfc, 0x0, 0x0, 0x0, 0x2f, 0xff, 0x30, 0x0,
    0x3f, 0xff, 0xff, 0xff, 0xff, 0xff, 0xff, 0xff,
    0xff, 0x43, 0xff, 0xff, 0xff, 0xff, 0xff, 0xff,
    0xff, 0xff, 0xf4, 0x3f, 0xff, 0xff, 0xff, 0xff,
    0xff, 0xff, 0xff, 0xff, 0x40, 0x11, 0x11, 0x11,
    0x11, 0x11, 0x4f, 0xff, 0x41, 0x10, 0x0, 0x0,
    0x0, 0x0, 0x0, 0x3, 0xff, 0xf3, 0x0, 0x0,
    0x0, 0x0, 0x0, 0x0, 0x0, 0x3f, 0xff, 0x30,
    0x0, 0x0, 0x0, 0x0, 0x0, 0x0, 0x3, 0xff,
    0xf3, 0x0, 0x0, 0x0, 0x0, 0x0, 0x0, 0x0,
    0x3f, 0xff, 0x30, 0x0,

    /* U+0035 "5" */
    0x0, 0x8f, 0xff, 0xff, 0xff, 0xff, 0xff, 0xf6,
    0x0, 0xa, 0xff, 0xff, 0xff, 0xff, 0xff, 0xff,
    0x60, 0x0, 0xcf, 0xff, 0xff, 0xff, 0xff, 0xff,
    0xf6, 0x0, 0xd, 0xff, 0x71, 0x11, 0x11, 0x11,
    0x11, 0x0, 0x0, 0xff, 0xf5, 0x0, 0x0, 0x0,
    0x0, 0x0, 0x0, 0x1f, 0xff, 0x30, 0x0, 0x0,
    0x0, 0x0, 0x0, 0x3, 0xff, 0xf1, 0x0, 0x0,
    0x0, 0x0, 0x0, 0x0, 0x4f, 0xff, 0x0, 0x0,
    0x0, 0x0, 0x0, 0x0, 0x6, 0xff, 0xe0, 0x6b,
    0xef, 0xd9, 0x20, 0x0, 0x0, 0x8f, 0xfe, 0xdf,
    0xff, 0xff, 0xff, 0x70, 0x0, 0xa, 0xff, 0xff,
    0xff, 0xff, 0xff, 0xff, 0x90, 0x0, 0xbf, 0xff,
    0xb5, 0x10, 0x28, 0xff, 0xff, 0x40, 0x0, 0x13,
    0x40, 0x0, 0x0, 0x4, 0xff, 0xfc, 0x0, 0x0,
    0x0, 0x0, 0x0, 0x0, 0x9, 0xff, 0xf2, 0x0,
    0x0, 0x0, 0x0, 0x0, 0x0, 0x2f, 0xff, 0x50,
    0x0, 0x0, 0x0, 0x0, 0x0, 0x0, 0xff, 0xf7,
    0x0, 0x0, 0x0, 0x0, 0x0, 0x0, 0xf, 0xff,
    0x71, 0x88, 0x82, 0x0, 0x0, 0x0, 0x2, 0xff,
    0xf6, 0xf, 0xff, 0x80, 0x0, 0x0, 0x0, 0x8f,
    0xff, 0x20, 0xbf, 0xff, 0x30, 0x0, 0x0, 0x3f,
    0xff, 0xc0, 0x4, 0xff, 0xff, 0x83, 0x12, 0x8f,
    0xff, 0xf3, 0x0, 0x8, 0xff, 0xff, 0xff, 0xff,
    0xff, 0xf6, 0x0, 0x0, 0x6, 0xff, 0xff, 0xff,
    0xff, 0xf5, 0x0, 0x0, 0x0, 0x1, 0x7c, 0xef,
    0xec, 0x71, 0x0, 0x0,

    /* U+0036 "6" */
    0x0, 0x0, 0x0, 0x6b, 0xef, 0xec, 0x71, 0x0,
    0x0, 0x0, 0x0, 0x3d, 0xff, 0xff, 0xff, 0xfe,
    0x60, 0x0, 0x0, 0x3, 0xff, 0xff, 0xff, 0xff,
    0xff, 0xf6, 0x0, 0x0, 0xe, 0xff, 0xfa, 0x53,
    0x59, 0xff, 0xff, 0x20, 0x0, 0x8f, 0xff, 0x50,
    0x0, 0x0, 0x4f, 0xff, 0xb0, 0x0, 0xff, 0xf8,
    0x0, 0x0, 0x0, 0xa, 0xff, 0xf0, 0x5, 0xff,
    0xf0, 0x0, 0x0, 0x0, 0x1, 0x33, 0x30, 0xa,
    0xff, 0xa0, 0x0, 0x0, 0x0, 0x0, 0x0, 0x0,
    0xd, 0xff, 0x70, 0x5, 0xbd, 0xec, 0x81, 0x0,
    0x0, 0xf, 0xff, 0x42, 0xdf, 0xff, 0xff, 0xff,
    0x50, 0x0, 0x2f, 0xff, 0x5e, 0xff, 0xff, 0xff,
    0xff, 0xf6, 0x0, 0x3f, 0xff, 0xef, 0xe7, 0x10,
    0x29, 0xff, 0xff, 0x30, 0x3f, 0xff, 0xfe, 0x20,
    0x0, 0x0, 0x5f, 0xff, 0xa0, 0x3f, 0xff, 0xf5,
    0x0, 0x0, 0x0, 0xa, 0xff, 0xf1, 0x2f, 0xff,
    0xe0, 0x0, 0x0, 0x0, 0x4, 0xff, 0xf3, 0x1f,
    0xff, 0xb0, 0x0, 0x0, 0x0, 0x1, 0xff, 0xf5,
    0xe, 0xff, 0xb0, 0x0, 0x0, 0x0, 0x2, 0xff,
    0xf5, 0xb, 0xff, 0xe0, 0x0, 0x0, 0x0, 0x5,
    0xff, 0xf3, 0x5, 0xff, 0xf4, 0x0, 0x0, 0x0,
    0xb, 0xff, 0xf0, 0x0, 0xef, 0xfe, 0x20, 0x0,
    0x0, 0x7f, 0xff, 0xa0, 0x0, 0x5f, 0xff, 0xe7,
    0x21, 0x3a, 0xff, 0xfe, 0x10, 0x0, 0x9, 0xff,
    0xff, 0xff, 0xff, 0xff, 0xf4, 0x0, 0x0, 0x0,
    0x7f, 0xff, 0xff, 0xff, 0xfe, 0x30, 0x0, 0x0,
    0x0, 0x1, 0x8c, 0xef, 0xeb, 0x60, 0x0, 0x0,

    /* U+0037 "7" */
    0x9f, 0xff, 0xff, 0xff, 0xff, 0xff, 0xff, 0xfd,
    0x9f, 0xff, 0xff, 0xff, 0xff, 0xff, 0xff, 0xfd,
    0x9f, 0xff, 0xff, 0xff, 0xff, 0xff, 0xff, 0xfd,
    0x13, 0x33, 0x33, 0x33, 0x33, 0x34, 0xff, 0xfb,
    0x0, 0x0, 0x0, 0x0, 0x0, 0x8, 0xff, 0xf3,
    0x0, 0x0, 0x0, 0x0, 0x0, 0xf, 0xff, 0xb0,
    0x0, 0x0, 0x0, 0x0, 0x0, 0x7f, 0xff, 0x40,
    0x0, 0x0, 0x0, 0x0, 0x0, 0xef, 0xfc, 0x0,
    0x0, 0x0, 0x0, 0x0, 0x7, 0xff, 0xf4, 0x0,
    0x0, 0x0, 0x0, 0x0, 0xe, 0xff, 0xc0, 0x0,
    0x0, 0x0, 0x0, 0x0, 0x6f, 0xff, 0x40, 0x0,
    0x0, 0x0, 0x0, 0x0, 0xef, 0xfd, 0x0, 0x0,
    0x0, 0x0, 0x0, 0x6, 0xff, 0xf5, 0x0, 0x0,
    0x0, 0x0, 0x0, 0xd, 0xff, 0xd0, 0x0, 0x0,
    0x0, 0x0, 0x0, 0x6f, 0xff, 0x50, 0x0, 0x0,
    0x0, 0x0, 0x0, 0xdf, 0xfd, 0x0, 0x0, 0x0,
    0x0, 0x0, 0x5, 0xff, 0xf6, 0x0, 0x0, 0x0,
    0x0, 0x0, 0xd, 0xff, 0xe0, 0x0, 0x0, 0x0,
    0x0, 0x0, 0x5f, 0xff, 0x60, 0x0, 0x0, 0x0,
    0x0, 0x0, 0xcf, 0xfe, 0x0, 0x0, 0x0, 0x0,
    0x0, 0x4, 0xff, 0xf7, 0x0, 0x0, 0x0, 0x0,
    0x0, 0xc, 0xff, 0xe0, 0x0, 0x0, 0x0, 0x0,
    0x0, 0x4f, 0xff, 0x70, 0x0, 0x0, 0x0, 0x0,
    0x0, 0xcf, 0xfe, 0x0, 0x0, 0x0, 0x0, 0x0,

    /* U+0038 "8" */
    0x0, 0x0, 0x4, 0xad, 0xff, 0xda, 0x50, 0x0,
    0x0, 0x0, 0x2, 0xcf, 0xff, 0xff, 0xff, 0xfc,
    0x20, 0x0, 0x0, 0x1e, 0xff, 0xff, 0xff, 0xff,
    0xff, 0xe2, 0x0, 0x0, 0xbf, 0xff, 0xc4, 0x10,
    0x3b, 0xff, 0xfc, 0x0, 0x2, 0xff, 0xfb, 0x0,
    0x0, 0x0, 0x9f, 0xff, 0x30, 0x4, 0xff, 0xf3,
    0x0, 0x0, 0x0, 0x1f, 0xff, 0x60, 0x5, 0xff,
    0xf1, 0x0, 0x0, 0x0, 0xf, 0xff, 0x70, 0x3,
    0xff, 0xf3, 0x0, 0x0, 0x0, 0x1f, 0xff, 0x50,
    0x0, 0xdf, 0xfb, 0x0, 0x0, 0x0, 0xaf, 0xfe,
    0x0, 0x0, 0x3f, 0xff, 0xc4, 0x11, 0x3b, 0xff,
    0xf5, 0x0, 0x0, 0x4, 0xdf, 0xff, 0xff, 0xff,
    0xfe, 0x50, 0x0, 0x0, 0x0, 0x5d, 0xff, 0xff,
    0xff, 0xe6, 0x0, 0x0, 0x0, 0x2d, 0xff, 0xff,
    0xee, 0xff, 0xff, 0xd2, 0x0, 0x1, 0xef, 0xff,
    0x81, 0x0, 0x17, 0xff, 0xfe, 0x10, 0x8, 0xff,
    0xf4, 0x0, 0x0, 0x0, 0x3f, 0xff, 0xa0, 0xe,
    0xff, 0xb0, 0x0, 0x0, 0x0, 0x9, 0xff, 0xf1,
    0x2f, 0xff, 0x60, 0x0, 0x0, 0x0, 0x5, 0xff,
    0xf4, 0x3f, 0xff, 0x60, 0x0, 0x0, 0x0, 0x4,
    0xff, 0xf5, 0x1f, 0xff, 0x90, 0x0, 0x0, 0x0,
    0x8, 0xff, 0xf4, 0xd, 0xff, 0xf3, 0x0, 0x0,
    0x0, 0x2f, 0xff, 0xf0, 0x5, 0xff, 0xff, 0x71,
    0x0, 0x16, 0xef, 0xff, 0x70, 0x0, 0x8f, 0xff,
    0xff, 0xff, 0xff, 0xff, 0xf9, 0x0, 0x0, 0x6,
    0xef, 0xff, 0xff, 0xff, 0xff, 0x70, 0x0, 0x0,
    0x0, 0x16, 0xbd, 0xff, 0xdb, 0x61, 0x0, 0x0,

    /* U+0039 "9" */
    0x0, 0x0, 0x5, 0xae, 0xff, 0xd9, 0x20, 0x0,
    0x0, 0x0, 0x1, 0xcf, 0xff, 0xff, 0xff, 0xf9,
    0x0, 0x0, 0x0, 0x2e, 0xff, 0xff, 0xff, 0xff,
    0xff, 0xb0, 0x0, 0x0, 0xcf, 0xff, 0xc5, 0x22,
    0x6e, 0xff, 0xf8, 0x0, 0x7, 0xff, 0xfa, 0x0,
    0x0, 0x1, 0xdf, 0xff, 0x10, 0xd, 0xff, 0xe0,
    0x0, 0x0, 0x0, 0x2f, 0xff, 0x80, 0x1f, 0xff,
    0x80, 0x0, 0x0, 0x0, 0xb, 0xff, 0xd0, 0x3f,
    0xff, 0x50, 0x0, 0x0, 0x0, 0x8, 0xff, 0xf1,
    0x3f, 0xff, 0x40, 0x0, 0x0, 0x0, 0x8, 0xff,
    0xf3, 0x1f, 0xff, 0x70, 0x0, 0x0, 0x0, 0xb,
    0xff, 0xf5, 0xe, 0xff, 0xd0, 0x0, 0x0, 0x0,
    0x2f, 0xff, 0xf6, 0x8, 0xff, 0xf8, 0x0, 0x0,
    0x1, 0xdf, 0xff, 0xf6, 0x1, 0xef, 0xff, 0xa3,
    0x1, 0x5e, 0xfe, 0xff, 0xf5, 0x0, 0x4f, 0xff,
    0xff, 0xff, 0xff, 0xf4, 0xff, 0xf4, 0x0, 0x4,
    0xef, 0xff, 0xff, 0xfe, 0x41, 0xff, 0xf2, 0x0,
    0x0, 0x6, 0xbd, 0xec, 0x71, 0x4, 0xff, 0xf0,
    0x0, 0x0, 0x0, 0x0, 0x0, 0x0, 0x7, 0xff,
    0xd0, 0x4, 0x44, 0x20, 0x0, 0x0, 0x0, 0xd,
    0xff, 0x80, 0xd, 0xff, 0xc0, 0x0, 0x0, 0x0,
    0x5f, 0xff, 0x20, 0x8, 0xff, 0xf7, 0x0, 0x0,
    0x3, 0xff, 0xfb, 0x0, 0x1, 0xff, 0xff, 0xb5,
    0x34, 0x9f, 0xff, 0xf2, 0x0, 0x0, 0x4f, 0xff,
    0xff, 0xff, 0xff, 0xff, 0x50, 0x0, 0x0, 0x4,
    0xef, 0xff, 0xff, 0xff, 0xe4, 0x0, 0x0, 0x0,
    0x0, 0x6, 0xbe, 0xfe, 0xc7, 0x10, 0x0, 0x0,

    /* U+003A ":" */
    0x7, 0xed, 0x40, 0x3f, 0xff, 0xe0, 0x6f, 0xff,
    0xf1, 0x2f, 0xff, 0xc0, 0x3, 0x98, 0x10, 0x0,
    0x0, 0x0, 0x0, 0x0, 0x0, 0x0, 0x0, 0x0,
    0x0, 0x0, 0x0, 0x0, 0x0, 0x0, 0x0, 0x0,
    0x0, 0x0, 0x0, 0x0, 0x3, 0x98, 0x10, 0x2f,
    0xff, 0xc0, 0x6f, 0xff, 0xf1, 0x4f, 0xff, 0xe0,
    0x7, 0xed, 0x40,

    /* U+003B ";" */
    0x0, 0x3d, 0xf9, 0x0, 0xd, 0xff, 0xf5, 0x0,
    0xff, 0xff, 0x70, 0xb, 0xff, 0xf3, 0x0, 0x8,
    0xa4, 0x0, 0x0, 0x0, 0x0, 0x0, 0x0, 0x0,
    0x0, 0x0, 0x0, 0x0, 0x0, 0x0, 0x0, 0x0,
    0x0, 0x0, 0x0, 0x0, 0x0, 0x0, 0x0, 0x0,
    0x0, 0x0, 0x0, 0x0, 0x0, 0x0, 0x3, 0x55,
    0x40, 0x0, 0xcf, 0xfc, 0x0, 0xf, 0xff, 0x80,
    0x1, 0xff, 0xf4, 0x0, 0x3f, 0xff, 0x0, 0x6,
    0xff, 0xb0, 0x0, 0x8f, 0xf6, 0x0, 0xa, 0xff,
    0x20, 0x0, 0xdf, 0xd0, 0x0, 0xf, 0xf9, 0x0,
    0x0,

    /* U+003C "<" */
    0x0, 0x0, 0x0, 0x0, 0x0, 0x0, 0x0, 0x0,
    0x0, 0x0, 0x0, 0x0, 0x0, 0x0, 0x0, 0x7b,
    0x0, 0x0, 0x0, 0x0, 0x0, 0x0, 0x7e, 0xfd,
    0x0, 0x0, 0x0, 0x0, 0x0, 0x7e, 0xff, 0xfd,
    0x0, 0x0, 0x0, 0x1, 0x8f, 0xff, 0xff, 0xf8,
    0x0, 0x0, 0x1, 0x8f, 0xff, 0xff, 0xf9, 0x10,
    0x0, 0x1, 0x8f, 0xff, 0xff, 0xe7, 0x10, 0x0,
    0x1, 0x8f, 0xff, 0xff, 0xd6, 0x0, 0x0, 0x0,
    0x3f, 0xff, 0xff, 0xc5, 0x0, 0x0, 0x0, 0x0,
    0x5f, 0xff, 0xf4, 0x0, 0x0, 0x0, 0x0, 0x0,
    0x5f, 0xff, 0xfe, 0x60, 0x0, 0x0, 0x0, 0x0,
    0x6, 0xdf, 0xff, 0xfe, 0x81, 0x0, 0x0, 0x0,
    0x0, 0x6, 0xdf, 0xff, 0xff, 0x92, 0x0, 0x0,
    0x0, 0x0, 0x5, 0xdf, 0xff, 0xff, 0xa3, 0x0,
    0x0, 0x0, 0x0, 0x5, 0xdf, 0xff, 0xff, 0xc4,
    0x0, 0x0, 0x0, 0x0, 0x5, 0xcf, 0xff, 0xfd,
    0x0, 0x0, 0x0, 0x0, 0x0, 0x4, 0xcf, 0xfd,
    0x0, 0x0, 0x0, 0x0, 0x0, 0x0, 0x4, 0xcd,
    0x0, 0x0, 0x0, 0x0, 0x0, 0x0, 0x0, 0x2,

    /* U+003D "=" */
    0x1, 0x11, 0x11, 0x11, 0x11, 0x11, 0x11, 0x1a,
    0xff, 0xff, 0xff, 0xff, 0xff, 0xff, 0xff, 0xaf,
    0xff, 0xff, 0xff, 0xff, 0xff, 0xff, 0xfa, 0xff,
    0xff, 0xff, 0xff, 0xff, 0xff, 0xff, 0x0, 0x0,
    0x0, 0x0, 0x0, 0x0, 0x0, 0x0, 0x0, 0x0,
    0x0, 0x0, 0x0, 0x0, 0x0, 0x0, 0x0, 0x0,
    0x0, 0x0, 0x0, 0x0, 0x0, 0x11, 0x11, 0x11,
    0x11, 0x11, 0x11, 0x11, 0xaf, 0xff, 0xff, 0xff,
    0xff, 0xff, 0xff, 0xfa, 0xff, 0xff, 0xff, 0xff,
    0xff, 0xff, 0xff, 0xaf, 0xff, 0xff, 0xff, 0xff,
    0xff, 0xff, 0xf0,

    /* U+003E ">" */
    0x0, 0x0, 0x0, 0x0, 0x0, 0x0, 0x0, 0x0,
    0x7a, 0x20, 0x0, 0x0, 0x0, 0x0, 0x0, 0x0,
    0x7f, 0xfa, 0x20, 0x0, 0x0, 0x0, 0x0, 0x0,
    0x7f, 0xff, 0xfa, 0x20, 0x0, 0x0, 0x0, 0x0,
    0x4e, 0xff, 0xff, 0xfa, 0x30, 0x0, 0x0, 0x0,
    0x0, 0x6d, 0xff, 0xff, 0xfb, 0x30, 0x0, 0x0,
    0x0, 0x0, 0x5c, 0xff, 0xff, 0xfb, 0x30, 0x0,
    0x0, 0x0, 0x0, 0x4b, 0xff, 0xff, 0xfb, 0x30,
    0x0, 0x0, 0x0, 0x0, 0x2a, 0xff, 0xff, 0xf8,
    0x0, 0x0, 0x0, 0x0, 0x0, 0x1b, 0xff, 0xfa,
    0x0, 0x0, 0x0, 0x0, 0x4, 0xbf, 0xff, 0xfa,
    0x0, 0x0, 0x0, 0x5, 0xcf, 0xff, 0xff, 0x91,
    0x0, 0x0, 0x6, 0xef, 0xff, 0xff, 0x81, 0x0,
    0x0, 0x18, 0xef, 0xff, 0xff, 0x81, 0x0, 0x0,
    0x19, 0xff, 0xff, 0xff, 0x81, 0x0, 0x0, 0x0,
    0x7f, 0xff, 0xfe, 0x70, 0x0, 0x0, 0x0, 0x0,
    0x7f, 0xfe, 0x70, 0x0, 0x0, 0x0, 0x0, 0x0,
    0x7e, 0x70, 0x0, 0x0, 0x0, 0x0, 0x0, 0x0,
    0x20, 0x0, 0x0, 0x0, 0x0, 0x0, 0x0, 0x0,

    /* U+003F "?" */
    0x0, 0x1, 0x7c, 0xef, 0xeb, 0x50, 0x0, 0x0,
    0x6, 0xff, 0xff, 0xff, 0xff, 0xd2, 0x0, 0x5,
    0xff, 0xff, 0xff, 0xff, 0xff, 0xe1, 0x0, 0xff,
    0xff, 0x81, 0x3, 0xbf, 0xff, 0xa0, 0x6f, 0xff,
    0x60, 0x0, 0x0, 0xbf, 0xff, 0x19, 0xff, 0xf0,
    0x0, 0x0, 0x5, 0xff, 0xf3, 0x46, 0x65, 0x0,
    0x0, 0x0, 0x4f, 0xff, 0x40, 0x0, 0x0, 0x0,
    0x0, 0x7, 0xff, 0xf2, 0x0, 0x0, 0x0, 0x0,
    0x1, 0xef, 0xfd, 0x0, 0x0, 0x0, 0x0, 0x2,
    0xdf, 0xff, 0x60, 0x0, 0x0, 0x0, 0x7, 0xff,
    0xff, 0x90, 0x0, 0x0, 0x0, 0x9, 0xff, 0xff,
    0x70, 0x0, 0x0, 0x0, 0x4, 0xff, 0xfd, 0x20,
    0x0, 0x0, 0x0, 0x0, 0xaf, 0xfe, 0x10, 0x0,
    0x0, 0x0, 0x0, 0xd, 0xff, 0x80, 0x0, 0x0,
    0x0, 0x0, 0x0, 0xff, 0xf5, 0x0, 0x0, 0x0,
    0x0, 0x0, 0x9, 0xaa, 0x30, 0x0, 0x0, 0x0,
    0x0, 0x0, 0x0, 0x0, 0x0, 0x0, 0x0, 0x0,
    0x0, 0x0, 0x0, 0x0, 0x0, 0x0, 0x0, 0x0,
    0x0, 0x49, 0x70, 0x0, 0x0, 0x0, 0x0, 0x0,
    0x4f, 0xff, 0xa0, 0x0, 0x0, 0x0, 0x0, 0x9,
    0xff, 0xff, 0x0, 0x0, 0x0, 0x0, 0x0, 0x7f,
    0xff, 0xd0, 0x0, 0x0, 0x0, 0x0, 0x0, 0xaf,
    0xd3, 0x0, 0x0, 0x0,

    /* U+0040 "@" */
    0x0, 0x0, 0x0, 0x0, 0x0, 0x26, 0x8a, 0xbb,
    0xa9, 0x62, 0x0, 0x0, 0x0, 0x0, 0x0, 0x0,
    0x0, 0x0, 0x7, 0xdf, 0xff, 0xff, 0xff, 0xff,
    0xfd, 0x50, 0x0, 0x0, 0x0, 0x0, 0x0, 0x0,
    0x5e, 0xff, 0xff, 0xff, 0xff, 0xff, 0xff, 0xff,
    0xd3, 0x0, 0x0, 0x0, 0x0, 0x0, 0x9f, 0xff,
    0xfc, 0x74, 0x10, 0x1, 0x36, 0xbf, 0xff, 0xf5,
    0x0, 0x0, 0x0, 0x0, 0xaf, 0xff, 0xc3, 0x0,
    0x0, 0x0, 0x0, 0x0, 0x2b, 0xff, 0xf6, 0x0,
    0x0, 0x0, 0x7f, 0xff, 0x90, 0x0, 0x0, 0x0,
    0x0, 0x0, 0x0, 0x8, 0xff, 0xf3, 0x0, 0x0,
    0x2f, 0xff, 0x90, 0x0, 0x0, 0x0, 0x0, 0x0,
    0x0, 0x0, 0x9, 0xff, 0xd0, 0x0, 0xa, 0xff,
    0xc0, 0x0, 0x0, 0x18, 0xbc, 0xa5, 0x3, 0x66,
    0x10, 0xd, 0xff, 0x50, 0x1, 0xff, 0xf3, 0x0,
    0x0, 0x7f, 0xff, 0xff, 0xfb, 0x9f, 0xf2, 0x0,
    0x5f, 0xfc, 0x0, 0x6f, 0xfc, 0x0, 0x0, 0x7f,
    0xff, 0xff, 0xff, 0xff, 0xff, 0x20, 0x0, 0xef,
    0xf1, 0xb, 0xff, 0x70, 0x0, 0x2f, 0xff, 0x81,
    0x1, 0x7f, 0xff, 0xf2, 0x0, 0x9, 0xff, 0x50,
    0xef, 0xf3, 0x0, 0xa, 0xff, 0x70, 0x0, 0x0,
    0x4f, 0xff, 0x20, 0x0, 0x6f, 0xf8, 0xf, 0xff,
    0x0, 0x0, 0xff, 0xe0, 0x0, 0x0, 0x0, 0xdf,
    0xf2, 0x0, 0x4, 0xff, 0x92, 0xff, 0xe0, 0x0,
    0x2f, 0xf9, 0x0, 0x0, 0x0, 0xa, 0xff, 0x20,
    0x0, 0x3f, 0xfa, 0x3f, 0xfd, 0x0, 0x4, 0xff,
    0x70, 0x0, 0x0, 0x0, 0x9f, 0xf2, 0x0, 0x4,
    0xff, 0x93, 0xff, 0xd0, 0x0, 0x4f, 0xf8, 0x0,
    0x0, 0x0, 0x9, 0xff, 0x20, 0x0, 0x4f, 0xf8,
    0x2f, 0xfe, 0x0, 0x2, 0xff, 0x90, 0x0, 0x0,
    0x0, 0xbf, 0xf2, 0x0, 0x6, 0xff, 0x71, 0xff,
    0xf0, 0x0, 0xf, 0xfd, 0x0, 0x0, 0x0, 0xe,
    0xff, 0x20, 0x0, 0x8f, 0xf5, 0xf, 0xff, 0x20,
    0x0, 0xbf, 0xf5, 0x0, 0x0, 0x5, 0xff, 0xf3,
    0x0, 0xb, 0xff, 0x10, 0xcf, 0xf5, 0x0, 0x5,
    0xff, 0xf5, 0x0, 0x5, 0xff, 0xff, 0x70, 0x3,
    0xff, 0xc0, 0x8, 0xff, 0xa0, 0x0, 0xc, 0xff,
    0xfe, 0xdf, 0xff, 0xbf, 0xff, 0x99, 0xff, 0xf4,
    0x0, 0x3f, 0xff, 0x10, 0x0, 0x1c, 0xff, 0xff,
    0xff, 0xb0, 0xcf, 0xff, 0xff, 0xf8, 0x0, 0x0,
    0xcf, 0xf9, 0x0, 0x0, 0x7, 0xcf, 0xfd, 0x70,
    0x0, 0x7c, 0xfe, 0xc5, 0x0, 0x0, 0x5, 0xff,
    0xf5, 0x0, 0x0, 0x0, 0x0, 0x0, 0x0, 0x0,
    0x0, 0x0, 0x0, 0x0, 0x0, 0xb, 0xff, 0xf5,
    0x0, 0x0, 0x0, 0x0, 0x0, 0x0, 0x0, 0x0,
    0x0, 0x0, 0x0, 0x0, 0x1d, 0xff, 0xf8, 0x10,
    0x0, 0x0, 0x0, 0x0, 0x0, 0x0, 0x0, 0x0,
    0x0, 0x0, 0x0, 0x2d, 0xff, 0xff, 0x94, 0x0,
    0x0, 0x0, 0x15, 0x9b, 0x0, 0x0, 0x0, 0x0,
    0x0, 0x0, 0xa, 0xff, 0xff, 0xff, 0xed, 0xcd,
    0xef, 0xff, 0xf2, 0x0, 0x0, 0x0, 0x0, 0x0,
    0x0, 0x3, 0xbf, 0xff, 0xff, 0xff, 0xff, 0xff,
    0xff, 0x40, 0x0, 0x0, 0x0, 0x0, 0x0, 0x0,
    0x0, 0x15, 0x9c, 0xdf, 0xfe, 0xdb, 0x84, 0x0,
    0x0, 0x0, 0x0,

    /* U+0041 "A" */
    0x0, 0x0, 0x0, 0x0, 0x1f, 0xff, 0xfa, 0x0,
    0x0, 0x0, 0x0, 0x0, 0x0, 0x0, 0x0, 0x7f,
    0xff, 0xff, 0x0, 0x0, 0x0, 0x0, 0x0, 0x0,
    0x0, 0x0, 0xcf, 0xff, 0xff, 0x50, 0x0, 0x0,
    0x0, 0x0, 0x0, 0x0, 0x2, 0xff, 0xfb, 0xff,
    0xa0, 0x0, 0x0, 0x0, 0x0, 0x0, 0x0, 0x7,
    0xff, 0xd5, 0xff, 0xf0, 0x0, 0x0, 0x0, 0x0,
    0x0, 0x0, 0xd, 0xff, 0x91, 0xff, 0xf6, 0x0,
    0x0, 0x0, 0x0, 0x0, 0x0, 0x2f, 0xff, 0x40,
    0xcf, 0xfb, 0x0, 0x0, 0x0, 0x0, 0x0, 0x0,
    0x8f, 0xff, 0x0, 0x8f, 0xff, 0x10, 0x0, 0x0,
    0x0, 0x0, 0x0, 0xdf, 0xfc, 0x0, 0x3f, 0xff,
    0x70, 0x0, 0x0, 0x0, 0x0, 0x3, 0xff, 0xf7,
    0x0, 0xe, 0xff, 0xc0, 0x0, 0x0, 0x0, 0x0,
    0x8, 0xff, 0xf2, 0x0, 0xa, 0xff, 0xf2, 0x0,
    0x0, 0x0, 0x0, 0xe, 0xff, 0xd0, 0x0, 0x4,
    0xff, 0xf7, 0x0, 0x0, 0x0, 0x0, 0x3f, 0xff,
    0x80, 0x0, 0x0, 0xff, 0xfd, 0x0, 0x0, 0x0,
    0x0, 0x9f, 0xff, 0x30, 0x0, 0x0, 0xaf, 0xff,
    0x30, 0x0, 0x0, 0x0, 0xef, 0xfe, 0x0, 0x0,
    0x0, 0x5f, 0xff, 0x80, 0x0, 0x0, 0x4, 0xff,
    0xff, 0xff, 0xff, 0xff, 0xff, 0xff, 0xe0, 0x0,
    0x0, 0x9, 0xff, 0xff, 0xff, 0xff, 0xff, 0xff,
    0xff, 0xf4, 0x0, 0x0, 0xe, 0xff, 0xff, 0xff,
    0xff, 0xff, 0xff, 0xff, 0xf9, 0x0, 0x0, 0x4f,
    0xff, 0x80, 0x0, 0x0, 0x0, 0x0, 0xef, 0xfe,
    0x0, 0x0, 0xaf, 0xff, 0x30, 0x0, 0x0, 0x0,
    0x0, 0x9f, 0xff, 0x40, 0x0, 0xff, 0xfd, 0x0,
    0x0, 0x0, 0x0, 0x0, 0x3f, 0xff, 0xa0, 0x5,
    0xff, 0xf8, 0x0, 0x0, 0x0, 0x0, 0x0, 0xd,
    0xff, 0xf0, 0xb, 0xff, 0xf2, 0x0, 0x0, 0x0,
    0x0, 0x0, 0x8, 0xff, 0xf5, 0xf, 0xff, 0xd0,
    0x0, 0x0, 0x0, 0x0, 0x0, 0x2, 0xff, 0xfb,

    /* U+0042 "B" */
    0x6f, 0xff, 0xff, 0xff, 0xff, 0xeb, 0x61, 0x0,
    0x0, 0x6f, 0xff, 0xff, 0xff, 0xff, 0xff, 0xfe,
    0x40, 0x0, 0x6f, 0xff, 0xff, 0xff, 0xff, 0xff,
    0xff, 0xf3, 0x0, 0x6f, 0xff, 0x31, 0x11, 0x12,
    0x4b, 0xff, 0xfd, 0x0, 0x6f, 0xff, 0x20, 0x0,
    0x0, 0x0, 0xaf, 0xff, 0x30, 0x6f, 0xff, 0x20,
    0x0, 0x0, 0x0, 0x2f, 0xff, 0x60, 0x6f, 0xff,
    0x20, 0x0, 0x0, 0x0, 0xf, 0xff, 0x70, 0x6f,
    0xff, 0x20, 0x0, 0x0, 0x0, 0x2f, 0xff, 0x50,
    0x6f, 0xff, 0x20, 0x0, 0x0, 0x0, 0x9f, 0xff,
    0x10, 0x6f, 0xff, 0x20, 0x0, 0x0, 0x1a, 0xff,
    0xf5, 0x0, 0x6f, 0xff, 0xdc, 0xcc, 0xce, 0xff,
    0xfc, 0x30, 0x0, 0x6f, 0xff, 0xff, 0xff, 0xff,
    0xff, 0xd6, 0x0, 0x0, 0x6f, 0xff, 0xff, 0xff,
    0xff, 0xff, 0xff, 0xe3, 0x0, 0x6f, 0xff, 0x20,
    0x0, 0x0, 0x27, 0xff, 0xff, 0x20, 0x6f, 0xff,
    0x20, 0x0, 0x0, 0x0, 0x3f, 0xff, 0xb0, 0x6f,
    0xff, 0x20, 0x0, 0x0, 0x0, 0x8, 0xff, 0xf1,
    0x6f, 0xff, 0x20, 0x0, 0x0, 0x0, 0x3, 0xff,
    0xf4, 0x6f, 0xff, 0x20, 0x0, 0x0, 0x0, 0x2,
    0xff, 0xf5, 0x6f, 0xff, 0x20, 0x0, 0x0, 0x0,
    0x5, 0xff, 0xf4, 0x6f, 0xff, 0x20, 0x0, 0x0,
    0x0, 0x1d, 0xff, 0xf1, 0x6f, 0xff, 0x31, 0x11,
    0x12, 0x37, 0xef, 0xff, 0xa0, 0x6f, 0xff, 0xff,
    0xff, 0xff, 0xff, 0xff, 0xfe, 0x10, 0x6f, 0xff,
    0xff, 0xff, 0xff, 0xff, 0xff, 0xc2, 0x0, 0x6f,
    0xff, 0xff, 0xff, 0xff, 0xed, 0x94, 0x0, 0x0,

    /* U+0043 "C" */
    0x0, 0x0, 0x0, 0x5, 0xad, 0xff, 0xdc, 0x72,
    0x0, 0x0, 0x0, 0x0, 0x0, 0x4d, 0xff, 0xff,
    0xff, 0xff, 0xf9, 0x10, 0x0, 0x0, 0x0, 0x8f,
    0xff, 0xff, 0xff, 0xff, 0xff, 0xfd, 0x10, 0x0,
    0x0, 0x7f, 0xff, 0xfe, 0x85, 0x56, 0xaf, 0xff,
    0xfd, 0x10, 0x0, 0x3f, 0xff, 0xf8, 0x0, 0x0,
    0x0, 0x2c, 0xff, 0xf9, 0x0, 0xc, 0xff, 0xf6,
    0x0, 0x0, 0x0, 0x0, 0xc, 0xff, 0xf2, 0x4,
    0xff, 0xfb, 0x0, 0x0, 0x0, 0x0, 0x0, 0x3f,
    0xff, 0x70, 0x9f, 0xff, 0x20, 0x0, 0x0, 0x0,
    0x0, 0x0, 0xce, 0xea, 0xd, 0xff, 0xd0, 0x0,
    0x0, 0x0, 0x0, 0x0, 0x0, 0x0, 0x0, 0xff,
    0xf8, 0x0, 0x0, 0x0, 0x0, 0x0, 0x0, 0x0,
    0x0, 0x2f, 0xff, 0x60, 0x0, 0x0, 0x0, 0x0,
    0x0, 0x0, 0x0, 0x3, 0xff, 0xf5, 0x0, 0x0,
    0x0, 0x0, 0x0, 0x0, 0x0, 0x0, 0x3f, 0xff,
    0x50, 0x0, 0x0, 0x0, 0x0, 0x0, 0x0, 0x0,
    0x2, 0xff, 0xf6, 0x0, 0x0, 0x0, 0x0, 0x0,
    0x0, 0x0, 0x0, 0xf, 0xff, 0x80, 0x0, 0x0,
    0x0, 0x0, 0x0, 0x0, 0x0, 0x0, 0xef, 0xfc,
    0x0, 0x0, 0x0, 0x0, 0x0, 0x0, 0x0, 0x0,
    0x9, 0xff, 0xf1, 0x0, 0x0, 0x0, 0x0, 0x0,
    0xc, 0xee, 0xa0, 0x4f, 0xff, 0xa0, 0x0, 0x0,
    0x0, 0x0, 0x3, 0xff, 0xf7, 0x0, 0xdf, 0xff,
    0x60, 0x0, 0x0, 0x0, 0x0, 0xcf, 0xff, 0x20,
    0x4, 0xff, 0xff, 0x70, 0x0, 0x0, 0x2, 0xcf,
    0xff, 0x90, 0x0, 0x8, 0xff, 0xff, 0xe8, 0x65,
    0x6a, 0xff, 0xff, 0xd1, 0x0, 0x0, 0x8, 0xff,
    0xff, 0xff, 0xff, 0xff, 0xff, 0xd1, 0x0, 0x0,
    0x0, 0x5, 0xef, 0xff, 0xff, 0xff, 0xff, 0x90,
    0x0, 0x0, 0x0, 0x0, 0x0, 0x5a, 0xdf, 0xfd,
    0xc7, 0x10, 0x0, 0x0,

    /* U+0044 "D" */
    0x6f, 0xff, 0xff, 0xff, 0xff, 0xda, 0x50, 0x0,
    0x0, 0x0, 0x6f, 0xff, 0xff, 0xff, 0xff, 0xff,
    0xfe, 0x60, 0x0, 0x0, 0x6f, 0xff, 0xff, 0xff,
    0xff, 0xff, 0xff, 0xfa, 0x0, 0x0, 0x6f, 0xff,
    0x42, 0x22, 0x34, 0x7c, 0xff, 0xff, 0xa0, 0x0,
    0x6f, 0xff, 0x20, 0x0, 0x0, 0x0, 0x4e, 0xff,
    0xf6, 0x0, 0x6f, 0xff, 0x20, 0x0, 0x0, 0x0,
    0x2, 0xff, 0xfe, 0x0, 0x6f, 0xff, 0x20, 0x0,
    0x0, 0x0, 0x0, 0x6f, 0xff, 0x60, 0x6f, 0xff,
    0x20, 0x0, 0x0, 0x0, 0x0, 0xe, 0xff, 0xb0,
    0x6f, 0xff, 0x20, 0x0, 0x0, 0x0, 0x0, 0x9,
    0xff, 0xf0, 0x6f, 0xff, 0x20, 0x0, 0x0, 0x0,
    0x0, 0x6, 0xff, 0xf2, 0x6f, 0xff, 0x20, 0x0,
    0x0, 0x0, 0x0, 0x4, 0xff, 0xf4, 0x6f, 0xff,
    0x20, 0x0, 0x0, 0x0, 0x0, 0x2, 0xff, 0xf5,
    0x6f, 0xff, 0x20, 0x0, 0x0, 0x0, 0x0, 0x3,
    0xff, 0xf5, 0x6f, 0xff, 0x20, 0x0, 0x0, 0x0,
    0x0, 0x4, 0xff, 0xf4, 0x6f, 0xff, 0x20, 0x0,
    0x0, 0x0, 0x0, 0x6, 0xff, 0xf2, 0x6f, 0xff,
    0x20, 0x0, 0x0, 0x0, 0x0, 0x9, 0xff, 0xf0,
    0x6f, 0xff, 0x20, 0x0, 0x0, 0x0, 0x0, 0xe,
    0xff, 0xb0, 0x6f, 0xff, 0x20, 0x0, 0x0, 0x0,
    0x0, 0x6f, 0xff, 0x60, 0x6f, 0xff, 0x20, 0x0,
    0x0, 0x0, 0x3, 0xff, 0xfe, 0x0, 0x6f, 0xff,
    0x20, 0x0, 0x0, 0x0, 0x5f, 0xff, 0xf6, 0x0,
    0x6f, 0xff, 0x43, 0x33, 0x34, 0x8d, 0xff, 0xff,
    0xa0, 0x0, 0x6f, 0xff, 0xff, 0xff, 0xff, 0xff,
    0xff, 0xf9, 0x0, 0x0, 0x6f, 0xff, 0xff, 0xff,
    0xff, 0xff, 0xfd, 0x50, 0x0, 0x0, 0x6f, 0xff,
    0xff, 0xff, 0xfe, 0xc9, 0x40, 0x0, 0x0, 0x0,

    /* U+0045 "E" */
    0x6f, 0xff, 0xff, 0xff, 0xff, 0xff, 0xff, 0xf3,
    0x6f, 0xff, 0xff, 0xff, 0xff, 0xff, 0xff, 0xf3,
    0x6f, 0xff, 0xff, 0xff, 0xff, 0xff, 0xff, 0xf3,
    0x6f, 0xff, 0x31, 0x11, 0x11, 0x11, 0x11, 0x10,
    0x6f, 0xff, 0x20, 0x0, 0x0, 0x0, 0x0, 0x0,
    0x6f, 0xff, 0x20, 0x0, 0x0, 0x0, 0x0, 0x0,
    0x6f, 0xff, 0x20, 0x0, 0x0, 0x0, 0x0, 0x0,
    0x6f, 0xff, 0x20, 0x0, 0x0, 0x0, 0x0, 0x0,
    0x6f, 0xff, 0x20, 0x0, 0x0, 0x0, 0x0, 0x0,
    0x6f, 0xff, 0x20, 0x0, 0x0, 0x0, 0x0, 0x0,
    0x6f, 0xff, 0x31, 0x11, 0x11, 0x11, 0x11, 0x0,
    0x6f, 0xff, 0xff, 0xff, 0xff, 0xff, 0xff, 0x70,
    0x6f, 0xff, 0xff, 0xff, 0xff, 0xff, 0xff, 0x70,
    0x6f, 0xff, 0xff, 0xff, 0xff, 0xff, 0xff, 0x70,
    0x6f, 0xff, 0x20, 0x0, 0x0, 0x0, 0x0, 0x0,
    0x6f, 0xff, 0x20, 0x0, 0x0, 0x0, 0x0, 0x0,
    0x6f, 0xff, 0x20, 0x0, 0x0, 0x0, 0x0, 0x0,
    0x6f, 0xff, 0x20, 0x0, 0x0, 0x0, 0x0, 0x0,
    0x6f, 0xff, 0x20, 0x0, 0x0, 0x0, 0x0, 0x0,
    0x6f, 0xff, 0x20, 0x0, 0x0, 0x0, 0x0, 0x0,
    0x6f, 0xff, 0x31, 0x11, 0x11, 0x11, 0x11, 0x10,
    0x6f, 0xff, 0xff, 0xff, 0xff, 0xff, 0xff, 0xf5,
    0x6f, 0xff, 0xff, 0xff, 0xff, 0xff, 0xff, 0xf5,
    0x6f, 0xff, 0xff, 0xff, 0xff, 0xff, 0xff, 0xf5,

    /* U+0046 "F" */
    0x6f, 0xff, 0xff, 0xff, 0xff, 0xff, 0xff, 0xf1,
    0x6f, 0xff, 0xff, 0xff, 0xff, 0xff, 0xff, 0xf1,
    0x6f, 0xff, 0xff, 0xff, 0xff, 0xff, 0xff, 0xf1,
    0x6f, 0xff, 0x31, 0x11, 0x11, 0x11, 0x11, 0x10,
    0x6f, 0xff, 0x20, 0x0, 0x0, 0x0, 0x0, 0x0,
    0x6f, 0xff, 0x20, 0x0, 0x0, 0x0, 0x0, 0x0,
    0x6f, 0xff, 0x20, 0x0, 0x0, 0x0, 0x0, 0x0,
    0x6f, 0xff, 0x20, 0x0, 0x0, 0x0, 0x0, 0x0,
    0x6f, 0xff, 0x20, 0x0, 0x0, 0x0, 0x0, 0x0,
    0x6f, 0xff, 0x20, 0x0, 0x0, 0x0, 0x0, 0x0,
    0x6f, 0xff, 0x20, 0x0, 0x0, 0x0, 0x0, 0x0,
    0x6f, 0xff, 0xff, 0xff, 0xff, 0xff, 0xff, 0x0,
    0x6f, 0xff, 0xff, 0xff, 0xff, 0xff, 0xff, 0x0,
    0x6f, 0xff, 0xff, 0xff, 0xff, 0xff, 0xff, 0x0,
    0x6f, 0xff, 0x31, 0x11, 0x11, 0x11, 0x11, 0x0,
    0x6f, 0xff, 0x20, 0x0, 0x0, 0x0, 0x0, 0x0,
    0x6f, 0xff, 0x20, 0x0, 0x0, 0x0, 0x0, 0x0,
    0x6f, 0xff, 0x20, 0x0, 0x0, 0x0, 0x0, 0x0,
    0x6f, 0xff, 0x20, 0x0, 0x0, 0x0, 0x0, 0x0,
    0x6f, 0xff, 0x20, 0x0, 0x0, 0x0, 0x0, 0x0,
    0x6f, 0xff, 0x20, 0x0, 0x0, 0x0, 0x0, 0x0,
    0x6f, 0xff, 0x20, 0x0, 0x0, 0x0, 0x0, 0x0,
    0x6f, 0xff, 0x20, 0x0, 0x0, 0x0, 0x0, 0x0,
    0x6f, 0xff, 0x20, 0x0, 0x0, 0x0, 0x0, 0x0,

    /* U+0047 "G" */
    0x0, 0x0, 0x0, 0x5, 0xad, 0xff, 0xec, 0x71,
    0x0, 0x0, 0x0, 0x0, 0x0, 0x4, 0xdf, 0xff,
    0xff, 0xff, 0xff, 0x80, 0x0, 0x0, 0x0, 0x0,
    0x8f, 0xff, 0xff, 0xff, 0xff, 0xff, 0xfd, 0x10,
    0x0, 0x0, 0x7, 0xff, 0xff, 0xe9, 0x65, 0x7b,
    0xff, 0xff, 0xc0, 0x0, 0x0, 0x3f, 0xff, 0xf8,
    0x0, 0x0, 0x0, 0x3e, 0xff, 0xf8, 0x0, 0x0,
    0xcf, 0xff, 0x60, 0x0, 0x0, 0x0, 0x2, 0xef,
    0xff, 0x20, 0x4, 0xff, 0xfa, 0x0, 0x0, 0x0,
    0x0, 0x0, 0x6f, 0xff, 0x70, 0x9, 0xff, 0xf2,
    0x0, 0x0, 0x0, 0x0, 0x0, 0xd, 0xee, 0xa0,
    0xd, 0xff, 0xd0, 0x0, 0x0, 0x0, 0x0, 0x0,
    0x0, 0x0, 0x0, 0xf, 0xff, 0x80, 0x0, 0x0,
    0x0, 0x0, 0x0, 0x0, 0x0, 0x0, 0x2f, 0xff,
    0x60, 0x0, 0x0, 0x0, 0x0, 0x0, 0x0, 0x0,
    0x0, 0x3f, 0xff, 0x50, 0x0, 0x0, 0x0, 0x0,
    0x0, 0x0, 0x0, 0x0, 0x3f, 0xff, 0x50, 0x0,
    0x0, 0x1, 0xff, 0xff, 0xff, 0xff, 0xf1, 0x2f,
    0xff, 0x60, 0x0, 0x0, 0x1, 0xff, 0xff, 0xff,
    0xff, 0xf1, 0xf, 0xff, 0x80, 0x0, 0x0, 0x1,
    0xff, 0xff, 0xff, 0xff, 0xf1, 0xe, 0xff, 0xc0,
    0x0, 0x0, 0x0, 0x0, 0x0, 0x7, 0xff, 0xf0,
    0xa, 0xff, 0xf2, 0x0, 0x0, 0x0, 0x0, 0x0,
    0xa, 0xff, 0xe0, 0x4, 0xff, 0xfa, 0x0, 0x0,
    0x0, 0x0, 0x0, 0xe, 0xff, 0xb0, 0x0, 0xdf,
    0xff, 0x60, 0x0, 0x0, 0x0, 0x0, 0x9f, 0xff,
    0x50, 0x0, 0x4f, 0xff, 0xf8, 0x0, 0x0, 0x0,
    0x9, 0xff, 0xfd, 0x0, 0x0, 0x8, 0xff, 0xff,
    0xe8, 0x55, 0x69, 0xef, 0xff, 0xf2, 0x0, 0x0,
    0x0, 0x8f, 0xff, 0xff, 0xff, 0xff, 0xff, 0xff,
    0x40, 0x0, 0x0, 0x0, 0x5, 0xef, 0xff, 0xff,
    0xff, 0xff, 0xc1, 0x0, 0x0, 0x0, 0x0, 0x0,
    0x5, 0xad, 0xff, 0xfc, 0x93, 0x0, 0x0, 0x0,

    /* U+0048 "H" */
    0x6f, 0xff, 0x20, 0x0, 0x0, 0x0, 0x0, 0x5,
    0xff, 0xf4, 0x6f, 0xff, 0x20, 0x0, 0x0, 0x0,
    0x0, 0x5, 0xff, 0xf4, 0x6f, 0xff, 0x20, 0x0,
    0x0, 0x0, 0x0, 0x5, 0xff, 0xf4, 0x6f, 0xff,
    0x20, 0x0, 0x0, 0x0, 0x0, 0x5, 0xff, 0xf4,
    0x6f, 0xff, 0x20, 0x0, 0x0, 0x0, 0x0, 0x5,
    0xff, 0xf4, 0x6f, 0xff, 0x20, 0x0, 0x0, 0x0,
    0x0, 0x5, 0xff, 0xf4, 0x6f, 0xff, 0x20, 0x0,
    0x0, 0x0, 0x0, 0x5, 0xff, 0xf4, 0x6f, 0xff,
    0x20, 0x0, 0x0, 0x0, 0x0, 0x5, 0xff, 0xf4,
    0x6f, 0xff, 0x20, 0x0, 0x0, 0x0, 0x0, 0x5,
    0xff, 0xf4, 0x6f, 0xff, 0x20, 0x0, 0x0, 0x0,
    0x0, 0x5, 0xff, 0xf4, 0x6f, 0xff, 0xff, 0xff,
    0xff, 0xff, 0xff, 0xff, 0xff, 0xf4, 0x6f, 0xff,
    0xff, 0xff, 0xff, 0xff, 0xff, 0xff, 0xff, 0xf4,
    0x6f, 0xff, 0xff, 0xff, 0xff, 0xff, 0xff, 0xff,
    0xff, 0xf4, 0x6f, 0xff, 0x31, 0x11, 0x11, 0x11,
    0x11, 0x16, 0xff, 0xf4, 0x6f, 0xff, 0x20, 0x0,
    0x0, 0x0, 0x0, 0x5, 0xff, 0xf4, 0x6f, 0xff,
    0x20, 0x0, 0x0, 0x0, 0x0, 0x5, 0xff, 0xf4,
    0x6f, 0xff, 0x20, 0x0, 0x0, 0x0, 0x0, 0x5,
    0xff, 0xf4, 0x6f, 0xff, 0x20, 0x0, 0x0, 0x0,
    0x0, 0x5, 0xff, 0xf4, 0x6f, 0xff, 0x20, 0x0,
    0x0, 0x0, 0x0, 0x5, 0xff, 0xf4, 0x6f, 0xff,
    0x20, 0x0, 0x0, 0x0, 0x0, 0x5, 0xff, 0xf4,
    0x6f, 0xff, 0x20, 0x0, 0x0, 0x0, 0x0, 0x5,
    0xff, 0xf4, 0x6f, 0xff, 0x20, 0x0, 0x0, 0x0,
    0x0, 0x5, 0xff, 0xf4, 0x6f, 0xff, 0x20, 0x0,
    0x0, 0x0, 0x0, 0x5, 0xff, 0xf4, 0x6f, 0xff,
    0x20, 0x0, 0x0, 0x0, 0x0, 0x5, 0xff, 0xf4,

    /* U+0049 "I" */
    0x6f, 0xff, 0x26, 0xff, 0xf2, 0x6f, 0xff, 0x26,
    0xff, 0xf2, 0x6f, 0xff, 0x26, 0xff, 0xf2, 0x6f,
    0xff, 0x26, 0xff, 0xf2, 0x6f, 0xff, 0x26, 0xff,
    0xf2, 0x6f, 0xff, 0x26, 0xff, 0xf2, 0x6f, 0xff,
    0x26, 0xff, 0xf2, 0x6f, 0xff, 0x26, 0xff, 0xf2,
    0x6f, 0xff, 0x26, 0xff, 0xf2, 0x6f, 0xff, 0x26,
    0xff, 0xf2, 0x6f, 0xff, 0x26, 0xff, 0xf2, 0x6f,
    0xff, 0x26, 0xff, 0xf2,

    /* U+004A "J" */
    0x0, 0x0, 0x0, 0x0, 0x0, 0xb, 0xff, 0xd0,
    0x0, 0x0, 0x0, 0x0, 0x0, 0xbf, 0xfd, 0x0,
    0x0, 0x0, 0x0, 0x0, 0xb, 0xff, 0xd0, 0x0,
    0x0, 0x0, 0x0, 0x0, 0xbf, 0xfd, 0x0, 0x0,
    0x0, 0x0, 0x0, 0xb, 0xff, 0xd0, 0x0, 0x0,
    0x0, 0x0, 0x0, 0xbf, 0xfd, 0x0, 0x0, 0x0,
    0x0, 0x0, 0xb, 0xff, 0xd0, 0x0, 0x0, 0x0,
    0x0, 0x0, 0xbf, 0xfd, 0x0, 0x0, 0x0, 0x0,
    0x0, 0xb, 0xff, 0xd0, 0x0, 0x0, 0x0, 0x0,
    0x0, 0xbf, 0xfd, 0x0, 0x0, 0x0, 0x0, 0x0,
    0xb, 0xff, 0xd0, 0x0, 0x0, 0x0, 0x0, 0x0,
    0xbf, 0xfd, 0x0, 0x0, 0x0, 0x0, 0x0, 0xb,
    0xff, 0xd0, 0x0, 0x0, 0x0, 0x0, 0x0, 0xbf,
    0xfd, 0x0, 0x0, 0x0, 0x0, 0x0, 0xb, 0xff,
    0xd5, 0x88, 0x70, 0x0, 0x0, 0x0, 0xbf, 0xfd,
    0x9f, 0xff, 0x0, 0x0, 0x0, 0xb, 0xff, 0xd8,
    0xff, 0xf1, 0x0, 0x0, 0x0, 0xdf, 0xfc, 0x7f,
    0xff, 0x30, 0x0, 0x0, 0xf, 0xff, 0xa3, 0xff,
    0xfb, 0x0, 0x0, 0x7, 0xff, 0xf6, 0xc, 0xff,
    0xfb, 0x31, 0x28, 0xff, 0xff, 0x10, 0x3f, 0xff,
    0xff, 0xff, 0xff, 0xff, 0x60, 0x0, 0x3e, 0xff,
    0xff, 0xff, 0xff, 0x60, 0x0, 0x0, 0x7, 0xbe,
    0xff, 0xc8, 0x10, 0x0,

    /* U+004B "K" */
    0x6f, 0xff, 0x20, 0x0, 0x0, 0x0, 0x1, 0xdf,
    0xff, 0x90, 0x6f, 0xff, 0x20, 0x0, 0x0, 0x0,
    0xc, 0xff, 0xfb, 0x0, 0x6f, 0xff, 0x20, 0x0,
    0x0, 0x0, 0xaf, 0xff, 0xc0, 0x0, 0x6f, 0xff,
    0x20, 0x0, 0x0, 0x8, 0xff, 0xfd, 0x10, 0x0,
    0x6f, 0xff, 0x20, 0x0, 0x0, 0x6f, 0xff, 0xe2,
    0x0, 0x0, 0x6f, 0xff, 0x20, 0x0, 0x4, 0xff,
    0xff, 0x30, 0x0, 0x0, 0x6f, 0xff, 0x20, 0x0,
    0x3f, 0xff, 0xf5, 0x0, 0x0, 0x0, 0x6f, 0xff,
    0x20, 0x2, 0xef, 0xff, 0x70, 0x0, 0x0, 0x0,
    0x6f, 0xff, 0x20, 0xd, 0xff, 0xf8, 0x0, 0x0,
    0x0, 0x0, 0x6f, 0xff, 0x10, 0xaf, 0xff, 0xa0,
    0x0, 0x0, 0x0, 0x0, 0x6f, 0xff, 0x17, 0xff,
    0xff, 0x10, 0x0, 0x0, 0x0, 0x0, 0x6f, 0xff,
    0x5f, 0xff, 0xff, 0xa0, 0x0, 0x0, 0x0, 0x0,
    0x6f, 0xff, 0xef, 0xff, 0xff, 0xf5, 0x0, 0x0,
    0x0, 0x0, 0x6f, 0xff, 0xff, 0xc3, 0xff, 0xfe,
    0x10, 0x0, 0x0, 0x0, 0x6f, 0xff, 0xfd, 0x10,
    0x7f, 0xff, 0xa0, 0x0, 0x0, 0x0, 0x6f, 0xff,
    0xe1, 0x0, 0xc, 0xff, 0xf5, 0x0, 0x0, 0x0,
    0x6f, 0xff, 0x30, 0x0, 0x2, 0xff, 0xfe, 0x10,
    0x0, 0x0, 0x6f, 0xff, 0x20, 0x0, 0x0, 0x7f,
    0xff, 0xb0, 0x0, 0x0, 0x6f, 0xff, 0x20, 0x0,
    0x0, 0xc, 0xff, 0xf6, 0x0, 0x0, 0x6f, 0xff,
    0x20, 0x0, 0x0, 0x2, 0xff, 0xff, 0x20, 0x0,
    0x6f, 0xff, 0x20, 0x0, 0x0, 0x0, 0x7f, 0xff,
    0xc0, 0x0, 0x6f, 0xff, 0x20, 0x0, 0x0, 0x0,
    0xc, 0xff, 0xf7, 0x0, 0x6f, 0xff, 0x20, 0x0,
    0x0, 0x0, 0x2, 0xff, 0xff, 0x20, 0x6f, 0xff,
    0x20, 0x0, 0x0, 0x0, 0x0, 0x6f, 0xff, 0xc0,

    /* U+004C "L" */
    0x6f, 0xff, 0x20, 0x0, 0x0, 0x0, 0x0, 0x6,
    0xff, 0xf2, 0x0, 0x0, 0x0, 0x0, 0x0, 0x6f,
    0xff, 0x20, 0x0, 0x0, 0x0, 0x0, 0x6, 0xff,
    0xf2, 0x0, 0x0, 0x0, 0x0, 0x0, 0x6f, 0xff,
    0x20, 0x0, 0x0, 0x0, 0x0, 0x6, 0xff, 0xf2,
    0x0, 0x0, 0x0, 0x0, 0x0, 0x6f, 0xff, 0x20,
    0x0, 0x0, 0x0, 0x0, 0x6, 0xff, 0xf2, 0x0,
    0x0, 0x0, 0x0, 0x0, 0x6f, 0xff, 0x20, 0x0,
    0x0, 0x0, 0x0, 0x6, 0xff, 0xf2, 0x0, 0x0,
    0x0, 0x0, 0x0, 0x6f, 0xff, 0x20, 0x0, 0x0,
    0x0, 0x0, 0x6, 0xff, 0xf2, 0x0, 0x0, 0x0,
    0x0, 0x0, 0x6f, 0xff, 0x20, 0x0, 0x0, 0x0,
    0x0, 0x6, 0xff, 0xf2, 0x0, 0x0, 0x0, 0x0,
    0x0, 0x6f, 0xff, 0x20, 0x0, 0x0, 0x0, 0x0,
    0x6, 0xff, 0xf2, 0x0, 0x0, 0x0, 0x0, 0x0,
    0x6f, 0xff, 0x20, 0x0, 0x0, 0x0, 0x0, 0x6,
    0xff, 0xf2, 0x0, 0x0, 0x0, 0x0, 0x0, 0x6f,
    0xff, 0x20, 0x0, 0x0, 0x0, 0x0, 0x6, 0xff,
    0xf2, 0x0, 0x0, 0x0, 0x0, 0x0, 0x6f, 0xff,
    0x31, 0x11, 0x11, 0x11, 0x11, 0x16, 0xff, 0xff,
    0xff, 0xff, 0xff, 0xff, 0xfb, 0x6f, 0xff, 0xff,
    0xff, 0xff, 0xff, 0xff, 0xb6, 0xff, 0xff, 0xff,
    0xff, 0xff, 0xff, 0xfb,

    /* U+004D "M" */
    0x6f, 0xff, 0xff, 0x0, 0x0, 0x0, 0x0, 0x0,
    0x0, 0xd, 0xff, 0xff, 0xa6, 0xff, 0xff, 0xf6,
    0x0, 0x0, 0x0, 0x0, 0x0, 0x2, 0xff, 0xff,
    0xfa, 0x6f, 0xff, 0xff, 0xb0, 0x0, 0x0, 0x0,
    0x0, 0x0, 0x8f, 0xff, 0xff, 0xa6, 0xff, 0xff,
    0xff, 0x10, 0x0, 0x0, 0x0, 0x0, 0xe, 0xff,
    0xff, 0xfa, 0x6f, 0xfe, 0xdf, 0xf7, 0x0, 0x0,
    0x0, 0x0, 0x4, 0xff, 0xed, 0xff, 0xa6, 0xff,
    0xf8, 0xff, 0xd0, 0x0, 0x0, 0x0, 0x0, 0xaf,
    0xfa, 0xdf, 0xfa, 0x6f, 0xff, 0x3f, 0xff, 0x30,
    0x0, 0x0, 0x0, 0xf, 0xff, 0x5d, 0xff, 0xa6,
    0xff, 0xf0, 0xef, 0xf9, 0x0, 0x0, 0x0, 0x5,
    0xff, 0xf1, 0xdf, 0xfa, 0x6f, 0xff, 0x9, 0xff,
    0xe0, 0x0, 0x0, 0x0, 0xbf, 0xfb, 0xe, 0xff,
    0xa6, 0xff, 0xf0, 0x4f, 0xff, 0x50, 0x0, 0x0,
    0x1f, 0xff, 0x60, 0xef, 0xfa, 0x6f, 0xff, 0x0,
    0xef, 0xfb, 0x0, 0x0, 0x7, 0xff, 0xf1, 0xe,
    0xff, 0xa6, 0xff, 0xf0, 0x9, 0xff, 0xf1, 0x0,
    0x0, 0xdf, 0xfb, 0x0, 0xef, 0xfa, 0x6f, 0xff,
    0x0, 0x3f, 0xff, 0x70, 0x0, 0x2f, 0xff, 0x50,
    0xe, 0xff, 0xa6, 0xff, 0xf0, 0x0, 0xdf, 0xfc,
    0x0, 0x8, 0xff, 0xf0, 0x0, 0xef, 0xfa, 0x6f,
    0xff, 0x0, 0x7, 0xff, 0xf2, 0x0, 0xef, 0xfa,
    0x0, 0xe, 0xff, 0xa6, 0xff, 0xf0, 0x0, 0x1f,
    0xff, 0x70, 0x2f, 0xff, 0x40, 0x0, 0xef, 0xfa,
    0x6f, 0xff, 0x0, 0x0, 0xbf, 0xfb, 0x7, 0xff,
    0xe0, 0x0, 0xe, 0xff, 0xa6, 0xff, 0xf0, 0x0,
    0x5, 0xff, 0xf0, 0xbf, 0xf8, 0x0, 0x0, 0xef,
    0xfa, 0x6f, 0xff, 0x0, 0x0, 0xf, 0xff, 0x4f,
    0xff, 0x20, 0x0, 0xe, 0xff, 0xa6, 0xff, 0xf0,
    0x0, 0x0, 0x9f, 0xfc, 0xff, 0xc0, 0x0, 0x0,
    0xef, 0xfa, 0x6f, 0xff, 0x0, 0x0, 0x3, 0xff,
    0xff, 0xf6, 0x0, 0x0, 0xe, 0xff, 0xa6, 0xff,
    0xf0, 0x0, 0x0, 0xd, 0xff, 0xff, 0x10, 0x0,
    0x0, 0xef, 0xfa, 0x6f, 0xff, 0x0, 0x0, 0x0,
    0x7f, 0xff, 0xa0, 0x0, 0x0, 0xe, 0xff, 0xa6,
    0xff, 0xf0, 0x0, 0x0, 0x1, 0xff, 0xf4, 0x0,
    0x0, 0x0, 0xef, 0xfa,

    /* U+004E "N" */
    0x6f, 0xff, 0xe1, 0x0, 0x0, 0x0, 0x0, 0x0,
    0xff, 0xfa, 0x6f, 0xff, 0xf9, 0x0, 0x0, 0x0,
    0x0, 0x0, 0xff, 0xfa, 0x6f, 0xff, 0xff, 0x30,
    0x0, 0x0, 0x0, 0x0, 0xff, 0xfa, 0x6f, 0xff,
    0xff, 0xd0, 0x0, 0x0, 0x0, 0x0, 0xff, 0xfa,
    0x6f, 0xff, 0xff, 0xf7, 0x0, 0x0, 0x0, 0x0,
    0xff, 0xfa, 0x6f, 0xff, 0x8f, 0xff, 0x10, 0x0,
    0x0, 0x0, 0xff, 0xfa, 0x6f, 0xff, 0x1e, 0xff,
    0xa0, 0x0, 0x0, 0x0, 0xff, 0xfa, 0x6f, 0xff,
    0x17, 0xff, 0xf4, 0x0, 0x0, 0x0, 0xff, 0xfa,
    0x6f, 0xff, 0x10, 0xef, 0xfd, 0x0, 0x0, 0x0,
    0xff, 0xfa, 0x6f, 0xff, 0x20, 0x6f, 0xff, 0x80,
    0x0, 0x0, 0xff, 0xfa, 0x6f, 0xff, 0x20, 0xc,
    0xff, 0xf2, 0x0, 0x0, 0xff, 0xfa, 0x6f, 0xff,
    0x20, 0x3, 0xff, 0xfb, 0x0, 0x0, 0xff, 0xfa,
    0x6f, 0xff, 0x30, 0x0, 0x9f, 0xff, 0x50, 0x0,
    0xff, 0xfa, 0x6f, 0xff, 0x30, 0x0, 0xe, 0xff,
    0xe1, 0x0, 0xff, 0xfa, 0x6f, 0xff, 0x30, 0x0,
    0x5, 0xff, 0xf9, 0x0, 0xff, 0xfa, 0x6f, 0xff,
    0x30, 0x0, 0x0, 0xbf, 0xff, 0x20, 0xff, 0xfa,
    0x6f, 0xff, 0x30, 0x0, 0x0, 0x2f, 0xff, 0xb0,
    0xef, 0xfa, 0x6f, 0xff, 0x30, 0x0, 0x0, 0x8,
    0xff, 0xf3, 0xdf, 0xfa, 0x6f, 0xff, 0x30, 0x0,
    0x0, 0x0, 0xdf, 0xfb, 0xdf, 0xfa, 0x6f, 0xff,
    0x30, 0x0, 0x0, 0x0, 0x4f, 0xff, 0xef, 0xfa,
    0x6f, 0xff, 0x30, 0x0, 0x0, 0x0, 0xa, 0xff,
    0xff, 0xfa, 0x6f, 0xff, 0x30, 0x0, 0x0, 0x0,
    0x1, 0xff, 0xff, 0xfa, 0x6f, 0xff, 0x30, 0x0,
    0x0, 0x0, 0x0, 0x6f, 0xff, 0xfa, 0x6f, 0xff,
    0x30, 0x0, 0x0, 0x0, 0x0, 0xc, 0xff, 0xfa,

    /* U+004F "O" */
    0x0, 0x0, 0x0, 0x5, 0xad, 0xff, 0xec, 0x82,
    0x0, 0x0, 0x0, 0x0, 0x0, 0x4, 0xdf, 0xff,
    0xff, 0xff, 0xff, 0x91, 0x0, 0x0, 0x0, 0x0,
    0x7f, 0xff, 0xff, 0xff, 0xff, 0xff, 0xfd, 0x20,
    0x0, 0x0, 0x7, 0xff, 0xff, 0xe9, 0x65, 0x7b,
    0xff, 0xff, 0xe1, 0x0, 0x0, 0x3f, 0xff, 0xf8,
    0x0, 0x0, 0x0, 0x2d, 0xff, 0xfb, 0x0, 0x0,
    0xcf, 0xff, 0x60, 0x0, 0x0, 0x0, 0x1, 0xcf,
    0xff, 0x50, 0x4, 0xff, 0xfb, 0x0, 0x0, 0x0,
    0x0, 0x0, 0x2f, 0xff, 0xc0, 0x9, 0xff, 0xf2,
    0x0, 0x0, 0x0, 0x0, 0x0, 0x9, 0xff, 0xf2,
    0xd, 0xff, 0xd0, 0x0, 0x0, 0x0, 0x0, 0x0,
    0x4, 0xff, 0xf6, 0xf, 0xff, 0x80, 0x0, 0x0,
    0x0, 0x0, 0x0, 0x0, 0xff, 0xf9, 0x2f, 0xff,
    0x60, 0x0, 0x0, 0x0, 0x0, 0x0, 0x0, 0xef,
    0xfb, 0x3f, 0xff, 0x50, 0x0, 0x0, 0x0, 0x0,
    0x0, 0x0, 0xdf, 0xfb, 0x3f, 0xff, 0x50, 0x0,
    0x0, 0x0, 0x0, 0x0, 0x0, 0xcf, 0xfb, 0x2f,
    0xff, 0x60, 0x0, 0x0, 0x0, 0x0, 0x0, 0x0,
    0xef, 0xfb, 0xf, 0xff, 0x80, 0x0, 0x0, 0x0,
    0x0, 0x0, 0x0, 0xff, 0xf9, 0xe, 0xff, 0xc0,
    0x0, 0x0, 0x0, 0x0, 0x0, 0x4, 0xff, 0xf6,
    0x9, 0xff, 0xf2, 0x0, 0x0, 0x0, 0x0, 0x0,
    0x9, 0xff, 0xf2, 0x4, 0xff, 0xfa, 0x0, 0x0,
    0x0, 0x0, 0x0, 0x2f, 0xff, 0xc0, 0x0, 0xdf,
    0xff, 0x60, 0x0, 0x0, 0x0, 0x0, 0xcf, 0xff,
    0x50, 0x0, 0x3f, 0xff, 0xf7, 0x0, 0x0, 0x0,
    0x2d, 0xff, 0xfc, 0x0, 0x0, 0x7, 0xff, 0xff,
    0xe8, 0x65, 0x7b, 0xff, 0xff, 0xe1, 0x0, 0x0,
    0x0, 0x8f, 0xff, 0xff, 0xff, 0xff, 0xff, 0xfe,
    0x20, 0x0, 0x0, 0x0, 0x4, 0xdf, 0xff, 0xff,
    0xff, 0xff, 0xa1, 0x0, 0x0, 0x0, 0x0, 0x0,
    0x5, 0xad, 0xff, 0xec, 0x82, 0x0, 0x0, 0x0,

    /* U+0050 "P" */
    0x6f, 0xff, 0xff, 0xff, 0xff, 0xeb, 0x50, 0x0,
    0x6, 0xff, 0xff, 0xff, 0xff, 0xff, 0xff, 0xd2,
    0x0, 0x6f, 0xff, 0xff, 0xff, 0xff, 0xff, 0xff,
    0xf2, 0x6, 0xff, 0xf3, 0x11, 0x11, 0x26, 0xdf,
    0xff, 0xc0, 0x6f, 0xff, 0x20, 0x0, 0x0, 0x0,
    0xcf, 0xff, 0x46, 0xff, 0xf2, 0x0, 0x0, 0x0,
    0x2, 0xff, 0xfa, 0x6f, 0xff, 0x20, 0x0, 0x0,
    0x0, 0xc, 0xff, 0xd6, 0xff, 0xf2, 0x0, 0x0,
    0x0, 0x0, 0xaf, 0xfe, 0x6f, 0xff, 0x20, 0x0,
    0x0, 0x0, 0xa, 0xff, 0xe6, 0xff, 0xf2, 0x0,
    0x0, 0x0, 0x0, 0xcf, 0xfd, 0x6f, 0xff, 0x20,
    0x0, 0x0, 0x0, 0x2f, 0xff, 0xa6, 0xff, 0xf2,
    0x0, 0x0, 0x0, 0xc, 0xff, 0xf4, 0x6f, 0xff,
    0x31, 0x11, 0x12, 0x5d, 0xff, 0xfc, 0x6, 0xff,
    0xff, 0xff, 0xff, 0xff, 0xff, 0xfe, 0x20, 0x6f,
    0xff, 0xff, 0xff, 0xff, 0xff, 0xfd, 0x20, 0x6,
    0xff, 0xff, 0xff, 0xff, 0xfe, 0xb5, 0x0, 0x0,
    0x6f, 0xff, 0x20, 0x0, 0x0, 0x0, 0x0, 0x0,
    0x6, 0xff, 0xf2, 0x0, 0x0, 0x0, 0x0, 0x0,
    0x0, 0x6f, 0xff, 0x20, 0x0, 0x0, 0x0, 0x0,
    0x0, 0x6, 0xff, 0xf2, 0x0, 0x0, 0x0, 0x0,
    0x0, 0x0, 0x6f, 0xff, 0x20, 0x0, 0x0, 0x0,
    0x0, 0x0, 0x6, 0xff, 0xf2, 0x0, 0x0, 0x0,
    0x0, 0x0, 0x0, 0x6f, 0xff, 0x20, 0x0, 0x0,
    0x0, 0x0, 0x0, 0x6, 0xff, 0xf2, 0x0, 0x0,
    0x0, 0x0, 0x0, 0x0,

    /* U+0051 "Q" */
    0x0, 0x0, 0x0, 0x5, 0xad, 0xff, 0xec, 0x82,
    0x0, 0x0, 0x0, 0x0, 0x0, 0x4, 0xdf, 0xff,
    0xff, 0xff, 0xff, 0x91, 0x0, 0x0, 0x0, 0x0,
    0x7f, 0xff, 0xff, 0xff, 0xff, 0xff, 0xfe, 0x20,
    0x0, 0x0, 0x7, 0xff, 0xff, 0xe9, 0x65, 0x7b,
    0xff, 0xff, 0xe1, 0x0, 0x0, 0x3f, 0xff, 0xf8,
    0x0, 0x0, 0x0, 0x2d, 0xff, 0xfb, 0x0, 0x0,
    0xcf, 0xff, 0x60, 0x0, 0x0, 0x0, 0x1, 0xcf,
    0xff, 0x50, 0x4, 0xff, 0xfb, 0x0, 0x0, 0x0,
    0x0, 0x0, 0x2f, 0xff, 0xc0, 0x9, 0xff, 0xf2,
    0x0, 0x0, 0x0, 0x0, 0x0, 0x9, 0xff, 0xf2,
    0xd, 0xff, 0xd0, 0x0, 0x0, 0x0, 0x0, 0x0,
    0x4, 0xff, 0xf6, 0xf, 0xff, 0x80, 0x0, 0x0,
    0x0, 0x0, 0x0, 0x0, 0xff, 0xf9, 0x2f, 0xff,
    0x60, 0x0, 0x0, 0x0, 0x0, 0x0, 0x0, 0xef,
    0xfb, 0x3f, 0xff, 0x50, 0x0, 0x0, 0x0, 0x0,
    0x0, 0x0, 0xdf, 0xfb, 0x3f, 0xff, 0x50, 0x0,
    0x0, 0x0, 0x0, 0x0, 0x0, 0xcf, 0xfb, 0x2f,
    0xff, 0x60, 0x0, 0x0, 0x0, 0x0, 0x0, 0x0,
    0xef, 0xfb, 0xf, 0xff, 0x80, 0x0, 0x0, 0x0,
    0x0, 0x0, 0x0, 0xff, 0xf9, 0xe, 0xff, 0xc0,
    0x0, 0x0, 0x0, 0x0, 0x0, 0x4, 0xff, 0xf6,
    0x9, 0xff, 0xf2, 0x0, 0x0, 0x7d, 0xdb, 0x0,
    0x9, 0xff, 0xf2, 0x4, 0xff, 0xfa, 0x0, 0x0,
    0xc, 0xff, 0x90, 0x2f, 0xff, 0xc0, 0x0, 0xdf,
    0xff, 0x60, 0x0, 0x2, 0xef, 0xf6, 0xcf, 0xff,
    0x40, 0x0, 0x3f, 0xff, 0xf7, 0x0, 0x0, 0x4f,
    0xff, 0xff, 0xfb, 0x0, 0x0, 0x7, 0xff, 0xff,
    0xe8, 0x65, 0x6e, 0xff, 0xff, 0xd1, 0x0, 0x0,
    0x0, 0x8f, 0xff, 0xff, 0xff, 0xff, 0xff, 0xff,
    0x20, 0x0, 0x0, 0x0, 0x4, 0xdf, 0xff, 0xff,
    0xff, 0xff, 0xff, 0x70, 0x0, 0x0, 0x0, 0x0,
    0x5, 0xad, 0xff, 0xec, 0x76, 0xff, 0xf3, 0x0,
    0x0, 0x0, 0x0, 0x0, 0x0, 0x0, 0x0, 0x0,
    0xaf, 0xfd, 0x0, 0x0, 0x0, 0x0, 0x0, 0x0,
    0x0, 0x0, 0x0, 0xd, 0xff, 0x90,

    /* U+0052 "R" */
    0x6f, 0xff, 0xff, 0xff, 0xff, 0xdb, 0x50, 0x0,
    0x0, 0x6f, 0xff, 0xff, 0xff, 0xff, 0xff, 0xfe,
    0x30, 0x0, 0x6f, 0xff, 0xff, 0xff, 0xff, 0xff,
    0xff, 0xf3, 0x0, 0x6f, 0xff, 0x31, 0x11, 0x12,
    0x5c, 0xff, 0xfe, 0x0, 0x6f, 0xff, 0x20, 0x0,
    0x0, 0x0, 0xaf, 0xff, 0x60, 0x6f, 0xff, 0x20,
    0x0, 0x0, 0x0, 0x1f, 0xff, 0xb0, 0x6f, 0xff,
    0x20, 0x0, 0x0, 0x0, 0xb, 0xff, 0xd0, 0x6f,
    0xff, 0x20, 0x0, 0x0, 0x0, 0xa, 0xff, 0xf0,
    0x6f, 0xff, 0x20, 0x0, 0x0, 0x0, 0xb, 0xff,
    0xe0, 0x6f, 0xff, 0x20, 0x0, 0x0, 0x0, 0xe,
    0xff, 0xc0, 0x6f, 0xff, 0x20, 0x0, 0x0, 0x0,
    0x8f, 0xff, 0x80, 0x6f, 0xff, 0x20, 0x0, 0x0,
    0x3a, 0xff, 0xff, 0x10, 0x6f, 0xff, 0xff, 0xff,
    0xff, 0xff, 0xff, 0xf7, 0x0, 0x6f, 0xff, 0xff,
    0xff, 0xff, 0xff, 0xff, 0x70, 0x0, 0x6f, 0xff,
    0xff, 0xff, 0xff, 0xff, 0xe1, 0x0, 0x0, 0x6f,
    0xff, 0x31, 0x11, 0x1b, 0xff, 0xf4, 0x0, 0x0,
    0x6f, 0xff, 0x20, 0x0, 0x2, 0xff, 0xfd, 0x0,
    0x0, 0x6f, 0xff, 0x20, 0x0, 0x0, 0xaf, 0xff,
    0x50, 0x0, 0x6f, 0xff, 0x20, 0x0, 0x0, 0x2f,
    0xff, 0xd0, 0x0, 0x6f, 0xff, 0x20, 0x0, 0x0,
    0x9, 0xff, 0xf7, 0x0, 0x6f, 0xff, 0x20, 0x0,
    0x0, 0x1, 0xff, 0xfe, 0x0, 0x6f, 0xff, 0x20,
    0x0, 0x0, 0x0, 0x8f, 0xff, 0x80, 0x6f, 0xff,
    0x20, 0x0, 0x0, 0x0, 0xe, 0xff, 0xf1, 0x6f,
    0xff, 0x20, 0x0, 0x0, 0x0, 0x7, 0xff, 0xf9,

    /* U+0053 "S" */
    0x0, 0x0, 0x3, 0x8c, 0xef, 0xec, 0x83, 0x0,
    0x0, 0x0, 0x0, 0x1a, 0xff, 0xff, 0xff, 0xff,
    0xfb, 0x10, 0x0, 0x0, 0x1d, 0xff, 0xff, 0xff,
    0xff, 0xff, 0xfe, 0x10, 0x0, 0xc, 0xff, 0xfe,
    0x74, 0x34, 0x7e, 0xff, 0xfc, 0x0, 0x4, 0xff,
    0xfb, 0x0, 0x0, 0x0, 0xb, 0xff, 0xf4, 0x0,
    0x9f, 0xff, 0x10, 0x0, 0x0, 0x0, 0x1f, 0xff,
    0x80, 0xa, 0xff, 0xe0, 0x0, 0x0, 0x0, 0x0,
    0x67, 0x75, 0x0, 0xaf, 0xff, 0x10, 0x0, 0x0,
    0x0, 0x0, 0x0, 0x0, 0x6, 0xff, 0xfb, 0x0,
    0x0, 0x0, 0x0, 0x0, 0x0, 0x0, 0xe, 0xff,
    0xfe, 0x72, 0x0, 0x0, 0x0, 0x0, 0x0, 0x0,
    0x3e, 0xff, 0xff, 0xfd, 0x94, 0x0, 0x0, 0x0,
    0x0, 0x0, 0x2b, 0xff, 0xff, 0xff, 0xfe, 0x92,
    0x0, 0x0, 0x0, 0x0, 0x3, 0x9e, 0xff, 0xff,
    0xff, 0xf8, 0x0, 0x0, 0x0, 0x0, 0x0, 0x2,
    0x6b, 0xff, 0xff, 0xfa, 0x0, 0x0, 0x0, 0x0,
    0x0, 0x0, 0x1, 0x7e, 0xff, 0xf5, 0x0, 0x0,
    0x0, 0x0, 0x0, 0x0, 0x0, 0x2e, 0xff, 0xc0,
    0x0, 0x0, 0x0, 0x0, 0x0, 0x0, 0x0, 0x9f,
    0xff, 0x4, 0xee, 0xe4, 0x0, 0x0, 0x0, 0x0,
    0x8, 0xff, 0xf0, 0x2f, 0xff, 0x90, 0x0, 0x0,
    0x0, 0x0, 0xdf, 0xfd, 0x0, 0xdf, 0xff, 0x60,
    0x0, 0x0, 0x0, 0x9f, 0xff, 0x90, 0x4, 0xff,
    0xff, 0xc6, 0x43, 0x47, 0xdf, 0xff, 0xf2, 0x0,
    0x8, 0xff, 0xff, 0xff, 0xff, 0xff, 0xff, 0xf4,
    0x0, 0x0, 0x6, 0xef, 0xff, 0xff, 0xff, 0xff,
    0xd3, 0x0, 0x0, 0x0, 0x0, 0x6a, 0xdf, 0xfe,
    0xd9, 0x40, 0x0, 0x0,

    /* U+0054 "T" */
    0x9f, 0xff, 0xff, 0xff, 0xff, 0xff, 0xff, 0xff,
    0xff, 0x79, 0xff, 0xff, 0xff, 0xff, 0xff, 0xff,
    0xff, 0xff, 0xf7, 0x9f, 0xff, 0xff, 0xff, 0xff,
    0xff, 0xff, 0xff, 0xff, 0x71, 0x11, 0x11, 0x11,
    0x6f, 0xff, 0x51, 0x11, 0x11, 0x10, 0x0, 0x0,
    0x0, 0x5, 0xff, 0xf4, 0x0, 0x0, 0x0, 0x0,
    0x0, 0x0, 0x0, 0x5f, 0xff, 0x40, 0x0, 0x0,
    0x0, 0x0, 0x0, 0x0, 0x5, 0xff, 0xf4, 0x0,
    0x0, 0x0, 0x0, 0x0, 0x0, 0x0, 0x5f, 0xff,
    0x40, 0x0, 0x0, 0x0, 0x0, 0x0, 0x0, 0x5,
    0xff, 0xf4, 0x0, 0x0, 0x0, 0x0, 0x0, 0x0,
    0x0, 0x5f, 0xff, 0x40, 0x0, 0x0, 0x0, 0x0,
    0x0, 0x0, 0x5, 0xff, 0xf4, 0x0, 0x0, 0x0,
    0x0, 0x0, 0x0, 0x0, 0x5f, 0xff, 0x40, 0x0,
    0x0, 0x0, 0x0, 0x0, 0x0, 0x5, 0xff, 0xf4,
    0x0, 0x0, 0x0, 0x0, 0x0, 0x0, 0x0, 0x5f,
    0xff, 0x40, 0x0, 0x0, 0x0, 0x0, 0x0, 0x0,
    0x5, 0xff, 0xf4, 0x0, 0x0, 0x0, 0x0, 0x0,
    0x0, 0x0, 0x5f, 0xff, 0x40, 0x0, 0x0, 0x0,
    0x0, 0x0, 0x0, 0x5, 0xff, 0xf4, 0x0, 0x0,
    0x0, 0x0, 0x0, 0x0, 0x0, 0x5f, 0xff, 0x40,
    0x0, 0x0, 0x0, 0x0, 0x0, 0x0, 0x5, 0xff,
    0xf4, 0x0, 0x0, 0x0, 0x0, 0x0, 0x0, 0x0,
    0x5f, 0xff, 0x40, 0x0, 0x0, 0x0, 0x0, 0x0,
    0x0, 0x5, 0xff, 0xf4, 0x0, 0x0, 0x0, 0x0,
    0x0, 0x0, 0x0, 0x5f, 0xff, 0x40, 0x0, 0x0,
    0x0, 0x0, 0x0, 0x0, 0x5, 0xff, 0xf4, 0x0,
    0x0, 0x0, 0x0, 0x0, 0x0, 0x0, 0x5f, 0xff,
    0x40, 0x0, 0x0, 0x0,

    /* U+0055 "U" */
    0x6f, 0xff, 0x20, 0x0, 0x0, 0x0, 0x0, 0x7,
    0xff, 0xf1, 0x6f, 0xff, 0x20, 0x0, 0x0, 0x0,
    0x0, 0x7, 0xff, 0xf1, 0x6f, 0xff, 0x20, 0x0,
    0x0, 0x0, 0x0, 0x7, 0xff, 0xf1, 0x6f, 0xff,
    0x20, 0x0, 0x0, 0x0, 0x0, 0x7, 0xff, 0xf1,
    0x6f, 0xff, 0x20, 0x0, 0x0, 0x0, 0x0, 0x7,
    0xff, 0xf1, 0x6f, 0xff, 0x20, 0x0, 0x0, 0x0,
    0x0, 0x7, 0xff, 0xf1, 0x6f, 0xff, 0x20, 0x0,
    0x0, 0x0, 0x0, 0x7, 0xff, 0xf1, 0x6f, 0xff,
    0x20, 0x0, 0x0, 0x0, 0x0, 0x7, 0xff, 0xf1,
    0x6f, 0xff, 0x20, 0x0, 0x0, 0x0, 0x0, 0x7,
    0xff, 0xf1, 0x6f, 0xff, 0x20, 0x0, 0x0, 0x0,
    0x0, 0x7, 0xff, 0xf1, 0x6f, 0xff, 0x20, 0x0,
    0x0, 0x0, 0x0, 0x7, 0xff, 0xf1, 0x6f, 0xff,
    0x20, 0x0, 0x0, 0x0, 0x0, 0x7, 0xff, 0xf1,
    0x6f, 0xff, 0x20, 0x0, 0x0, 0x0, 0x0, 0x7,
    0xff, 0xf1, 0x6f, 0xff, 0x20, 0x0, 0x0, 0x0,
    0x0, 0x7, 0xff, 0xf1, 0x6f, 0xff, 0x20, 0x0,
    0x0, 0x0, 0x0, 0x7, 0xff, 0xf1, 0x6f, 0xff,
    0x20, 0x0, 0x0, 0x0, 0x0, 0x7, 0xff, 0xf1,
    0x5f, 0xff, 0x40, 0x0, 0x0, 0x0, 0x0, 0x9,
    0xff, 0xf0, 0x3f, 0xff, 0x90, 0x0, 0x0, 0x0,
    0x0, 0xe, 0xff, 0xe0, 0xe, 0xff, 0xf2, 0x0,
    0x0, 0x0, 0x0, 0x7f, 0xff, 0x90, 0x7, 0xff,
    0xfe, 0x30, 0x0, 0x0, 0x6, 0xff, 0xff, 0x20,
    0x0, 0xcf, 0xff, 0xfb, 0x64, 0x57, 0xdf, 0xff,
    0xf7, 0x0, 0x0, 0x1d, 0xff, 0xff, 0xff, 0xff,
    0xff, 0xff, 0x90, 0x0, 0x0, 0x0, 0x9f, 0xff,
    0xff, 0xff, 0xff, 0xf6, 0x0, 0x0, 0x0, 0x0,
    0x2, 0x8c, 0xef, 0xfe, 0xb6, 0x10, 0x0, 0x0,

    /* U+0056 "V" */
    0xf, 0xff, 0xc0, 0x0, 0x0, 0x0, 0x0, 0x0,
    0x2, 0xff, 0xfb, 0xa, 0xff, 0xf2, 0x0, 0x0,
    0x0, 0x0, 0x0, 0x7, 0xff, 0xf5, 0x5, 0xff,
    0xf7, 0x0, 0x0, 0x0, 0x0, 0x0, 0xc, 0xff,
    0xf0, 0x0, 0xff, 0xfd, 0x0, 0x0, 0x0, 0x0,
    0x0, 0x2f, 0xff, 0xa0, 0x0, 0xaf, 0xff, 0x20,
    0x0, 0x0, 0x0, 0x0, 0x7f, 0xff, 0x50, 0x0,
    0x4f, 0xff, 0x80, 0x0, 0x0, 0x0, 0x0, 0xcf,
    0xff, 0x0, 0x0, 0xe, 0xff, 0xd0, 0x0, 0x0,
    0x0, 0x1, 0xff, 0xfa, 0x0, 0x0, 0x9, 0xff,
    0xf2, 0x0, 0x0, 0x0, 0x7, 0xff, 0xf4, 0x0,
    0x0, 0x3, 0xff, 0xf8, 0x0, 0x0, 0x0, 0xc,
    0xff, 0xe0, 0x0, 0x0, 0x0, 0xdf, 0xfd, 0x0,
    0x0, 0x0, 0x1f, 0xff, 0x90, 0x0, 0x0, 0x0,
    0x8f, 0xff, 0x30, 0x0, 0x0, 0x7f, 0xff, 0x40,
    0x0, 0x0, 0x0, 0x2f, 0xff, 0x80, 0x0, 0x0,
    0xcf, 0xfe, 0x0, 0x0, 0x0, 0x0, 0xd, 0xff,
    0xe0, 0x0, 0x1, 0xff, 0xf8, 0x0, 0x0, 0x0,
    0x0, 0x7, 0xff, 0xf3, 0x0, 0x6, 0xff, 0xf3,
    0x0, 0x0, 0x0, 0x0, 0x1, 0xff, 0xf8, 0x0,
    0xb, 0xff, 0xd0, 0x0, 0x0, 0x0, 0x0, 0x0,
    0xcf, 0xfd, 0x0, 0xf, 0xff, 0x80, 0x0, 0x0,
    0x0, 0x0, 0x0, 0x6f, 0xff, 0x20, 0x4f, 0xff,
    0x20, 0x0, 0x0, 0x0, 0x0, 0x0, 0x1f, 0xff,
    0x60, 0x9f, 0xfd, 0x0, 0x0, 0x0, 0x0, 0x0,
    0x0, 0xb, 0xff, 0xb0, 0xef, 0xf7, 0x0, 0x0,
    0x0, 0x0, 0x0, 0x0, 0x5, 0xff, 0xf3, 0xff,
    0xf2, 0x0, 0x0, 0x0, 0x0, 0x0, 0x0, 0x0,
    0xff, 0xfb, 0xff, 0xc0, 0x0, 0x0, 0x0, 0x0,
    0x0, 0x0, 0x0, 0xaf, 0xff, 0xff, 0x70, 0x0,
    0x0, 0x0, 0x0, 0x0, 0x0, 0x0, 0x4f, 0xff,
    0xff, 0x10, 0x0, 0x0, 0x0, 0x0, 0x0, 0x0,
    0x0, 0xe, 0xff, 0xfc, 0x0, 0x0, 0x0, 0x0,

    /* U+0057 "W" */
    0x1f, 0xff, 0xa0, 0x0, 0x0, 0x0, 0x0, 0xff,
    0xff, 0x10, 0x0, 0x0, 0x0, 0x9, 0xff, 0xf2,
    0xc, 0xff, 0xe0, 0x0, 0x0, 0x0, 0x4, 0xff,
    0xff, 0x50, 0x0, 0x0, 0x0, 0xd, 0xff, 0xe0,
    0x8, 0xff, 0xf2, 0x0, 0x0, 0x0, 0x8, 0xff,
    0xff, 0x90, 0x0, 0x0, 0x0, 0x1f, 0xff, 0xa0,
    0x4, 0xff, 0xf6, 0x0, 0x0, 0x0, 0xc, 0xff,
    0xff, 0xd0, 0x0, 0x0, 0x0, 0x5f, 0xff, 0x50,
    0x0, 0xff, 0xfa, 0x0, 0x0, 0x0, 0xf, 0xff,
    0xef, 0xf1, 0x0, 0x0, 0x0, 0x9f, 0xff, 0x10,
    0x0, 0xcf, 0xfe, 0x0, 0x0, 0x0, 0x4f, 0xfc,
    0xcf, 0xf5, 0x0, 0x0, 0x0, 0xdf, 0xfd, 0x0,
    0x0, 0x7f, 0xff, 0x20, 0x0, 0x0, 0x8f, 0xf9,
    0x9f, 0xf9, 0x0, 0x0, 0x1, 0xff, 0xf9, 0x0,
    0x0, 0x3f, 0xff, 0x60, 0x0, 0x0, 0xcf, 0xf6,
    0x6f, 0xfd, 0x0, 0x0, 0x5, 0xff, 0xf5, 0x0,
    0x0, 0xf, 0xff, 0x90, 0x0, 0x0, 0xff, 0xf3,
    0x2f, 0xff, 0x10, 0x0, 0x9, 0xff, 0xf0, 0x0,
    0x0, 0xb, 0xff, 0xd0, 0x0, 0x4, 0xff, 0xf0,
    0xe, 0xff, 0x50, 0x0, 0xc, 0xff, 0xc0, 0x0,
    0x0, 0x7, 0xff, 0xf1, 0x0, 0x8, 0xff, 0xb0,
    0xa, 0xff, 0x90, 0x0, 0xf, 0xff, 0x80, 0x0,
    0x0, 0x2, 0xff, 0xf5, 0x0, 0xc, 0xff, 0x70,
    0x6, 0xff, 0xd0, 0x0, 0x4f, 0xff, 0x40, 0x0,
    0x0, 0x0, 0xef, 0xf9, 0x0, 0xf, 0xff, 0x30,
    0x2, 0xff, 0xf1, 0x0, 0x8f, 0xff, 0x0, 0x0,
    0x0, 0x0, 0xaf, 0xfd, 0x0, 0x4f, 0xff, 0x0,
    0x0, 0xef, 0xf5, 0x0, 0xcf, 0xfb, 0x0, 0x0,
    0x0, 0x0, 0x6f, 0xff, 0x10, 0x8f, 0xfb, 0x0,
    0x0, 0xaf, 0xf9, 0x0, 0xff, 0xf7, 0x0, 0x0,
    0x0, 0x0, 0x2f, 0xff, 0x40, 0xcf, 0xf6, 0x0,
    0x0, 0x5f, 0xfd, 0x3, 0xff, 0xf3, 0x0, 0x0,
    0x0, 0x0, 0xd, 0xff, 0x70, 0xff, 0xf2, 0x0,
    0x0, 0x1f, 0xff, 0x7, 0xff, 0xe0, 0x0, 0x0,
    0x0, 0x0, 0x9, 0xff, 0xb3, 0xff, 0xe0, 0x0,
    0x0, 0xd, 0xff, 0x4a, 0xff, 0xa0, 0x0, 0x0,
    0x0, 0x0, 0x5, 0xff, 0xd6, 0xff, 0xa0, 0x0,
    0x0, 0x9, 0xff, 0x7d, 0xff, 0x60, 0x0, 0x0,
    0x0, 0x0, 0x1, 0xff, 0xfa, 0xff, 0x60, 0x0,
    0x0, 0x5, 0xff, 0xaf, 0xff, 0x20, 0x0, 0x0,
    0x0, 0x0, 0x0, 0xdf, 0xff, 0xff, 0x20, 0x0,
    0x0, 0x1, 0xff, 0xff, 0xfe, 0x0, 0x0, 0x0,
    0x0, 0x0, 0x0, 0x8f, 0xff, 0xfe, 0x0, 0x0,
    0x0, 0x0, 0xcf, 0xff, 0xf9, 0x0, 0x0, 0x0,
    0x0, 0x0, 0x0, 0x4f, 0xff, 0xf9, 0x0, 0x0,
    0x0, 0x0, 0x8f, 0xff, 0xf5, 0x0, 0x0, 0x0,
    0x0, 0x0, 0x0, 0xf, 0xff, 0xf5, 0x0, 0x0,
    0x0, 0x0, 0x4f, 0xff, 0xf1, 0x0, 0x0, 0x0,

    /* U+0058 "X" */
    0x3, 0xff, 0xfd, 0x0, 0x0, 0x0, 0x0, 0x0,
    0x5f, 0xff, 0xb0, 0x0, 0x8f, 0xff, 0x90, 0x0,
    0x0, 0x0, 0x1, 0xef, 0xff, 0x10, 0x0, 0xd,
    0xff, 0xf3, 0x0, 0x0, 0x0, 0xa, 0xff, 0xf6,
    0x0, 0x0, 0x3, 0xff, 0xfd, 0x0, 0x0, 0x0,
    0x5f, 0xff, 0xb0, 0x0, 0x0, 0x0, 0x9f, 0xff,
    0x80, 0x0, 0x1, 0xef, 0xff, 0x10, 0x0, 0x0,
    0x0, 0xd, 0xff, 0xf2, 0x0, 0xa, 0xff, 0xf6,
    0x0, 0x0, 0x0, 0x0, 0x3, 0xff, 0xfc, 0x0,
    0x4f, 0xff, 0xb0, 0x0, 0x0, 0x0, 0x0, 0x0,
    0x9f, 0xff, 0x50, 0xdf, 0xfe, 0x10, 0x0, 0x0,
    0x0, 0x0, 0x0, 0xd, 0xff, 0xd5, 0xff, 0xf5,
    0x0, 0x0, 0x0, 0x0, 0x0, 0x0, 0x4, 0xff,
    0xff, 0xff, 0xb0, 0x0, 0x0, 0x0, 0x0, 0x0,
    0x0, 0x0, 0x9f, 0xff, 0xfe, 0x10, 0x0, 0x0,
    0x0, 0x0, 0x0, 0x0, 0x0, 0xf, 0xff, 0xf7,
    0x0, 0x0, 0x0, 0x0, 0x0, 0x0, 0x0, 0x0,
    0x5f, 0xff, 0xfd, 0x0, 0x0, 0x0, 0x0, 0x0,
    0x0, 0x0, 0x1, 0xef, 0xff, 0xff, 0x90, 0x0,
    0x0, 0x0, 0x0, 0x0, 0x0, 0xb, 0xff, 0xfb,
    0xff, 0xf3, 0x0, 0x0, 0x0, 0x0, 0x0, 0x0,
    0x6f, 0xff, 0x81, 0xff, 0xfd, 0x0, 0x0, 0x0,
    0x0, 0x0, 0x1, 0xff, 0xfe, 0x0, 0x8f, 0xff,
    0x90, 0x0, 0x0, 0x0, 0x0, 0xb, 0xff, 0xf4,
    0x0, 0xd, 0xff, 0xf3, 0x0, 0x0, 0x0, 0x0,
    0x6f, 0xff, 0xa0, 0x0, 0x3, 0xff, 0xfd, 0x0,
    0x0, 0x0, 0x2, 0xff, 0xfe, 0x10, 0x0, 0x0,
    0x9f, 0xff, 0x90, 0x0, 0x0, 0xc, 0xff, 0xf4,
    0x0, 0x0, 0x0, 0xd, 0xff, 0xf3, 0x0, 0x0,
    0x7f, 0xff, 0xa0, 0x0, 0x0, 0x0, 0x4, 0xff,
    0xfd, 0x0, 0x2, 0xff, 0xfe, 0x10, 0x0, 0x0,
    0x0, 0x0, 0x9f, 0xff, 0x90, 0xc, 0xff, 0xf4,
    0x0, 0x0, 0x0, 0x0, 0x0, 0xe, 0xff, 0xf3,

    /* U+0059 "Y" */
    0xd, 0xff, 0xf3, 0x0, 0x0, 0x0, 0x0, 0x0,
    0xe, 0xff, 0xf3, 0x5, 0xff, 0xfc, 0x0, 0x0,
    0x0, 0x0, 0x0, 0x8f, 0xff, 0x90, 0x0, 0xbf,
    0xff, 0x60, 0x0, 0x0, 0x0, 0x1, 0xff, 0xfe,
    0x10, 0x0, 0x2f, 0xff, 0xe0, 0x0, 0x0, 0x0,
    0xa, 0xff, 0xf6, 0x0, 0x0, 0x8, 0xff, 0xf8,
    0x0, 0x0, 0x0, 0x3f, 0xff, 0xc0, 0x0, 0x0,
    0x0, 0xef, 0xff, 0x20, 0x0, 0x0, 0xcf, 0xff,
    0x30, 0x0, 0x0, 0x0, 0x5f, 0xff, 0xa0, 0x0,
    0x5, 0xff, 0xfa, 0x0, 0x0, 0x0, 0x0, 0xc,
    0xff, 0xf3, 0x0, 0xd, 0xff, 0xf1, 0x0, 0x0,
    0x0, 0x0, 0x2, 0xff, 0xfc, 0x0, 0x7f, 0xff,
    0x70, 0x0, 0x0, 0x0, 0x0, 0x0, 0x9f, 0xff,
    0x50, 0xef, 0xfd, 0x0, 0x0, 0x0, 0x0, 0x0,
    0x0, 0xe, 0xff, 0xc6, 0xff, 0xf4, 0x0, 0x0,
    0x0, 0x0, 0x0, 0x0, 0x6, 0xff, 0xfe, 0xff,
    0xa0, 0x0, 0x0, 0x0, 0x0, 0x0, 0x0, 0x0,
    0xcf, 0xff, 0xff, 0x20, 0x0, 0x0, 0x0, 0x0,
    0x0, 0x0, 0x0, 0x3f, 0xff, 0xf7, 0x0, 0x0,
    0x0, 0x0, 0x0, 0x0, 0x0, 0x0, 0xa, 0xff,
    0xf0, 0x0, 0x0, 0x0, 0x0, 0x0, 0x0, 0x0,
    0x0, 0xa, 0xff, 0xf0, 0x0, 0x0, 0x0, 0x0,
    0x0, 0x0, 0x0, 0x0, 0xa, 0xff, 0xf0, 0x0,
    0x0, 0x0, 0x0, 0x0, 0x0, 0x0, 0x0, 0xa,
    0xff, 0xf0, 0x0, 0x0, 0x0, 0x0, 0x0, 0x0,
    0x0, 0x0, 0xa, 0xff, 0xf0, 0x0, 0x0, 0x0,
    0x0, 0x0, 0x0, 0x0, 0x0, 0xa, 0xff, 0xf0,
    0x0, 0x0, 0x0, 0x0, 0x0, 0x0, 0x0, 0x0,
    0xa, 0xff, 0xf0, 0x0, 0x0, 0x0, 0x0, 0x0,
    0x0, 0x0, 0x0, 0xa, 0xff, 0xf0, 0x0, 0x0,
    0x0, 0x0, 0x0, 0x0, 0x0, 0x0, 0xa, 0xff,
    0xf0, 0x0, 0x0, 0x0, 0x0, 0x0, 0x0, 0x0,
    0x0, 0xa, 0xff, 0xf0, 0x0, 0x0, 0x0, 0x0,

    /* U+005A "Z" */
    0x2f, 0xff, 0xff, 0xff, 0xff, 0xff, 0xff, 0xff,
    0xf8, 0x2f, 0xff, 0xff, 0xff, 0xff, 0xff, 0xff,
    0xff, 0xf8, 0x2f, 0xff, 0xff, 0xff, 0xff, 0xff,
    0xff, 0xff, 0xf6, 0x1, 0x11, 0x11, 0x11, 0x11,
    0x11, 0x1d, 0xff, 0xc0, 0x0, 0x0, 0x0, 0x0,
    0x0, 0x0, 0xaf, 0xff, 0x20, 0x0, 0x0, 0x0,
    0x0, 0x0, 0x5, 0xff, 0xf8, 0x0, 0x0, 0x0,
    0x0, 0x0, 0x0, 0x1f, 0xff, 0xd0, 0x0, 0x0,
    0x0, 0x0, 0x0, 0x0, 0xbf, 0xff, 0x30, 0x0,
    0x0, 0x0, 0x0, 0x0, 0x6, 0xff, 0xf8, 0x0,
    0x0, 0x0, 0x0, 0x0, 0x0, 0x1e, 0xff, 0xd0,
    0x0, 0x0, 0x0, 0x0, 0x0, 0x0, 0xbf, 0xff,
    0x30, 0x0, 0x0, 0x0, 0x0, 0x0, 0x5, 0xff,
    0xf8, 0x0, 0x0, 0x0, 0x0, 0x0, 0x0, 0x1e,
    0xff, 0xd0, 0x0, 0x0, 0x0, 0x0, 0x0, 0x0,
    0xaf, 0xff, 0x30, 0x0, 0x0, 0x0, 0x0, 0x0,
    0x5, 0xff, 0xf8, 0x0, 0x0, 0x0, 0x0, 0x0,
    0x0, 0x1e, 0xff, 0xd0, 0x0, 0x0, 0x0, 0x0,
    0x0, 0x0, 0xaf, 0xff, 0x30, 0x0, 0x0, 0x0,
    0x0, 0x0, 0x5, 0xff, 0xf9, 0x0, 0x0, 0x0,
    0x0, 0x0, 0x0, 0x1e, 0xff, 0xd0, 0x0, 0x0,
    0x0, 0x0, 0x0, 0x0, 0xaf, 0xff, 0x20, 0x0,
    0x0, 0x0, 0x0, 0x0, 0x4, 0xff, 0xf7, 0x11,
    0x11, 0x11, 0x11, 0x11, 0x10, 0xe, 0xff, 0xff,
    0xff, 0xff, 0xff, 0xff, 0xff, 0xfa, 0xf, 0xff,
    0xff, 0xff, 0xff, 0xff, 0xff, 0xff, 0xfa, 0xf,
    0xff, 0xff, 0xff, 0xff, 0xff, 0xff, 0xff, 0xfa,

    /* U+005B "[" */
    0x9d, 0xdd, 0xdd, 0xdb, 0xff, 0xff, 0xff, 0xbf,
    0xff, 0xff, 0xfb, 0xff, 0x90, 0x0, 0xbf, 0xf9,
    0x0, 0xb, 0xff, 0x90, 0x0, 0xbf, 0xf9, 0x0,
    0xb, 0xff, 0x90, 0x0, 0xbf, 0xf9, 0x0, 0xb,
    0xff, 0x90, 0x0, 0xbf, 0xf9, 0x0, 0xb, 0xff,
    0x90, 0x0, 0xbf, 0xf9, 0x0, 0xb, 0xff, 0x90,
    0x0, 0xbf, 0xf9, 0x0, 0xb, 0xff, 0x90, 0x0,
    0xbf, 0xf9, 0x0, 0xb, 0xff, 0x90, 0x0, 0xbf,
    0xf9, 0x0, 0xb, 0xff, 0x90, 0x0, 0xbf, 0xf9,
    0x0, 0xb, 0xff, 0x90, 0x0, 0xbf, 0xf9, 0x0,
    0xb, 0xff, 0x90, 0x0, 0xbf, 0xf9, 0x0, 0xb,
    0xff, 0x90, 0x0, 0xbf, 0xf9, 0x0, 0xb, 0xff,
    0xed, 0xdd, 0xbf, 0xff, 0xff, 0xfb, 0xff, 0xff,
    0xff,

    /* U+005C "\\" */
    0x28, 0x86, 0x0, 0x0, 0x0, 0x0, 0x1f, 0xff,
    0x0, 0x0, 0x0, 0x0, 0xd, 0xff, 0x30, 0x0,
    0x0, 0x0, 0x9, 0xff, 0x70, 0x0, 0x0, 0x0,
    0x5, 0xff, 0xc0, 0x0, 0x0, 0x0, 0x1, 0xff,
    0xf0, 0x0, 0x0, 0x0, 0x0, 0xcf, 0xf4, 0x0,
    0x0, 0x0, 0x0, 0x8f, 0xf8, 0x0, 0x0, 0x0,
    0x0, 0x4f, 0xfc, 0x0, 0x0, 0x0, 0x0, 0xf,
    0xff, 0x10, 0x0, 0x0, 0x0, 0xb, 0xff, 0x50,
    0x0, 0x0, 0x0, 0x7, 0xff, 0x90, 0x0, 0x0,
    0x0, 0x3, 0xff, 0xd0, 0x0, 0x0, 0x0, 0x0,
    0xff, 0xf1, 0x0, 0x0, 0x0, 0x0, 0xbf, 0xf6,
    0x0, 0x0, 0x0, 0x0, 0x6f, 0xfa, 0x0, 0x0,
    0x0, 0x0, 0x2f, 0xfe, 0x0, 0x0, 0x0, 0x0,
    0xe, 0xff, 0x20, 0x0, 0x0, 0x0, 0xa, 0xff,
    0x70, 0x0, 0x0, 0x0, 0x6, 0xff, 0xb0, 0x0,
    0x0, 0x0, 0x1, 0xff, 0xf0, 0x0, 0x0, 0x0,
    0x0, 0xdf, 0xf3, 0x0, 0x0, 0x0, 0x0, 0x9f,
    0xf7, 0x0, 0x0, 0x0, 0x0, 0x5f, 0xfc, 0x0,
    0x0, 0x0, 0x0, 0x1f, 0xff, 0x0, 0x0, 0x0,
    0x0, 0xc, 0xff, 0x40, 0x0, 0x0, 0x0, 0x8,
    0xff, 0x80, 0x0, 0x0, 0x0, 0x4, 0xff, 0xc0,
    0x0, 0x0, 0x0, 0x0, 0xff, 0xf1,

    /* U+005D "]" */
    0x2d, 0xdd, 0xdd, 0xd6, 0x3f, 0xff, 0xff, 0xf8,
    0x3f, 0xff, 0xff, 0xf8, 0x0, 0x0, 0xcf, 0xf8,
    0x0, 0x0, 0xcf, 0xf8, 0x0, 0x0, 0xcf, 0xf8,
    0x0, 0x0, 0xcf, 0xf8, 0x0, 0x0, 0xcf, 0xf8,
    0x0, 0x0, 0xcf, 0xf8, 0x0, 0x0, 0xcf, 0xf8,
    0x0, 0x0, 0xcf, 0xf8, 0x0, 0x0, 0xcf, 0xf8,
    0x0, 0x0, 0xcf, 0xf8, 0x0, 0x0, 0xcf, 0xf8,
    0x0, 0x0, 0xcf, 0xf8, 0x0, 0x0, 0xcf, 0xf8,
    0x0, 0x0, 0xcf, 0xf8, 0x0, 0x0, 0xcf, 0xf8,
    0x0, 0x0, 0xcf, 0xf8, 0x0, 0x0, 0xcf, 0xf8,
    0x0, 0x0, 0xcf, 0xf8, 0x0, 0x0, 0xcf, 0xf8,
    0x0, 0x0, 0xcf, 0xf8, 0x0, 0x0, 0xcf, 0xf8,
    0x0, 0x0, 0xcf, 0xf8, 0x0, 0x0, 0xcf, 0xf8,
    0x0, 0x0, 0xcf, 0xf8, 0x2d, 0xdd, 0xff, 0xf8,
    0x3f, 0xff, 0xff, 0xf8, 0x3f, 0xff, 0xff, 0xf8,

    /* U+005E "^" */
    0x0, 0x0, 0x4f, 0xff, 0x80, 0x0, 0x0, 0x0,
    0x0, 0xcf, 0xff, 0xf0, 0x0, 0x0, 0x0, 0x3,
    0xff, 0xef, 0xf7, 0x0, 0x0, 0x0, 0xb, 0xff,
    0x3e, 0xfe, 0x0, 0x0, 0x0, 0x2f, 0xfb, 0x7,
    0xff, 0x60, 0x0, 0x0, 0xaf, 0xf4, 0x1, 0xff,
    0xe0, 0x0, 0x2, 0xff, 0xd0, 0x0, 0x9f, 0xf5,
    0x0, 0x9, 0xff, 0x60, 0x0, 0x2f, 0xfd, 0x0,
    0x1f, 0xfe, 0x0, 0x0, 0xb, 0xff, 0x50, 0x8f,
    0xf8, 0x0, 0x0, 0x3, 0xff, 0xc0,

    /* U+005F "_" */
    0xff, 0xff, 0xff, 0xff, 0xff, 0xff, 0xff, 0xcf,
    0xff, 0xff, 0xff, 0xff, 0xff, 0xff, 0xfd, 0xff,
    0xff, 0xff, 0xff, 0xff, 0xff, 0xff, 0xd0,

    /* U+0060 "`" */
    0x4c, 0xcc, 0x10, 0x0, 0xcf, 0xf8, 0x0, 0x2,
    0xff, 0xe0, 0x0, 0x7, 0xff, 0x60, 0x0, 0xd,
    0xfe, 0x0,

    /* U+0061 "a" */
    0x0, 0x0, 0x5a, 0xdf, 0xfd, 0xa5, 0x0, 0x0,
    0x2, 0xdf, 0xff, 0xff, 0xff, 0xfc, 0x10, 0x2,
    0xef, 0xff, 0xfe, 0xef, 0xff, 0xfc, 0x0, 0xcf,
    0xff, 0x91, 0x0, 0x1a, 0xff, 0xf5, 0x8, 0xdf,
    0x70, 0x0, 0x0, 0xd, 0xff, 0xa0, 0x0, 0x10,
    0x0, 0x0, 0x0, 0xaf, 0xfc, 0x0, 0x0, 0x0,
    0x0, 0x0, 0xc, 0xff, 0xd0, 0x0, 0x0, 0x35,
    0x8a, 0xcf, 0xff, 0xfd, 0x0, 0x3b, 0xff, 0xff,
    0xff, 0xff, 0xff, 0xd0, 0x7f, 0xff, 0xff, 0xfd,
    0xb7, 0xaf, 0xfd, 0x3f, 0xff, 0xe7, 0x20, 0x0,
    0x9, 0xff, 0xd8, 0xff, 0xe1, 0x0, 0x0, 0x0,
    0x9f, 0xfd, 0xaf, 0xfb, 0x0, 0x0, 0x0, 0xc,
    0xff, 0xd9, 0xff, 0xd0, 0x0, 0x0, 0x5, 0xff,
    0xfd, 0x6f, 0xff, 0x91, 0x0, 0x17, 0xff, 0xff,
    0xd0, 0xef, 0xff, 0xfd, 0xdf, 0xff, 0xaf, 0xfd,
    0x2, 0xef, 0xff, 0xff, 0xff, 0x57, 0xff, 0xd0,
    0x0, 0x7c, 0xef, 0xd9, 0x20, 0x7f, 0xfd,

    /* U+0062 "b" */
    0xbf, 0xfc, 0x0, 0x0, 0x0, 0x0, 0x0, 0x0,
    0xb, 0xff, 0xc0, 0x0, 0x0, 0x0, 0x0, 0x0,
    0x0, 0xbf, 0xfc, 0x0, 0x0, 0x0, 0x0, 0x0,
    0x0, 0xb, 0xff, 0xc0, 0x0, 0x0, 0x0, 0x0,
    0x0, 0x0, 0xbf, 0xfc, 0x0, 0x0, 0x0, 0x0,
    0x0, 0x0, 0xb, 0xff, 0xc0, 0x0, 0x0, 0x0,
    0x0, 0x0, 0x0, 0xbf, 0xfc, 0x0, 0x7d, 0xff,
    0xd8, 0x10, 0x0, 0xb, 0xff, 0xc1, 0xcf, 0xff,
    0xff, 0xff, 0x40, 0x0, 0xbf, 0xfc, 0xaf, 0xff,
    0xff, 0xff, 0xff, 0x40, 0xb, 0xff, 0xff, 0xd5,
    0x0, 0x2a, 0xff, 0xfe, 0x0, 0xbf, 0xff, 0xe1,
    0x0, 0x0, 0x9, 0xff, 0xf7, 0xb, 0xff, 0xf5,
    0x0, 0x0, 0x0, 0xe, 0xff, 0xc0, 0xbf, 0xff,
    0x0, 0x0, 0x0, 0x0, 0x9f, 0xff, 0xb, 0xff,
    0xc0, 0x0, 0x0, 0x0, 0x5, 0xff, 0xf2, 0xbf,
    0xfb, 0x0, 0x0, 0x0, 0x0, 0x4f, 0xff, 0x3b,
    0xff, 0xb0, 0x0, 0x0, 0x0, 0x4, 0xff, 0xf3,
    0xbf, 0xfc, 0x0, 0x0, 0x0, 0x0, 0x5f, 0xff,
    0x2b, 0xff, 0xf0, 0x0, 0x0, 0x0, 0x9, 0xff,
    0xf0, 0xbf, 0xff, 0x60, 0x0, 0x0, 0x0, 0xef,
    0xfc, 0xb, 0xff, 0xfe, 0x10, 0x0, 0x0, 0x9f,
    0xff, 0x70, 0xbf, 0xff, 0xfd, 0x50, 0x2, 0xaf,
    0xff, 0xe0, 0xb, 0xff, 0xaa, 0xff, 0xff, 0xff,
    0xff, 0xf4, 0x0, 0xbf, 0xfa, 0x1c, 0xff, 0xff,
    0xff, 0xf4, 0x0, 0xb, 0xff, 0xa0, 0x7, 0xdf,
    0xfd, 0x81, 0x0, 0x0,

    /* U+0063 "c" */
    0x0, 0x0, 0x6, 0xbe, 0xff, 0xc8, 0x20, 0x0,
    0x0, 0x0, 0x3e, 0xff, 0xff, 0xff, 0xff, 0x70,
    0x0, 0x0, 0x4f, 0xff, 0xff, 0xff, 0xff, 0xff,
    0x90, 0x0, 0x1e, 0xff, 0xf8, 0x20, 0x15, 0xef,
    0xff, 0x40, 0x9, 0xff, 0xf6, 0x0, 0x0, 0x2,
    0xef, 0xfb, 0x0, 0xff, 0xfc, 0x0, 0x0, 0x0,
    0x7, 0xc8, 0x40, 0x3f, 0xff, 0x50, 0x0, 0x0,
    0x0, 0x0, 0x0, 0x6, 0xff, 0xf2, 0x0, 0x0,
    0x0, 0x0, 0x0, 0x0, 0x7f, 0xff, 0x0, 0x0,
    0x0, 0x0, 0x0, 0x0, 0x7, 0xff, 0xf0, 0x0,
    0x0, 0x0, 0x0, 0x0, 0x0, 0x6f, 0xff, 0x20,
    0x0, 0x0, 0x0, 0x0, 0x0, 0x3, 0xff, 0xf5,
    0x0, 0x0, 0x0, 0x0, 0x0, 0x0, 0xf, 0xff,
    0xb0, 0x0, 0x0, 0x0, 0x7e, 0xa6, 0x0, 0x9f,
    0xff, 0x50, 0x0, 0x0, 0x2e, 0xff, 0xb0, 0x1,
    0xef, 0xff, 0x82, 0x1, 0x5e, 0xff, 0xf4, 0x0,
    0x4, 0xff, 0xff, 0xff, 0xff, 0xff, 0xf8, 0x0,
    0x0, 0x3, 0xef, 0xff, 0xff, 0xff, 0xf7, 0x0,
    0x0, 0x0, 0x0, 0x6b, 0xef, 0xfc, 0x82, 0x0,
    0x0,

    /* U+0064 "d" */
    0x0, 0x0, 0x0, 0x0, 0x0, 0x0, 0xf, 0xff,
    0x70, 0x0, 0x0, 0x0, 0x0, 0x0, 0x0, 0xff,
    0xf7, 0x0, 0x0, 0x0, 0x0, 0x0, 0x0, 0xf,
    0xff, 0x70, 0x0, 0x0, 0x0, 0x0, 0x0, 0x0,
    0xff, 0xf7, 0x0, 0x0, 0x0, 0x0, 0x0, 0x0,
    0xf, 0xff, 0x70, 0x0, 0x0, 0x0, 0x0, 0x0,
    0x0, 0xff, 0xf7, 0x0, 0x0, 0x39, 0xdf, 0xec,
    0x60, 0xf, 0xff, 0x70, 0x0, 0x7f, 0xff, 0xff,
    0xff, 0xa0, 0xff, 0xf7, 0x0, 0x7f, 0xff, 0xff,
    0xff, 0xff, 0x7f, 0xff, 0x70, 0x2f, 0xff, 0xf8,
    0x20, 0x16, 0xff, 0xff, 0xf7, 0xa, 0xff, 0xf5,
    0x0, 0x0, 0x3, 0xff, 0xff, 0x70, 0xff, 0xfb,
    0x0, 0x0, 0x0, 0x9, 0xff, 0xf7, 0x4f, 0xff,
    0x50, 0x0, 0x0, 0x0, 0x3f, 0xff, 0x75, 0xff,
    0xf2, 0x0, 0x0, 0x0, 0x0, 0xff, 0xf7, 0x7f,
    0xff, 0x0, 0x0, 0x0, 0x0, 0xe, 0xff, 0x77,
    0xff, 0xf0, 0x0, 0x0, 0x0, 0x0, 0xff, 0xf7,
    0x5f, 0xff, 0x20, 0x0, 0x0, 0x0, 0xf, 0xff,
    0x74, 0xff, 0xf6, 0x0, 0x0, 0x0, 0x3, 0xff,
    0xf7, 0xf, 0xff, 0xc0, 0x0, 0x0, 0x0, 0x9f,
    0xff, 0x70, 0xaf, 0xff, 0x60, 0x0, 0x0, 0x3f,
    0xff, 0xf7, 0x2, 0xff, 0xff, 0x82, 0x1, 0x6f,
    0xff, 0xff, 0x70, 0x7, 0xff, 0xff, 0xff, 0xff,
    0xf7, 0xef, 0xf7, 0x0, 0x7, 0xff, 0xff, 0xff,
    0xfa, 0xe, 0xff, 0x70, 0x0, 0x3, 0x9d, 0xff,
    0xc5, 0x0, 0xef, 0xf7,

    /* U+0065 "e" */
    0x0, 0x0, 0x6, 0xbe, 0xfe, 0xb6, 0x0, 0x0,
    0x0, 0x0, 0x3e, 0xff, 0xff, 0xff, 0xfe, 0x50,
    0x0, 0x0, 0x4f, 0xff, 0xff, 0xef, 0xff, 0xff,
    0x50, 0x0, 0x1e, 0xff, 0xe5, 0x0, 0x5, 0xef,
    0xff, 0x10, 0x8, 0xff, 0xf2, 0x0, 0x0, 0x2,
    0xff, 0xf9, 0x0, 0xef, 0xf7, 0x0, 0x0, 0x0,
    0x8, 0xff, 0xe0, 0x3f, 0xff, 0x10, 0x0, 0x0,
    0x0, 0x4f, 0xff, 0x25, 0xff, 0xf9, 0x99, 0x99,
    0x99, 0x9a, 0xff, 0xf4, 0x7f, 0xff, 0xff, 0xff,
    0xff, 0xff, 0xff, 0xff, 0x57, 0xff, 0xff, 0xff,
    0xff, 0xff, 0xff, 0xff, 0xf5, 0x5f, 0xff, 0x0,
    0x0, 0x0, 0x0, 0x0, 0x0, 0x3, 0xff, 0xf2,
    0x0, 0x0, 0x0, 0x0, 0x0, 0x0, 0xe, 0xff,
    0x80, 0x0, 0x0, 0x0, 0x12, 0x0, 0x0, 0x9f,
    0xff, 0x30, 0x0, 0x0, 0xa, 0xfe, 0xa0, 0x1,
    0xef, 0xff, 0x61, 0x0, 0x2a, 0xff, 0xf9, 0x0,
    0x4, 0xff, 0xff, 0xfe, 0xff, 0xff, 0xfd, 0x10,
    0x0, 0x3, 0xef, 0xff, 0xff, 0xff, 0xfb, 0x10,
    0x0, 0x0, 0x0, 0x6b, 0xef, 0xfd, 0xa4, 0x0,
    0x0,

    /* U+0066 "f" */
    0x0, 0x0, 0x0, 0x8d, 0xff, 0xd6, 0x0, 0x0,
    0x1e, 0xff, 0xff, 0xf6, 0x0, 0x0, 0xcf, 0xff,
    0xff, 0xf2, 0x0, 0x2, 0xff, 0xfc, 0x31, 0x30,
    0x0, 0x5, 0xff, 0xf3, 0x0, 0x0, 0x0, 0x6,
    0xff, 0xf1, 0x0, 0x0, 0x0, 0x6, 0xff, 0xf1,
    0x0, 0x0, 0xbf, 0xff, 0xff, 0xff, 0xff, 0xf0,
    0xbf, 0xff, 0xff, 0xff, 0xff, 0xf0, 0x9d, 0xde,
    0xff, 0xfd, 0xdd, 0xd0, 0x0, 0x6, 0xff, 0xf1,
    0x0, 0x0, 0x0, 0x6, 0xff, 0xf1, 0x0, 0x0,
    0x0, 0x6, 0xff, 0xf1, 0x0, 0x0, 0x0, 0x6,
    0xff, 0xf1, 0x0, 0x0, 0x0, 0x6, 0xff, 0xf1,
    0x0, 0x0, 0x0, 0x6, 0xff, 0xf1, 0x0, 0x0,
    0x0, 0x6, 0xff, 0xf1, 0x0, 0x0, 0x0, 0x6,
    0xff, 0xf1, 0x0, 0x0, 0x0, 0x6, 0xff, 0xf1,
    0x0, 0x0, 0x0, 0x6, 0xff, 0xf1, 0x0, 0x0,
    0x0, 0x6, 0xff, 0xf1, 0x0, 0x0, 0x0, 0x6,
    0xff, 0xf1, 0x0, 0x0, 0x0, 0x6, 0xff, 0xf1,
    0x0, 0x0, 0x0, 0x6, 0xff, 0xf1, 0x0, 0x0,
    0x0, 0x6, 0xff, 0xf1, 0x0, 0x0,

    /* U+0067 "g" */
    0x0, 0x0, 0x29, 0xdf, 0xfc, 0x60, 0xd, 0xff,
    0x80, 0x0, 0x6f, 0xff, 0xff, 0xff, 0xa0, 0xdf,
    0xf8, 0x0, 0x6f, 0xff, 0xff, 0xff, 0xff, 0x8d,
    0xff, 0x80, 0x1f, 0xff, 0xf8, 0x20, 0x16, 0xff,
    0xff, 0xf8, 0x9, 0xff, 0xf6, 0x0, 0x0, 0x3,
    0xff, 0xff, 0x80, 0xef, 0xfc, 0x0, 0x0, 0x0,
    0x9, 0xff, 0xf8, 0x3f, 0xff, 0x60, 0x0, 0x0,
    0x0, 0x3f, 0xff, 0x85, 0xff, 0xf2, 0x0, 0x0,
    0x0, 0x0, 0xff, 0xf8, 0x7f, 0xff, 0x0, 0x0,
    0x0, 0x0, 0xe, 0xff, 0x87, 0xff, 0xf0, 0x0,
    0x0, 0x0, 0x0, 0xef, 0xf8, 0x6f, 0xff, 0x10,
    0x0, 0x0, 0x0, 0xf, 0xff, 0x84, 0xff, 0xf5,
    0x0, 0x0, 0x0, 0x2, 0xff, 0xf8, 0x1f, 0xff,
    0xa0, 0x0, 0x0, 0x0, 0x8f, 0xff, 0x80, 0xbf,
    0xff, 0x40, 0x0, 0x0, 0x2f, 0xff, 0xf8, 0x3,
    0xff, 0xff, 0x60, 0x0, 0x5e, 0xff, 0xff, 0x80,
    0x8, 0xff, 0xff, 0xff, 0xff, 0xf7, 0xef, 0xf8,
    0x0, 0x8, 0xff, 0xff, 0xff, 0xfb, 0xe, 0xff,
    0x80, 0x0, 0x2, 0x9d, 0xff, 0xc6, 0x0, 0xef,
    0xf8, 0x0, 0x0, 0x0, 0x0, 0x0, 0x0, 0xe,
    0xff, 0x70, 0x0, 0x0, 0x0, 0x0, 0x0, 0x1,
    0xff, 0xf6, 0x0, 0x5d, 0x80, 0x0, 0x0, 0x0,
    0x7f, 0xff, 0x20, 0x9f, 0xff, 0xa2, 0x0, 0x1,
    0x9f, 0xff, 0xc0, 0x1, 0xdf, 0xff, 0xfe, 0xde,
    0xff, 0xff, 0xe2, 0x0, 0x1, 0xbf, 0xff, 0xff,
    0xff, 0xff, 0xc2, 0x0, 0x0, 0x0, 0x39, 0xdf,
    0xfe, 0xd9, 0x40, 0x0, 0x0,

    /* U+0068 "h" */
    0xbf, 0xfb, 0x0, 0x0, 0x0, 0x0, 0x0, 0xb,
    0xff, 0xb0, 0x0, 0x0, 0x0, 0x0, 0x0, 0xbf,
    0xfb, 0x0, 0x0, 0x0, 0x0, 0x0, 0xb, 0xff,
    0xb0, 0x0, 0x0, 0x0, 0x0, 0x0, 0xbf, 0xfb,
    0x0, 0x0, 0x0, 0x0, 0x0, 0xb, 0xff, 0xb0,
    0x0, 0x0, 0x0, 0x0, 0x0, 0xbf, 0xfb, 0x0,
    0x7c, 0xef, 0xd8, 0x0, 0xb, 0xff, 0xb1, 0xcf,
    0xff, 0xff, 0xfe, 0x20, 0xbf, 0xfb, 0xbf, 0xff,
    0xff, 0xff, 0xfd, 0xb, 0xff, 0xff, 0xb4, 0x11,
    0x6f, 0xff, 0xf6, 0xbf, 0xff, 0xa0, 0x0, 0x0,
    0x4f, 0xff, 0xbb, 0xff, 0xf1, 0x0, 0x0, 0x0,
    0xcf, 0xfd, 0xbf, 0xfd, 0x0, 0x0, 0x0, 0x9,
    0xff, 0xeb, 0xff, 0xc0, 0x0, 0x0, 0x0, 0x8f,
    0xff, 0xbf, 0xfc, 0x0, 0x0, 0x0, 0x8, 0xff,
    0xfb, 0xff, 0xc0, 0x0, 0x0, 0x0, 0x8f, 0xff,
    0xbf, 0xfc, 0x0, 0x0, 0x0, 0x8, 0xff, 0xfb,
    0xff, 0xc0, 0x0, 0x0, 0x0, 0x8f, 0xff, 0xbf,
    0xfc, 0x0, 0x0, 0x0, 0x8, 0xff, 0xfb, 0xff,
    0xc0, 0x0, 0x0, 0x0, 0x8f, 0xff, 0xbf, 0xfc,
    0x0, 0x0, 0x0, 0x8, 0xff, 0xfb, 0xff, 0xc0,
    0x0, 0x0, 0x0, 0x8f, 0xff, 0xbf, 0xfc, 0x0,
    0x0, 0x0, 0x8, 0xff, 0xfb, 0xff, 0xc0, 0x0,
    0x0, 0x0, 0x8f, 0xff,

    /* U+0069 "i" */
    0x5, 0xee, 0x60, 0xf, 0xff, 0xf1, 0xf, 0xff,
    0xf2, 0x7, 0xff, 0x80, 0x0, 0x0, 0x0, 0x0,
    0x0, 0x0, 0x0, 0x0, 0x0, 0xb, 0xff, 0xc0,
    0xb, 0xff, 0xc0, 0xb, 0xff, 0xc0, 0xb, 0xff,
    0xc0, 0xb, 0xff, 0xc0, 0xb, 0xff, 0xc0, 0xb,
    0xff, 0xc0, 0xb, 0xff, 0xc0, 0xb, 0xff, 0xc0,
    0xb, 0xff, 0xc0, 0xb, 0xff, 0xc0, 0xb, 0xff,
    0xc0, 0xb, 0xff, 0xc0, 0xb, 0xff, 0xc0, 0xb,
    0xff, 0xc0, 0xb, 0xff, 0xc0, 0xb, 0xff, 0xc0,
    0xb, 0xff, 0xc0,

    /* U+006A "j" */
    0x0, 0x0, 0x0, 0x0, 0x0, 0x7, 0xff, 0x80,
    0x0, 0xf, 0xff, 0xf1, 0x0, 0xf, 0xff, 0xf1,
    0x0, 0x5, 0xee, 0x60, 0x0, 0x0, 0x0, 0x0,
    0x0, 0x0, 0x0, 0x0, 0x0, 0xb, 0xff, 0xc0,
    0x0, 0xb, 0xff, 0xc0, 0x0, 0xb, 0xff, 0xc0,
    0x0, 0xb, 0xff, 0xc0, 0x0, 0xb, 0xff, 0xc0,
    0x0, 0xb, 0xff, 0xc0, 0x0, 0xb, 0xff, 0xc0,
    0x0, 0xb, 0xff, 0xc0, 0x0, 0xb, 0xff, 0xc0,
    0x0, 0xb, 0xff, 0xc0, 0x0, 0xb, 0xff, 0xc0,
    0x0, 0xb, 0xff, 0xc0, 0x0, 0xb, 0xff, 0xc0,
    0x0, 0xb, 0xff, 0xc0, 0x0, 0xb, 0xff, 0xc0,
    0x0, 0xb, 0xff, 0xc0, 0x0, 0xb, 0xff, 0xc0,
    0x0, 0xb, 0xff, 0xc0, 0x0, 0xb, 0xff, 0xc0,
    0x0, 0xb, 0xff, 0xb0, 0x0, 0xd, 0xff, 0xa0,
    0x1, 0x8f, 0xff, 0x70, 0x8f, 0xff, 0xff, 0x10,
    0x8f, 0xff, 0xf5, 0x0, 0x8f, 0xea, 0x30, 0x0,

    /* U+006B "k" */
    0xbf, 0xfc, 0x0, 0x0, 0x0, 0x0, 0x0, 0x0,
    0xbf, 0xfc, 0x0, 0x0, 0x0, 0x0, 0x0, 0x0,
    0xbf, 0xfc, 0x0, 0x0, 0x0, 0x0, 0x0, 0x0,
    0xbf, 0xfc, 0x0, 0x0, 0x0, 0x0, 0x0, 0x0,
    0xbf, 0xfc, 0x0, 0x0, 0x0, 0x0, 0x0, 0x0,
    0xbf, 0xfc, 0x0, 0x0, 0x0, 0x0, 0x0, 0x0,
    0xbf, 0xfc, 0x0, 0x0, 0x0, 0x8f, 0xff, 0x90,
    0xbf, 0xfc, 0x0, 0x0, 0x6, 0xff, 0xfb, 0x0,
    0xbf, 0xfc, 0x0, 0x0, 0x5f, 0xff, 0xc0, 0x0,
    0xbf, 0xfc, 0x0, 0x3, 0xff, 0xfd, 0x10, 0x0,
    0xbf, 0xfc, 0x0, 0x2f, 0xff, 0xe1, 0x0, 0x0,
    0xbf, 0xfc, 0x2, 0xef, 0xfe, 0x20, 0x0, 0x0,
    0xbf, 0xfc, 0x1d, 0xff, 0xf3, 0x0, 0x0, 0x0,
    0xbf, 0xfd, 0xcf, 0xff, 0x50, 0x0, 0x0, 0x0,
    0xbf, 0xff, 0xff, 0xff, 0x90, 0x0, 0x0, 0x0,
    0xbf, 0xff, 0xff, 0xff, 0xf5, 0x0, 0x0, 0x0,
    0xbf, 0xff, 0xc4, 0xff, 0xfe, 0x10, 0x0, 0x0,
    0xbf, 0xfe, 0x10, 0x7f, 0xff, 0xc0, 0x0, 0x0,
    0xbf, 0xfc, 0x0, 0xb, 0xff, 0xf8, 0x0, 0x0,
    0xbf, 0xfc, 0x0, 0x1, 0xef, 0xff, 0x40, 0x0,
    0xbf, 0xfc, 0x0, 0x0, 0x4f, 0xff, 0xe1, 0x0,
    0xbf, 0xfc, 0x0, 0x0, 0x8, 0xff, 0xfb, 0x0,
    0xbf, 0xfc, 0x0, 0x0, 0x0, 0xcf, 0xff, 0x70,
    0xbf, 0xfc, 0x0, 0x0, 0x0, 0x1e, 0xff, 0xf3,

    /* U+006C "l" */
    0xbf, 0xfc, 0xbf, 0xfc, 0xbf, 0xfc, 0xbf, 0xfc,
    0xbf, 0xfc, 0xbf, 0xfc, 0xbf, 0xfc, 0xbf, 0xfc,
    0xbf, 0xfc, 0xbf, 0xfc, 0xbf, 0xfc, 0xbf, 0xfc,
    0xbf, 0xfc, 0xbf, 0xfc, 0xbf, 0xfc, 0xbf, 0xfc,
    0xbf, 0xfc, 0xbf, 0xfc, 0xbf, 0xfc, 0xbf, 0xfc,
    0xbf, 0xfc, 0xbf, 0xfc, 0xbf, 0xfc, 0xbf, 0xfc,

    /* U+006D "m" */
    0xbf, 0xf9, 0x1, 0x8d, 0xfd, 0x80, 0x0, 0x2,
    0x9d, 0xfe, 0xa3, 0x0, 0xb, 0xff, 0x91, 0xdf,
    0xff, 0xff, 0xc0, 0x6, 0xff, 0xff, 0xff, 0xf6,
    0x0, 0xbf, 0xfa, 0xcf, 0xff, 0xff, 0xff, 0x84,
    0xff, 0xff, 0xff, 0xff, 0xf3, 0xb, 0xff, 0xef,
    0x92, 0x14, 0xdf, 0xfe, 0xdf, 0x92, 0x14, 0xcf,
    0xff, 0xa0, 0xbf, 0xff, 0x70, 0x0, 0x1, 0xef,
    0xff, 0x90, 0x0, 0x0, 0xdf, 0xff, 0xb, 0xff,
    0xf0, 0x0, 0x0, 0x9, 0xff, 0xf1, 0x0, 0x0,
    0x7, 0xff, 0xf0, 0xbf, 0xfc, 0x0, 0x0, 0x0,
    0x7f, 0xff, 0x0, 0x0, 0x0, 0x5f, 0xff, 0x1b,
    0xff, 0xc0, 0x0, 0x0, 0x7, 0xff, 0xe0, 0x0,
    0x0, 0x5, 0xff, 0xf1, 0xbf, 0xfc, 0x0, 0x0,
    0x0, 0x7f, 0xfe, 0x0, 0x0, 0x0, 0x5f, 0xff,
    0x1b, 0xff, 0xc0, 0x0, 0x0, 0x7, 0xff, 0xe0,
    0x0, 0x0, 0x5, 0xff, 0xf1, 0xbf, 0xfc, 0x0,
    0x0, 0x0, 0x7f, 0xfe, 0x0, 0x0, 0x0, 0x5f,
    0xff, 0x1b, 0xff, 0xc0, 0x0, 0x0, 0x7, 0xff,
    0xe0, 0x0, 0x0, 0x5, 0xff, 0xf1, 0xbf, 0xfc,
    0x0, 0x0, 0x0, 0x7f, 0xfe, 0x0, 0x0, 0x0,
    0x5f, 0xff, 0x1b, 0xff, 0xc0, 0x0, 0x0, 0x7,
    0xff, 0xe0, 0x0, 0x0, 0x5, 0xff, 0xf1, 0xbf,
    0xfc, 0x0, 0x0, 0x0, 0x7f, 0xfe, 0x0, 0x0,
    0x0, 0x5f, 0xff, 0x1b, 0xff, 0xc0, 0x0, 0x0,
    0x7, 0xff, 0xe0, 0x0, 0x0, 0x5, 0xff, 0xf1,
    0xbf, 0xfc, 0x0, 0x0, 0x0, 0x7f, 0xfe, 0x0,
    0x0, 0x0, 0x5f, 0xff, 0x1b, 0xff, 0xc0, 0x0,
    0x0, 0x7, 0xff, 0xe0, 0x0, 0x0, 0x5, 0xff,
    0xf1,

    /* U+006E "n" */
    0xbf, 0xf9, 0x1, 0x7c, 0xff, 0xd8, 0x0, 0xb,
    0xff, 0x92, 0xdf, 0xff, 0xff, 0xfd, 0x20, 0xbf,
    0xf9, 0xcf, 0xfd, 0xef, 0xff, 0xfd, 0xb, 0xff,
    0xff, 0x81, 0x0, 0x3d, 0xff, 0xf6, 0xbf, 0xff,
    0x80, 0x0, 0x0, 0x2f, 0xff, 0xab, 0xff, 0xf0,
    0x0, 0x0, 0x0, 0xbf, 0xfd, 0xbf, 0xfd, 0x0,
    0x0, 0x0, 0x9, 0xff, 0xeb, 0xff, 0xc0, 0x0,
    0x0, 0x0, 0x8f, 0xff, 0xbf, 0xfc, 0x0, 0x0,
    0x0, 0x8, 0xff, 0xfb, 0xff, 0xc0, 0x0, 0x0,
    0x0, 0x8f, 0xff, 0xbf, 0xfc, 0x0, 0x0, 0x0,
    0x8, 0xff, 0xfb, 0xff, 0xc0, 0x0, 0x0, 0x0,
    0x8f, 0xff, 0xbf, 0xfc, 0x0, 0x0, 0x0, 0x8,
    0xff, 0xfb, 0xff, 0xc0, 0x0, 0x0, 0x0, 0x8f,
    0xff, 0xbf, 0xfc, 0x0, 0x0, 0x0, 0x8, 0xff,
    0xfb, 0xff, 0xc0, 0x0, 0x0, 0x0, 0x8f, 0xff,
    0xbf, 0xfc, 0x0, 0x0, 0x0, 0x8, 0xff, 0xfb,
    0xff, 0xc0, 0x0, 0x0, 0x0, 0x8f, 0xff,

    /* U+006F "o" */
    0x0, 0x0, 0x6, 0xbe, 0xff, 0xc8, 0x20, 0x0,
    0x0, 0x0, 0x3e, 0xff, 0xff, 0xff, 0xff, 0x60,
    0x0, 0x0, 0x4f, 0xff, 0xff, 0xff, 0xff, 0xff,
    0x80, 0x0, 0x1e, 0xff, 0xf8, 0x20, 0x15, 0xef,
    0xff, 0x40, 0x9, 0xff, 0xf6, 0x0, 0x0, 0x2,
    0xef, 0xfe, 0x0, 0xff, 0xfc, 0x0, 0x0, 0x0,
    0x6, 0xff, 0xf4, 0x3f, 0xff, 0x50, 0x0, 0x0,
    0x0, 0xf, 0xff, 0x86, 0xff, 0xf2, 0x0, 0x0,
    0x0, 0x0, 0xcf, 0xfb, 0x7f, 0xff, 0x0, 0x0,
    0x0, 0x0, 0xb, 0xff, 0xc7, 0xff, 0xf0, 0x0,
    0x0, 0x0, 0x0, 0xbf, 0xfc, 0x6f, 0xff, 0x20,
    0x0, 0x0, 0x0, 0xc, 0xff, 0xb3, 0xff, 0xf5,
    0x0, 0x0, 0x0, 0x0, 0xff, 0xf9, 0xf, 0xff,
    0xb0, 0x0, 0x0, 0x0, 0x6f, 0xff, 0x40, 0x9f,
    0xff, 0x60, 0x0, 0x0, 0x2e, 0xff, 0xe0, 0x1,
    0xef, 0xff, 0x82, 0x1, 0x5e, 0xff, 0xf4, 0x0,
    0x4, 0xff, 0xff, 0xff, 0xff, 0xff, 0xf8, 0x0,
    0x0, 0x3, 0xef, 0xff, 0xff, 0xff, 0xf7, 0x0,
    0x0, 0x0, 0x0, 0x6b, 0xef, 0xfc, 0x82, 0x0,
    0x0,

    /* U+0070 "p" */
    0xbf, 0xfa, 0x0, 0x8d, 0xff, 0xd8, 0x10, 0x0,
    0xb, 0xff, 0xa1, 0xdf, 0xff, 0xff, 0xff, 0x40,
    0x0, 0xbf, 0xfb, 0xcf, 0xfd, 0xcf, 0xff, 0xff,
    0x40, 0xb, 0xff, 0xff, 0xb1, 0x0, 0x7, 0xff,
    0xfe, 0x0, 0xbf, 0xff, 0xc0, 0x0, 0x0, 0x6,
    0xff, 0xf7, 0xb, 0xff, 0xf4, 0x0, 0x0, 0x0,
    0xd, 0xff, 0xc0, 0xbf, 0xff, 0x0, 0x0, 0x0,
    0x0, 0x8f, 0xff, 0xb, 0xff, 0xc0, 0x0, 0x0,
    0x0, 0x5, 0xff, 0xf2, 0xbf, 0xfb, 0x0, 0x0,
    0x0, 0x0, 0x4f, 0xff, 0x3b, 0xff, 0xb0, 0x0,
    0x0, 0x0, 0x4, 0xff, 0xf3, 0xbf, 0xfd, 0x0,
    0x0, 0x0, 0x0, 0x6f, 0xff, 0x2b, 0xff, 0xf1,
    0x0, 0x0, 0x0, 0x9, 0xff, 0xf0, 0xbf, 0xff,
    0x60, 0x0, 0x0, 0x1, 0xff, 0xfc, 0xb, 0xff,
    0xfe, 0x10, 0x0, 0x0, 0xaf, 0xff, 0x70, 0xbf,
    0xff, 0xfe, 0x50, 0x3, 0xaf, 0xff, 0xe0, 0xb,
    0xff, 0xca, 0xff, 0xff, 0xff, 0xff, 0xf4, 0x0,
    0xbf, 0xfc, 0x1c, 0xff, 0xff, 0xff, 0xf4, 0x0,
    0xb, 0xff, 0xc0, 0x7, 0xdf, 0xfd, 0x81, 0x0,
    0x0, 0xbf, 0xfc, 0x0, 0x0, 0x0, 0x0, 0x0,
    0x0, 0xb, 0xff, 0xc0, 0x0, 0x0, 0x0, 0x0,
    0x0, 0x0, 0xbf, 0xfc, 0x0, 0x0, 0x0, 0x0,
    0x0, 0x0, 0xb, 0xff, 0xc0, 0x0, 0x0, 0x0,
    0x0, 0x0, 0x0, 0xbf, 0xfc, 0x0, 0x0, 0x0,
    0x0, 0x0, 0x0, 0xb, 0xff, 0xc0, 0x0, 0x0,
    0x0, 0x0, 0x0, 0x0, 0xbf, 0xfc, 0x0, 0x0,
    0x0, 0x0, 0x0, 0x0, 0x0,

    /* U+0071 "q" */
    0x0, 0x0, 0x39, 0xdf, 0xec, 0x60, 0xe, 0xff,
    0x70, 0x0, 0x7f, 0xff, 0xff, 0xff, 0xa0, 0xef,
    0xf7, 0x0, 0x7f, 0xff, 0xff, 0xff, 0xff, 0x7e,
    0xff, 0x70, 0x2f, 0xff, 0xf8, 0x20, 0x16, 0xff,
    0xff, 0xf7, 0xa, 0xff, 0xf5, 0x0, 0x0, 0x3,
    0xff, 0xff, 0x70, 0xff, 0xfb, 0x0, 0x0, 0x0,
    0x9, 0xff, 0xf7, 0x4f, 0xff, 0x50, 0x0, 0x0,
    0x0, 0x3f, 0xff, 0x75, 0xff, 0xf2, 0x0, 0x0,
    0x0, 0x0, 0xff, 0xf7, 0x7f, 0xff, 0x0, 0x0,
    0x0, 0x0, 0xe, 0xff, 0x77, 0xff, 0xf0, 0x0,
    0x0, 0x0, 0x0, 0xff, 0xf7, 0x5f, 0xff, 0x20,
    0x0, 0x0, 0x0, 0xf, 0xff, 0x74, 0xff, 0xf6,
    0x0, 0x0, 0x0, 0x3, 0xff, 0xf7, 0xf, 0xff,
    0xc0, 0x0, 0x0, 0x0, 0x9f, 0xff, 0x70, 0xaf,
    0xff, 0x60, 0x0, 0x0, 0x3f, 0xff, 0xf7, 0x2,
    0xff, 0xff, 0x82, 0x1, 0x6f, 0xff, 0xff, 0x70,
    0x7, 0xff, 0xff, 0xff, 0xff, 0xf7, 0xff, 0xf7,
    0x0, 0x7, 0xff, 0xff, 0xff, 0xfa, 0xf, 0xff,
    0x70, 0x0, 0x3, 0x9d, 0xff, 0xc5, 0x0, 0xff,
    0xf7, 0x0, 0x0, 0x0, 0x0, 0x0, 0x0, 0xf,
    0xff, 0x70, 0x0, 0x0, 0x0, 0x0, 0x0, 0x0,
    0xff, 0xf7, 0x0, 0x0, 0x0, 0x0, 0x0, 0x0,
    0xf, 0xff, 0x70, 0x0, 0x0, 0x0, 0x0, 0x0,
    0x0, 0xff, 0xf7, 0x0, 0x0, 0x0, 0x0, 0x0,
    0x0, 0xf, 0xff, 0x70, 0x0, 0x0, 0x0, 0x0,
    0x0, 0x0, 0xff, 0xf7, 0x0, 0x0, 0x0, 0x0,
    0x0, 0x0, 0xf, 0xff, 0x70,

    /* U+0072 "r" */
    0xbf, 0xfa, 0x2, 0xae, 0xfa, 0xbf, 0xfa, 0x3f,
    0xff, 0xfb, 0xbf, 0xfa, 0xdf, 0xff, 0xfb, 0xbf,
    0xff, 0xfe, 0x74, 0x44, 0xbf, 0xff, 0xc1, 0x0,
    0x0, 0xbf, 0xff, 0x20, 0x0, 0x0, 0xbf, 0xfd,
    0x0, 0x0, 0x0, 0xbf, 0xfc, 0x0, 0x0, 0x0,
    0xbf, 0xfc, 0x0, 0x0, 0x0, 0xbf, 0xfc, 0x0,
    0x0, 0x0, 0xbf, 0xfc, 0x0, 0x0, 0x0, 0xbf,
    0xfc, 0x0, 0x0, 0x0, 0xbf, 0xfc, 0x0, 0x0,
    0x0, 0xbf, 0xfc, 0x0, 0x0, 0x0, 0xbf, 0xfc,
    0x0, 0x0, 0x0, 0xbf, 0xfc, 0x0, 0x0, 0x0,
    0xbf, 0xfc, 0x0, 0x0, 0x0, 0xbf, 0xfc, 0x0,
    0x0, 0x0,

    /* U+0073 "s" */
    0x0, 0x0, 0x6b, 0xef, 0xfd, 0x93, 0x0, 0x0,
    0x3, 0xef, 0xff, 0xff, 0xff, 0xf8, 0x0, 0x2,
    0xff, 0xff, 0xfc, 0xdf, 0xff, 0xf7, 0x0, 0xaf,
    0xff, 0x70, 0x0, 0x1b, 0xff, 0xf1, 0xd, 0xff,
    0xa0, 0x0, 0x0, 0xe, 0xc9, 0x20, 0xff, 0xf9,
    0x0, 0x0, 0x0, 0x0, 0x0, 0xc, 0xff, 0xf5,
    0x0, 0x0, 0x0, 0x0, 0x0, 0x5f, 0xff, 0xfe,
    0xa6, 0x30, 0x0, 0x0, 0x0, 0x7f, 0xff, 0xff,
    0xff, 0xfa, 0x20, 0x0, 0x0, 0x29, 0xef, 0xff,
    0xff, 0xff, 0x60, 0x0, 0x0, 0x0, 0x15, 0x9d,
    0xff, 0xff, 0x30, 0x0, 0x0, 0x0, 0x0, 0x7,
    0xff, 0xfa, 0x0, 0x35, 0x0, 0x0, 0x0, 0xd,
    0xff, 0xc4, 0xff, 0xf3, 0x0, 0x0, 0x0, 0xef,
    0xfa, 0x1f, 0xff, 0xe4, 0x0, 0x2, 0xcf, 0xff,
    0x50, 0x7f, 0xff, 0xff, 0xde, 0xff, 0xff, 0xb0,
    0x0, 0x7f, 0xff, 0xff, 0xff, 0xff, 0xa0, 0x0,
    0x0, 0x28, 0xcf, 0xfe, 0xd8, 0x30, 0x0,

    /* U+0074 "t" */
    0x0, 0x2f, 0xff, 0x40, 0x0, 0x0, 0x2, 0xff,
    0xf4, 0x0, 0x0, 0x0, 0x2f, 0xff, 0x40, 0x0,
    0x0, 0x2, 0xff, 0xf4, 0x0, 0x0, 0xbf, 0xff,
    0xff, 0xff, 0xfc, 0xb, 0xff, 0xff, 0xff, 0xff,
    0xc0, 0x9d, 0xdf, 0xff, 0xed, 0xda, 0x0, 0x2,
    0xff, 0xf4, 0x0, 0x0, 0x0, 0x2f, 0xff, 0x40,
    0x0, 0x0, 0x2, 0xff, 0xf4, 0x0, 0x0, 0x0,
    0x2f, 0xff, 0x40, 0x0, 0x0, 0x2, 0xff, 0xf4,
    0x0, 0x0, 0x0, 0x2f, 0xff, 0x40, 0x0, 0x0,
    0x2, 0xff, 0xf4, 0x0, 0x0, 0x0, 0x2f, 0xff,
    0x40, 0x0, 0x0, 0x2, 0xff, 0xf4, 0x0, 0x0,
    0x0, 0x2f, 0xff, 0x40, 0x0, 0x0, 0x1, 0xff,
    0xf5, 0x0, 0x0, 0x0, 0xf, 0xff, 0xc1, 0x1,
    0x0, 0x0, 0xaf, 0xff, 0xff, 0xc0, 0x0, 0x1,
    0xef, 0xff, 0xff, 0x0, 0x0, 0x1, 0x9d, 0xff,
    0xd2,

    /* U+0075 "u" */
    0xbf, 0xfc, 0x0, 0x0, 0x0, 0x8, 0xff, 0xfb,
    0xff, 0xc0, 0x0, 0x0, 0x0, 0x8f, 0xff, 0xbf,
    0xfc, 0x0, 0x0, 0x0, 0x8, 0xff, 0xfb, 0xff,
    0xc0, 0x0, 0x0, 0x0, 0x8f, 0xff, 0xbf, 0xfc,
    0x0, 0x0, 0x0, 0x8, 0xff, 0xfb, 0xff, 0xc0,
    0x0, 0x0, 0x0, 0x8f, 0xff, 0xbf, 0xfc, 0x0,
    0x0, 0x0, 0x8, 0xff, 0xfb, 0xff, 0xc0, 0x0,
    0x0, 0x0, 0x8f, 0xff, 0xbf, 0xfc, 0x0, 0x0,
    0x0, 0x8, 0xff, 0xfb, 0xff, 0xc0, 0x0, 0x0,
    0x0, 0x8f, 0xff, 0xbf, 0xfc, 0x0, 0x0, 0x0,
    0x8, 0xff, 0xfa, 0xff, 0xd0, 0x0, 0x0, 0x0,
    0x9f, 0xff, 0x9f, 0xff, 0x0, 0x0, 0x0, 0xd,
    0xff, 0xf6, 0xff, 0xf8, 0x0, 0x0, 0x6, 0xff,
    0xff, 0x2f, 0xff, 0xf8, 0x21, 0x39, 0xfe, 0xff,
    0xf0, 0xaf, 0xff, 0xff, 0xff, 0xfe, 0x7f, 0xff,
    0x0, 0xbf, 0xff, 0xff, 0xff, 0x35, 0xff, 0xf0,
    0x0, 0x6c, 0xff, 0xd8, 0x10, 0x5f, 0xff,

    /* U+0076 "v" */
    0x1f, 0xff, 0x90, 0x0, 0x0, 0x0, 0x3, 0xff,
    0xf7, 0xb, 0xff, 0xe0, 0x0, 0x0, 0x0, 0x8,
    0xff, 0xf1, 0x5, 0xff, 0xf4, 0x0, 0x0, 0x0,
    0xd, 0xff, 0xb0, 0x0, 0xff, 0xf9, 0x0, 0x0,
    0x0, 0x3f, 0xff, 0x50, 0x0, 0xaf, 0xfe, 0x0,
    0x0, 0x0, 0x8f, 0xff, 0x0, 0x0, 0x4f, 0xff,
    0x40, 0x0, 0x0, 0xef, 0xfa, 0x0, 0x0, 0xe,
    0xff, 0xa0, 0x0, 0x3, 0xff, 0xf4, 0x0, 0x0,
    0x8, 0xff, 0xf0, 0x0, 0x9, 0xff, 0xe0, 0x0,
    0x0, 0x2, 0xff, 0xf4, 0x0, 0xe, 0xff, 0x80,
    0x0, 0x0, 0x0, 0xcf, 0xfa, 0x0, 0x3f, 0xff,
    0x20, 0x0, 0x0, 0x0, 0x7f, 0xff, 0x0, 0x9f,
    0xfc, 0x0, 0x0, 0x0, 0x0, 0x1f, 0xff, 0x40,
    0xdf, 0xf7, 0x0, 0x0, 0x0, 0x0, 0xb, 0xff,
    0x92, 0xff, 0xf1, 0x0, 0x0, 0x0, 0x0, 0x5,
    0xff, 0xd6, 0xff, 0xb0, 0x0, 0x0, 0x0, 0x0,
    0x0, 0xff, 0xfc, 0xff, 0x50, 0x0, 0x0, 0x0,
    0x0, 0x0, 0x9f, 0xff, 0xff, 0x0, 0x0, 0x0,
    0x0, 0x0, 0x0, 0x3f, 0xff, 0xf9, 0x0, 0x0,
    0x0, 0x0, 0x0, 0x0, 0xd, 0xff, 0xf3, 0x0,
    0x0, 0x0,

    /* U+0077 "w" */
    0xf, 0xff, 0xa0, 0x0, 0x0, 0x9, 0xff, 0xf2,
    0x0, 0x0, 0x2, 0xff, 0xf7, 0xa, 0xff, 0xe0,
    0x0, 0x0, 0xd, 0xff, 0xf6, 0x0, 0x0, 0x6,
    0xff, 0xf3, 0x6, 0xff, 0xf2, 0x0, 0x0, 0x1f,
    0xff, 0xfa, 0x0, 0x0, 0xa, 0xff, 0xe0, 0x1,
    0xff, 0xf6, 0x0, 0x0, 0x5f, 0xff, 0xfe, 0x0,
    0x0, 0xe, 0xff, 0x90, 0x0, 0xcf, 0xfa, 0x0,
    0x0, 0x9f, 0xfc, 0xff, 0x20, 0x0, 0x2f, 0xff,
    0x50, 0x0, 0x8f, 0xfe, 0x0, 0x0, 0xdf, 0xe6,
    0xff, 0x60, 0x0, 0x7f, 0xff, 0x0, 0x0, 0x3f,
    0xff, 0x30, 0x1, 0xff, 0xb2, 0xff, 0xa0, 0x0,
    0xbf, 0xfb, 0x0, 0x0, 0xe, 0xff, 0x70, 0x5,
    0xff, 0x70, 0xef, 0xe0, 0x0, 0xff, 0xf7, 0x0,
    0x0, 0xa, 0xff, 0xb0, 0x9, 0xff, 0x30, 0xaf,
    0xf2, 0x3, 0xff, 0xf2, 0x0, 0x0, 0x5, 0xff,
    0xe0, 0xd, 0xfe, 0x0, 0x6f, 0xf6, 0x7, 0xff,
    0xd0, 0x0, 0x0, 0x1, 0xff, 0xf2, 0x1f, 0xfa,
    0x0, 0x2f, 0xfa, 0xa, 0xff, 0x90, 0x0, 0x0,
    0x0, 0xcf, 0xf6, 0x5f, 0xf6, 0x0, 0xe, 0xfd,
    0xe, 0xff, 0x40, 0x0, 0x0, 0x0, 0x7f, 0xfa,
    0x8f, 0xf2, 0x0, 0x9, 0xff, 0x3f, 0xff, 0x0,
    0x0, 0x0, 0x0, 0x2f, 0xfd, 0xcf, 0xd0, 0x0,
    0x5, 0xff, 0x9f, 0xfb, 0x0, 0x0, 0x0, 0x0,
    0xe, 0xff, 0xff, 0x90, 0x0, 0x1, 0xff, 0xff,
    0xf6, 0x0, 0x0, 0x0, 0x0, 0x9, 0xff, 0xff,
    0x40, 0x0, 0x0, 0xcf, 0xff, 0xf1, 0x0, 0x0,
    0x0, 0x0, 0x4, 0xff, 0xff, 0x0, 0x0, 0x0,
    0x7f, 0xff, 0xc0, 0x0, 0x0, 0x0, 0x0, 0x0,
    0xff, 0xfb, 0x0, 0x0, 0x0, 0x3f, 0xff, 0x80,
    0x0, 0x0,

    /* U+0078 "x" */
    0x6, 0xff, 0xf6, 0x0, 0x0, 0x0, 0x7f, 0xff,
    0x50, 0xc, 0xff, 0xf1, 0x0, 0x0, 0x1f, 0xff,
    0xb0, 0x0, 0x2f, 0xff, 0xa0, 0x0, 0xb, 0xff,
    0xf1, 0x0, 0x0, 0x8f, 0xff, 0x30, 0x4, 0xff,
    0xf6, 0x0, 0x0, 0x0, 0xdf, 0xfc, 0x0, 0xdf,
    0xfc, 0x0, 0x0, 0x0, 0x3, 0xff, 0xf5, 0x5f,
    0xff, 0x20, 0x0, 0x0, 0x0, 0x9, 0xff, 0xdd,
    0xff, 0x80, 0x0, 0x0, 0x0, 0x0, 0xe, 0xff,
    0xff, 0xd0, 0x0, 0x0, 0x0, 0x0, 0x0, 0x5f,
    0xff, 0xf3, 0x0, 0x0, 0x0, 0x0, 0x0, 0x9,
    0xff, 0xff, 0x60, 0x0, 0x0, 0x0, 0x0, 0x4,
    0xff, 0xff, 0xfe, 0x10, 0x0, 0x0, 0x0, 0x0,
    0xdf, 0xf8, 0xcf, 0xfa, 0x0, 0x0, 0x0, 0x0,
    0x8f, 0xff, 0x13, 0xff, 0xf5, 0x0, 0x0, 0x0,
    0x3f, 0xff, 0x70, 0xa, 0xff, 0xe1, 0x0, 0x0,
    0xd, 0xff, 0xd0, 0x0, 0x1f, 0xff, 0xa0, 0x0,
    0x7, 0xff, 0xf4, 0x0, 0x0, 0x7f, 0xff, 0x40,
    0x2, 0xff, 0xfa, 0x0, 0x0, 0x0, 0xdf, 0xfe,
    0x0, 0xcf, 0xfe, 0x10, 0x0, 0x0, 0x3, 0xff,
    0xf9,

    /* U+0079 "y" */
    0x1f, 0xff, 0x90, 0x0, 0x0, 0x0, 0x2, 0xff,
    0xf8, 0xb, 0xff, 0xe0, 0x0, 0x0, 0x0, 0x8,
    0xff, 0xf2, 0x5, 0xff, 0xf4, 0x0, 0x0, 0x0,
    0xd, 0xff, 0xc0, 0x0, 0xff, 0xf9, 0x0, 0x0,
    0x0, 0x3f, 0xff, 0x60, 0x0, 0xaf, 0xfe, 0x0,
    0x0, 0x0, 0x8f, 0xff, 0x0, 0x0, 0x4f, 0xff,
    0x40, 0x0, 0x0, 0xef, 0xfa, 0x0, 0x0, 0xe,
    0xff, 0x90, 0x0, 0x3, 0xff, 0xf4, 0x0, 0x0,
    0x8, 0xff, 0xe0, 0x0, 0x9, 0xff, 0xe0, 0x0,
    0x0, 0x2, 0xff, 0xf4, 0x0, 0xe, 0xff, 0x80,
    0x0, 0x0, 0x0, 0xdf, 0xfa, 0x0, 0x4f, 0xff,
    0x20, 0x0, 0x0, 0x0, 0x7f, 0xfe, 0x0, 0x9f,
    0xfd, 0x0, 0x0, 0x0, 0x0, 0x1f, 0xff, 0x30,
    0xef, 0xf7, 0x0, 0x0, 0x0, 0x0, 0xb, 0xff,
    0x83, 0xff, 0xf1, 0x0, 0x0, 0x0, 0x0, 0x5,
    0xff, 0xc7, 0xff, 0xb0, 0x0, 0x0, 0x0, 0x0,
    0x0, 0xff, 0xfc, 0xff, 0x50, 0x0, 0x0, 0x0,
    0x0, 0x0, 0x9f, 0xff, 0xff, 0x0, 0x0, 0x0,
    0x0, 0x0, 0x0, 0x4f, 0xff, 0xf9, 0x0, 0x0,
    0x0, 0x0, 0x0, 0x0, 0xe, 0xff, 0xf3, 0x0,
    0x0, 0x0, 0x0, 0x0, 0x0, 0xb, 0xff, 0xd0,
    0x0, 0x0, 0x0, 0x0, 0x0, 0x0, 0xf, 0xff,
    0x80, 0x0, 0x0, 0x0, 0x0, 0x0, 0x0, 0x6f,
    0xff, 0x20, 0x0, 0x0, 0x0, 0x0, 0x2, 0x14,
    0xef, 0xfb, 0x0, 0x0, 0x0, 0x0, 0x0, 0x4f,
    0xff, 0xff, 0xf2, 0x0, 0x0, 0x0, 0x0, 0x0,
    0x9f, 0xff, 0xff, 0x50, 0x0, 0x0, 0x0, 0x0,
    0x0, 0xae, 0xfe, 0xa3, 0x0, 0x0, 0x0, 0x0,
    0x0,

    /* U+007A "z" */
    0xc, 0xff, 0xff, 0xff, 0xff, 0xff, 0xff, 0xa0,
    0xcf, 0xff, 0xff, 0xff, 0xff, 0xff, 0xfa, 0xc,
    0xff, 0xff, 0xff, 0xff, 0xff, 0xff, 0x90, 0x12,
    0x22, 0x22, 0x22, 0x3e, 0xff, 0xe1, 0x0, 0x0,
    0x0, 0x0, 0xa, 0xff, 0xf3, 0x0, 0x0, 0x0,
    0x0, 0x6, 0xff, 0xf7, 0x0, 0x0, 0x0, 0x0,
    0x3, 0xff, 0xfb, 0x0, 0x0, 0x0, 0x0, 0x1,
    0xdf, 0xfe, 0x10, 0x0, 0x0, 0x0, 0x0, 0xbf,
    0xff, 0x40, 0x0, 0x0, 0x0, 0x0, 0x7f, 0xff,
    0x80, 0x0, 0x0, 0x0, 0x0, 0x3f, 0xff, 0xc0,
    0x0, 0x0, 0x0, 0x0, 0x1e, 0xff, 0xf2, 0x0,
    0x0, 0x0, 0x0, 0xb, 0xff, 0xf5, 0x0, 0x0,
    0x0, 0x0, 0x7, 0xff, 0xf9, 0x0, 0x0, 0x0,
    0x0, 0x3, 0xff, 0xfe, 0x22, 0x22, 0x22, 0x22,
    0x10, 0xef, 0xff, 0xff, 0xff, 0xff, 0xff, 0xff,
    0x1f, 0xff, 0xff, 0xff, 0xff, 0xff, 0xff, 0xf1,
    0xff, 0xff, 0xff, 0xff, 0xff, 0xff, 0xff,

    /* U+007B "{" */
    0x0, 0x0, 0x0, 0x17, 0xac, 0x30, 0x0, 0x0,
    0x8f, 0xff, 0xf4, 0x0, 0x0, 0x6f, 0xff, 0xff,
    0x40, 0x0, 0xe, 0xff, 0xe4, 0x0, 0x0, 0x2,
    0xff, 0xf4, 0x0, 0x0, 0x0, 0x4f, 0xff, 0x0,
    0x0, 0x0, 0x5, 0xff, 0xd0, 0x0, 0x0, 0x0,
    0x5f, 0xfd, 0x0, 0x0, 0x0, 0x5, 0xff, 0xd0,
    0x0, 0x0, 0x0, 0x5f, 0xfd, 0x0, 0x0, 0x0,
    0x6, 0xff, 0xd0, 0x0, 0x0, 0x0, 0x8f, 0xfc,
    0x0, 0x0, 0x0, 0xe, 0xff, 0x90, 0x0, 0x5,
    0x9e, 0xff, 0xf2, 0x0, 0x0, 0xcf, 0xff, 0xc4,
    0x0, 0x0, 0xc, 0xff, 0xb3, 0x0, 0x0, 0x0,
    0xcf, 0xff, 0xfb, 0x0, 0x0, 0x0, 0x17, 0xff,
    0xf6, 0x0, 0x0, 0x0, 0xa, 0xff, 0xb0, 0x0,
    0x0, 0x0, 0x7f, 0xfd, 0x0, 0x0, 0x0, 0x5,
    0xff, 0xd0, 0x0, 0x0, 0x0, 0x5f, 0xfd, 0x0,
    0x0, 0x0, 0x5, 0xff, 0xd0, 0x0, 0x0, 0x0,
    0x5f, 0xfd, 0x0, 0x0, 0x0, 0x4, 0xff, 0xe0,
    0x0, 0x0, 0x0, 0x3f, 0xff, 0x20, 0x0, 0x0,
    0x0, 0xff, 0xfb, 0x10, 0x0, 0x0, 0x9, 0xff,
    0xff, 0xd3, 0x0, 0x0, 0xc, 0xff, 0xff, 0x40,
    0x0, 0x0, 0x5, 0xad, 0xf4,

    /* U+007C "|" */
    0xf, 0xff, 0x10, 0xff, 0xf1, 0xf, 0xff, 0x10,
    0xff, 0xf1, 0xf, 0xff, 0x10, 0xff, 0xf1, 0xf,
    0xff, 0x10, 0xff, 0xf1, 0xf, 0xff, 0x10, 0xff,
    0xf1, 0xf, 0xff, 0x10, 0xff, 0xf1, 0xf, 0xff,
    0x10, 0xff, 0xf1, 0xf, 0xff, 0x10, 0xff, 0xf1,
    0xf, 0xff, 0x10, 0xff, 0xf1, 0xf, 0xff, 0x10,
    0xff, 0xf1, 0xf, 0xff, 0x10, 0xff, 0xf1, 0xf,
    0xff, 0x10, 0xff, 0xf1, 0xf, 0xff, 0x10, 0xff,
    0xf1, 0xf, 0xff, 0x10, 0xff, 0xf1, 0xf, 0xff,
    0x10, 0xff, 0xf1, 0xf, 0xff, 0x10, 0xff, 0xf1,
    0xf, 0xff, 0x10, 0xff, 0xf1, 0xf, 0xff, 0x10,
    0xff, 0xf1, 0xf, 0xff, 0x10, 0xff, 0xf1, 0xf,
    0xff, 0x10,

    /* U+007D "}" */
    0x2c, 0xa7, 0x20, 0x0, 0x0, 0x3, 0xff, 0xff,
    0x90, 0x0, 0x0, 0x3f, 0xff, 0xff, 0x70, 0x0,
    0x0, 0x4, 0xdf, 0xfe, 0x0, 0x0, 0x0, 0x2,
    0xff, 0xf3, 0x0, 0x0, 0x0, 0xd, 0xff, 0x50,
    0x0, 0x0, 0x0, 0xcf, 0xf6, 0x0, 0x0, 0x0,
    0xb, 0xff, 0x60, 0x0, 0x0, 0x0, 0xbf, 0xf6,
    0x0, 0x0, 0x0, 0xb, 0xff, 0x60, 0x0, 0x0,
    0x0, 0xbf, 0xf7, 0x0, 0x0, 0x0, 0xa, 0xff,
    0x90, 0x0, 0x0, 0x0, 0x8f, 0xfe, 0x0, 0x0,
    0x0, 0x2, 0xff, 0xfd, 0x74, 0x0, 0x0, 0x4,
    0xcf, 0xff, 0xd0, 0x0, 0x0, 0x2, 0xaf, 0xfd,
    0x0, 0x0, 0x9, 0xff, 0xff, 0xd0, 0x0, 0x4,
    0xff, 0xf9, 0x20, 0x0, 0x0, 0x9f, 0xfc, 0x0,
    0x0, 0x0, 0xb, 0xff, 0x70, 0x0, 0x0, 0x0,
    0xbf, 0xf6, 0x0, 0x0, 0x0, 0xb, 0xff, 0x60,
    0x0, 0x0, 0x0, 0xbf, 0xf6, 0x0, 0x0, 0x0,
    0xb, 0xff, 0x60, 0x0, 0x0, 0x0, 0xdf, 0xf6,
    0x0, 0x0, 0x0, 0x1f, 0xff, 0x40, 0x0, 0x0,
    0xa, 0xff, 0xf1, 0x0, 0x2, 0xdf, 0xff, 0xfa,
    0x0, 0x0, 0x3f, 0xff, 0xfd, 0x10, 0x0, 0x2,
    0xfe, 0xb6, 0x0, 0x0, 0x0,

    /* U+007E "~" */
    0x0, 0x0, 0x0, 0x0, 0x0, 0x0, 0x0, 0x0,
    0x0, 0x3, 0xbf, 0xfe, 0x80, 0x0, 0x0, 0x17,
    0x75, 0x4, 0xff, 0xff, 0xff, 0xe3, 0x0, 0x4,
    0xff, 0xb0, 0xef, 0xff, 0xff, 0xff, 0xf8, 0x13,
    0xdf, 0xf8, 0x3f, 0xff, 0x30, 0x3d, 0xff, 0xff,
    0xff, 0xff, 0x35, 0xff, 0x90, 0x0, 0x9, 0xff,
    0xff, 0xff, 0x80, 0x26, 0x63, 0x0, 0x0, 0x4,
    0xbe, 0xfc, 0x50, 0x0,

    /* U+00A0 " " */

    /* U+00A1 "¡" */
    0x8, 0xed, 0x40, 0x4f, 0xff, 0xf0, 0x6f, 0xff,
    0xf2, 0x2f, 0xff, 0xd0, 0x3, 0x98, 0x10, 0x0,
    0x0, 0x0, 0x0, 0x0, 0x0, 0x1, 0x11, 0x0,
    0xc, 0xff, 0x80, 0xc, 0xff, 0x90, 0xd, 0xff,
    0x90, 0xd, 0xff, 0x90, 0xd, 0xff, 0x90, 0xd,
    0xff, 0xa0, 0xe, 0xff, 0xa0, 0xe, 0xff, 0xa0,
    0xe, 0xff, 0xa0, 0xe, 0xff, 0xa0, 0xf, 0xff,
    0xb0, 0xf, 0xff, 0xb0, 0xf, 0xff, 0xb0, 0xf,
    0xff, 0xb0, 0xf, 0xff, 0xc0, 0xf, 0xff, 0xc0,

    /* U+00A2 "¢" */
    0x0, 0x0, 0x0, 0x6, 0xf7, 0x0, 0x0, 0x0,
    0x0, 0x0, 0x0, 0x0, 0x6f, 0x70, 0x0, 0x0,
    0x0, 0x0, 0x0, 0x0, 0x8, 0xf9, 0x10, 0x0,
    0x0, 0x0, 0x0, 0x2, 0xaf, 0xff, 0xff, 0xd6,
    0x0, 0x0, 0x0, 0x6, 0xff, 0xff, 0xff, 0xff,
    0xfb, 0x0, 0x0, 0x6, 0xff, 0xff, 0xff, 0xef,
    0xff, 0xfb, 0x0, 0x1, 0xff, 0xfe, 0x46, 0xf7,
    0x1c, 0xff, 0xf6, 0x0, 0x9f, 0xff, 0x30, 0x6f,
    0x70, 0xd, 0xff, 0xc0, 0xe, 0xff, 0xb0, 0x6,
    0xf7, 0x0, 0x5a, 0x62, 0x3, 0xff, 0xf5, 0x0,
    0x6f, 0x70, 0x0, 0x0, 0x0, 0x5f, 0xff, 0x20,
    0x6, 0xf7, 0x0, 0x0, 0x0, 0x7, 0xff, 0xf0,
    0x0, 0x6f, 0x70, 0x0, 0x0, 0x0, 0x7f, 0xff,
    0x0, 0x6, 0xf7, 0x0, 0x0, 0x0, 0x5, 0xff,
    0xf2, 0x0, 0x6f, 0x70, 0x0, 0x0, 0x0, 0x3f,
    0xff, 0x50, 0x6, 0xf7, 0x0, 0x0, 0x0, 0x0,
    0xff, 0xfb, 0x0, 0x6f, 0x70, 0x6, 0xc8, 0x40,
    0xa, 0xff, 0xf3, 0x6, 0xf7, 0x0, 0xdf, 0xfc,
    0x0, 0x2f, 0xff, 0xe4, 0x6f, 0x71, 0xbf, 0xff,
    0x60, 0x0, 0x7f, 0xff, 0xff, 0xfe, 0xff, 0xff,
    0xb0, 0x0, 0x0, 0x7f, 0xff, 0xff, 0xff, 0xff,
    0xb0, 0x0, 0x0, 0x0, 0x2b, 0xff, 0xff, 0xfd,
    0x60, 0x0, 0x0, 0x0, 0x0, 0x0, 0x8f, 0x91,
    0x0, 0x0, 0x0, 0x0, 0x0, 0x0, 0x6, 0xf7,
    0x0, 0x0, 0x0, 0x0, 0x0, 0x0, 0x0, 0x6f,
    0x70, 0x0, 0x0, 0x0,

    /* U+00A3 "£" */
    0x0, 0x0, 0x0, 0x28, 0xce, 0xfd, 0x93, 0x0,
    0x0, 0x0, 0x0, 0x7, 0xff, 0xff, 0xff, 0xff,
    0x80, 0x0, 0x0, 0x0, 0x8f, 0xff, 0xff, 0xff,
    0xff, 0xf9, 0x0, 0x0, 0x3, 0xff, 0xfe, 0x62,
    0x26, 0xef, 0xff, 0x40, 0x0, 0xa, 0xff, 0xe1,
    0x0, 0x0, 0x1e, 0xff, 0xb0, 0x0, 0xf, 0xff,
    0x80, 0x0, 0x0, 0x7, 0xff, 0xf0, 0x0, 0x1f,
    0xff, 0x40, 0x0, 0x0, 0x2, 0x86, 0x30, 0x0,
    0x2f, 0xff, 0x30, 0x0, 0x0, 0x0, 0x0, 0x0,
    0x0, 0x2f, 0xff, 0x30, 0x0, 0x0, 0x0, 0x0,
    0x0, 0x0, 0x1f, 0xff, 0x40, 0x0, 0x0, 0x0,
    0x0, 0x0, 0x0, 0x1f, 0xff, 0x40, 0x0, 0x0,
    0x0, 0x0, 0x0, 0x5f, 0xff, 0xff, 0xff, 0xff,
    0xff, 0xf6, 0x0, 0x0, 0x5f, 0xff, 0xff, 0xff,
    0xff, 0xff, 0xf6, 0x0, 0x0, 0x39, 0x9f, 0xff,
    0xc9, 0x99, 0x99, 0x93, 0x0, 0x0, 0x0, 0xe,
    0xff, 0x60, 0x0, 0x0, 0x0, 0x0, 0x0, 0x0,
    0xe, 0xff, 0x70, 0x0, 0x0, 0x0, 0x0, 0x0,
    0x0, 0xd, 0xff, 0x70, 0x0, 0x0, 0x0, 0x0,
    0x0, 0x0, 0xd, 0xff, 0x80, 0x0, 0x0, 0x0,
    0x0, 0x0, 0x0, 0xd, 0xff, 0x60, 0x0, 0x0,
    0x0, 0x33, 0x30, 0x0, 0x1f, 0xff, 0x10, 0x0,
    0x0, 0x0, 0xff, 0xf3, 0x4, 0xcf, 0xe4, 0x11,
    0x11, 0x11, 0x15, 0xff, 0xf2, 0x5f, 0xff, 0xff,
    0xff, 0xff, 0xff, 0xff, 0xff, 0xe0, 0x5f, 0xff,
    0xff, 0xff, 0xff, 0xff, 0xff, 0xff, 0x60, 0x5f,
    0xff, 0xff, 0xff, 0xff, 0xff, 0xff, 0xc5, 0x0,

    /* U+00A4 "¤" */
    0x0, 0x10, 0x0, 0x0, 0x0, 0x0, 0x0, 0x0,
    0x0, 0x20, 0x0, 0x1d, 0xb0, 0x0, 0x6b, 0xef,
    0xec, 0x82, 0x0, 0x3f, 0x80, 0xc, 0xff, 0xb5,
    0xef, 0xff, 0xff, 0xff, 0xfa, 0x4f, 0xff, 0x60,
    0x4f, 0xff, 0xff, 0xff, 0xdb, 0xcf, 0xff, 0xff,
    0xff, 0xc1, 0x0, 0x5f, 0xff, 0xf9, 0x20, 0x0,
    0x6, 0xef, 0xff, 0xd1, 0x0, 0x2, 0xff, 0xf6,
    0x0, 0x0, 0x0, 0x1, 0xcf, 0xf9, 0x0, 0x0,
    0xaf, 0xf7, 0x0, 0x0, 0x0, 0x0, 0x1, 0xef,
    0xf2, 0x0, 0x1f, 0xfd, 0x0, 0x0, 0x0, 0x0,
    0x0, 0x6, 0xff, 0x80, 0x5, 0xff, 0x70, 0x0,
    0x0, 0x0, 0x0, 0x0, 0xf, 0xfd, 0x0, 0x8f,
    0xf3, 0x0, 0x0, 0x0, 0x0, 0x0, 0x0, 0xbf,
    0xf0, 0x9, 0xff, 0x10, 0x0, 0x0, 0x0, 0x0,
    0x0, 0x9, 0xff, 0x10, 0x9f, 0xf1, 0x0, 0x0,
    0x0, 0x0, 0x0, 0x0, 0xaf, 0xf1, 0x8, 0xff,
    0x30, 0x0, 0x0, 0x0, 0x0, 0x0, 0xb, 0xff,
    0x0, 0x5f, 0xf7, 0x0, 0x0, 0x0, 0x0, 0x0,
    0x0, 0xff, 0xd0, 0x1, 0xff, 0xd0, 0x0, 0x0,
    0x0, 0x0, 0x0, 0x6f, 0xf8, 0x0, 0xa, 0xff,
    0x80, 0x0, 0x0, 0x0, 0x0, 0x1f, 0xff, 0x20,
    0x0, 0x2f, 0xff, 0x60, 0x0, 0x0, 0x0, 0x1d,
    0xff, 0xa0, 0x0, 0xa, 0xff, 0xff, 0xa2, 0x0,
    0x0, 0x6e, 0xff, 0xff, 0x40, 0xa, 0xff, 0xff,
    0xff, 0xfe, 0xcd, 0xff, 0xff, 0xff, 0xff, 0x40,
    0x7f, 0xf5, 0x4e, 0xff, 0xff, 0xff, 0xff, 0x91,
    0xbf, 0xe2, 0x0, 0x86, 0x0, 0x6, 0xbe, 0xff,
    0xc8, 0x20, 0x0, 0xa3, 0x0,

    /* U+00A5 "¥" */
    0x4f, 0xff, 0x70, 0x0, 0x0, 0x0, 0xa, 0xff,
    0xf2, 0xd, 0xff, 0xe0, 0x0, 0x0, 0x0, 0x1f,
    0xff, 0xa0, 0x6, 0xff, 0xf5, 0x0, 0x0, 0x0,
    0x8f, 0xff, 0x30, 0x0, 0xef, 0xfc, 0x0, 0x0,
    0x0, 0xef, 0xfb, 0x0, 0x0, 0x7f, 0xff, 0x30,
    0x0, 0x5, 0xff, 0xf4, 0x0, 0x0, 0xe, 0xff,
    0x90, 0x0, 0xc, 0xff, 0xc0, 0x0, 0x0, 0x8,
    0xff, 0xf1, 0x0, 0x3f, 0xff, 0x50, 0x0, 0x0,
    0x1, 0xff, 0xf7, 0x0, 0xaf, 0xfd, 0x0, 0x0,
    0x0, 0x0, 0x9f, 0xfe, 0x1, 0xff, 0xf6, 0x0,
    0x0, 0x0, 0x0, 0x2f, 0xff, 0x58, 0xff, 0xe0,
    0x0, 0x0, 0x0, 0x0, 0xa, 0xff, 0xce, 0xff,
    0x70, 0x0, 0x0, 0x0, 0x0, 0x3, 0xff, 0xff,
    0xff, 0x10, 0x0, 0x0, 0x0, 0xff, 0xff, 0xff,
    0xff, 0xff, 0xff, 0xf9, 0x0, 0x0, 0xff, 0xff,
    0xff, 0xff, 0xff, 0xff, 0xf9, 0x0, 0x0, 0x56,
    0x66, 0x6e, 0xff, 0xc6, 0x66, 0x63, 0x0, 0x0,
    0x0, 0x0, 0xe, 0xff, 0xa0, 0x0, 0x0, 0x0,
    0x0, 0x56, 0x66, 0x6e, 0xff, 0xc6, 0x66, 0x63,
    0x0, 0x0, 0xff, 0xff, 0xff, 0xff, 0xff, 0xff,
    0xf9, 0x0, 0x0, 0xff, 0xff, 0xff, 0xff, 0xff,
    0xff, 0xf9, 0x0, 0x0, 0x0, 0x0, 0xe, 0xff,
    0xa0, 0x0, 0x0, 0x0, 0x0, 0x0, 0x0, 0xe,
    0xff, 0xa0, 0x0, 0x0, 0x0, 0x0, 0x0, 0x0,
    0xe, 0xff, 0xa0, 0x0, 0x0, 0x0, 0x0, 0x0,
    0x0, 0xe, 0xff, 0xa0, 0x0, 0x0, 0x0, 0x0,
    0x0, 0x0, 0xe, 0xff, 0xa0, 0x0, 0x0, 0x0,

    /* U+00A6 "¦" */
    0xef, 0xf4, 0xef, 0xf4, 0xef, 0xf4, 0xef, 0xf4,
    0xef, 0xf4, 0xef, 0xf4, 0xef, 0xf4, 0xef, 0xf4,
    0xef, 0xf4, 0xef, 0xf4, 0xcd, 0xd3, 0x0, 0x0,
    0x0, 0x0, 0x0, 0x0, 0x0, 0x0, 0x0, 0x0,
    0x0, 0x0, 0xde, 0xe3, 0xef, 0xf4, 0xef, 0xf4,
    0xef, 0xf4, 0xef, 0xf4, 0xef, 0xf4, 0xef, 0xf4,
    0xef, 0xf4, 0xef, 0xf4, 0xef, 0xf4, 0xef, 0xf4,

    /* U+00A7 "§" */
    0x0, 0x0, 0x29, 0xdf, 0xfd, 0xa3, 0x0, 0x0,
    0x0, 0x5, 0xff, 0xff, 0xff, 0xff, 0x60, 0x0,
    0x0, 0x3f, 0xff, 0xff, 0xef, 0xff, 0xf3, 0x0,
    0x0, 0xaf, 0xfe, 0x40, 0x2, 0xcf, 0xfc, 0x0,
    0x0, 0xdf, 0xf6, 0x0, 0x0, 0x2f, 0xff, 0x20,
    0x0, 0xef, 0xf5, 0x0, 0x0, 0x8, 0x84, 0x0,
    0x0, 0xbf, 0xf9, 0x0, 0x0, 0x0, 0x0, 0x0,
    0x0, 0x5f, 0xff, 0x90, 0x0, 0x0, 0x0, 0x0,
    0x0, 0x9, 0xff, 0xfd, 0x50, 0x0, 0x0, 0x0,
    0x0, 0x5, 0xdf, 0xff, 0xfc, 0x30, 0x0, 0x0,
    0x2, 0xef, 0xe8, 0xcf, 0xff, 0xfa, 0x10, 0x0,
    0xb, 0xff, 0x10, 0x4, 0xdf, 0xff, 0xf5, 0x0,
    0x1f, 0xfb, 0x0, 0x0, 0x6, 0xef, 0xff, 0x40,
    0x3f, 0xfb, 0x0, 0x0, 0x0, 0xa, 0xff, 0xd0,
    0xf, 0xff, 0x20, 0x0, 0x0, 0x0, 0xdf, 0xf4,
    0xa, 0xff, 0xe3, 0x0, 0x0, 0x0, 0x8f, 0xf6,
    0x1, 0xef, 0xff, 0xa2, 0x0, 0x0, 0x9f, 0xf4,
    0x0, 0x2d, 0xff, 0xff, 0x91, 0x3, 0xff, 0xd0,
    0x0, 0x0, 0x8f, 0xff, 0xff, 0xdf, 0xfd, 0x20,
    0x0, 0x0, 0x1, 0x9f, 0xff, 0xff, 0x50, 0x0,
    0x0, 0x0, 0x0, 0x2, 0xbf, 0xff, 0xd1, 0x0,
    0x0, 0x0, 0x0, 0x0, 0x5, 0xff, 0xf9, 0x0,
    0x0, 0x0, 0x0, 0x0, 0x0, 0x6f, 0xff, 0x0,
    0x2, 0x7b, 0x80, 0x0, 0x0, 0x2f, 0xff, 0x10,
    0x6, 0xff, 0xe1, 0x0, 0x0, 0x4f, 0xff, 0x0,
    0x0, 0xff, 0xfd, 0x40, 0x15, 0xef, 0xfc, 0x0,
    0x0, 0x6f, 0xff, 0xff, 0xff, 0xff, 0xf4, 0x0,
    0x0, 0x7, 0xff, 0xff, 0xff, 0xff, 0x50, 0x0,
    0x0, 0x0, 0x28, 0xcd, 0xdb, 0x71, 0x0, 0x0,

    /* U+00A8 "¨" */
    0x0, 0x0, 0x0, 0x0, 0x0, 0x2, 0xdf, 0x80,
    0x0, 0x5f, 0xe4, 0xaf, 0xff, 0x20, 0xf, 0xff,
    0xe9, 0xff, 0xf2, 0x0, 0xef, 0xfd, 0x2c, 0xf7,
    0x0, 0x4, 0xee, 0x40,

    /* U+00A9 "©" */
    0x0, 0x0, 0x0, 0x0, 0x0, 0x0, 0x10, 0x0,
    0x0, 0x0, 0x0, 0x0, 0x0, 0x0, 0x0, 0x0,
    0x5, 0xae, 0xff, 0xfe, 0xb6, 0x10, 0x0, 0x0,
    0x0, 0x0, 0x0, 0x0, 0x5e, 0xff, 0xff, 0xff,
    0xff, 0xff, 0x80, 0x0, 0x0, 0x0, 0x0, 0x0,
    0xbf, 0xff, 0xff, 0xff, 0xff, 0xff, 0xff, 0xd2,
    0x0, 0x0, 0x0, 0x1, 0xdf, 0xff, 0xf9, 0x41,
    0x1, 0x38, 0xef, 0xff, 0xe3, 0x0, 0x0, 0x0,
    0xbf, 0xff, 0xa1, 0x0, 0x0, 0x0, 0x0, 0x7f,
    0xff, 0xe1, 0x0, 0x0, 0x7f, 0xff, 0x70, 0x1,
    0x8d, 0xfe, 0xb5, 0x0, 0x4f, 0xff, 0xb0, 0x0,
    0x1f, 0xff, 0x90, 0x5, 0xff, 0xff, 0xff, 0xfb,
    0x0, 0x5f, 0xff, 0x40, 0x8, 0xff, 0xd0, 0x4,
    0xff, 0xff, 0xef, 0xff, 0xfb, 0x0, 0xaf, 0xfb,
    0x0, 0xdf, 0xf6, 0x1, 0xef, 0xfa, 0x20, 0x6,
    0xff, 0xf5, 0x2, 0xff, 0xf1, 0x1f, 0xff, 0x10,
    0x7f, 0xfb, 0x0, 0x0, 0x5, 0xff, 0xc0, 0xc,
    0xff, 0x53, 0xff, 0xd0, 0xb, 0xff, 0x20, 0x0,
    0x0, 0x7, 0x77, 0x0, 0x9f, 0xf7, 0x5f, 0xfb,
    0x0, 0xdf, 0xf0, 0x0, 0x0, 0x0, 0x0, 0x0,
    0x7, 0xff, 0x95, 0xff, 0xb0, 0xd, 0xff, 0x0,
    0x0, 0x0, 0x0, 0x0, 0x0, 0x7f, 0xf9, 0x3f,
    0xfd, 0x0, 0xbf, 0xf3, 0x0, 0x0, 0x2, 0x99,
    0x70, 0x9, 0xff, 0x71, 0xff, 0xf1, 0x6, 0xff,
    0xc0, 0x0, 0x0, 0x9f, 0xf8, 0x0, 0xdf, 0xf5,
    0xc, 0xff, 0x60, 0xe, 0xff, 0xc4, 0x1, 0x8f,
    0xff, 0x20, 0x2f, 0xff, 0x0, 0x7f, 0xfe, 0x0,
    0x3f, 0xff, 0xff, 0xff, 0xff, 0x80, 0xb, 0xff,
    0xb0, 0x0, 0xef, 0xfa, 0x0, 0x3e, 0xff, 0xff,
    0xff, 0x80, 0x6, 0xff, 0xf3, 0x0, 0x6, 0xff,
    0xf9, 0x0, 0x6, 0xbd, 0xc9, 0x30, 0x5, 0xff,
    0xfa, 0x0, 0x0, 0xa, 0xff, 0xfb, 0x20, 0x0,
    0x0, 0x0, 0x19, 0xff, 0xfd, 0x10, 0x0, 0x0,
    0xc, 0xff, 0xff, 0xa5, 0x31, 0x24, 0x9e, 0xff,
    0xfe, 0x20, 0x0, 0x0, 0x0, 0x9, 0xff, 0xff,
    0xff, 0xff, 0xff, 0xff, 0xfc, 0x10, 0x0, 0x0,
    0x0, 0x0, 0x4, 0xdf, 0xff, 0xff, 0xff, 0xff,
    0xe6, 0x0, 0x0, 0x0, 0x0, 0x0, 0x0, 0x0,
    0x38, 0xce, 0xfe, 0xda, 0x50, 0x0, 0x0, 0x0,
    0x0,

    /* U+00AA "ª" */
    0x0, 0x1, 0x7c, 0xef, 0xda, 0x40, 0x0, 0x4,
    0xef, 0xff, 0xff, 0xff, 0x80, 0x1, 0xff, 0xfb,
    0x65, 0x9f, 0xff, 0x40, 0x4b, 0xe9, 0x0, 0x0,
    0x6f, 0xfa, 0x0, 0x0, 0x0, 0x0, 0x3, 0xff,
    0xc0, 0x0, 0x0, 0x14, 0x68, 0xdf, 0xfd, 0x0,
    0x29, 0xdf, 0xff, 0xff, 0xff, 0xd0, 0x3f, 0xff,
    0xff, 0xda, 0x8f, 0xfd, 0xc, 0xff, 0xb3, 0x0,
    0x2, 0xff, 0xd0, 0xff, 0xf0, 0x0, 0x0, 0x4f,
    0xfd, 0xf, 0xff, 0x10, 0x0, 0xc, 0xff, 0xd0,
    0xbf, 0xfd, 0x64, 0x6d, 0xff, 0xfd, 0x2, 0xef,
    0xff, 0xff, 0xf7, 0xff, 0xd0, 0x1, 0x9d, 0xfe,
    0xb4, 0x1f, 0xfd,

    /* U+00AB "«" */
    0x0, 0x0, 0x0, 0xaf, 0xff, 0x30, 0x1e, 0xff,
    0xc0, 0x0, 0x0, 0x7, 0xff, 0xf5, 0x0, 0xcf,
    0xfe, 0x10, 0x0, 0x0, 0x5f, 0xff, 0x80, 0xa,
    0xff, 0xf3, 0x0, 0x0, 0x3, 0xff, 0xfb, 0x0,
    0x7f, 0xff, 0x60, 0x0, 0x0, 0x1e, 0xff, 0xd0,
    0x5, 0xff, 0xf8, 0x0, 0x0, 0x0, 0xcf, 0xfe,
    0x20, 0x3f, 0xff, 0xb0, 0x0, 0x0, 0xa, 0xff,
    0xf4, 0x1, 0xef, 0xfd, 0x10, 0x0, 0x0, 0x4f,
    0xff, 0xa0, 0x9, 0xff, 0xf4, 0x0, 0x0, 0x0,
    0xa, 0xff, 0xf4, 0x1, 0xef, 0xfd, 0x10, 0x0,
    0x0, 0x0, 0xcf, 0xfe, 0x20, 0x3f, 0xff, 0xb0,
    0x0, 0x0, 0x0, 0x1e, 0xff, 0xd0, 0x5, 0xff,
    0xf8, 0x0, 0x0, 0x0, 0x3, 0xff, 0xfb, 0x0,
    0x7f, 0xff, 0x60, 0x0, 0x0, 0x0, 0x5f, 0xff,
    0x80, 0xa, 0xff, 0xf3, 0x0, 0x0, 0x0, 0x7,
    0xff, 0xf5, 0x0, 0xcf, 0xfe, 0x10, 0x0, 0x0,
    0x0, 0xaf, 0xff, 0x30, 0x1e, 0xff, 0xc0,

    /* U+00AC "¬" */
    0x8f, 0xff, 0xff, 0xff, 0xff, 0xff, 0xfd, 0x8f,
    0xff, 0xff, 0xff, 0xff, 0xff, 0xfe, 0x8f, 0xff,
    0xff, 0xff, 0xff, 0xff, 0xfe, 0x0, 0x0, 0x0,
    0x0, 0x0, 0x3f, 0xfe, 0x0, 0x0, 0x0, 0x0,
    0x0, 0x3f, 0xfe, 0x0, 0x0, 0x0, 0x0, 0x0,
    0x3f, 0xfe, 0x0, 0x0, 0x0, 0x0, 0x0, 0x3f,
    0xfe,

    /* U+00AE "®" */
    0x0, 0x0, 0x0, 0x0, 0x34, 0x31, 0x0, 0x0,
    0x0, 0x0, 0x0, 0x0, 0x4b, 0xff, 0xff, 0xfc,
    0x60, 0x0, 0x0, 0x0, 0x0, 0xaf, 0xff, 0xff,
    0xff, 0xff, 0xd2, 0x0, 0x0, 0x0, 0xcf, 0xfc,
    0x62, 0x1, 0x4a, 0xff, 0xe3, 0x0, 0x0, 0xbf,
    0xf7, 0x0, 0x0, 0x0, 0x4, 0xef, 0xe1, 0x0,
    0x5f, 0xf6, 0x1, 0x22, 0x21, 0x0, 0x2, 0xff,
    0x90, 0xc, 0xfb, 0x0, 0x9f, 0xff, 0xfe, 0x50,
    0x6, 0xff, 0x11, 0xff, 0x40, 0x9, 0xf9, 0x57,
    0xff, 0x10, 0xf, 0xf6, 0x5f, 0xf0, 0x0, 0x9f,
    0x60, 0xd, 0xf4, 0x0, 0xbf, 0x96, 0xfd, 0x0,
    0x9, 0xf7, 0x15, 0xff, 0x10, 0x9, 0xfb, 0x6f,
    0xe0, 0x0, 0x9f, 0xff, 0xff, 0x50, 0x0, 0x9f,
    0xa4, 0xff, 0x0, 0x9, 0xf8, 0x4d, 0xf4, 0x0,
    0xc, 0xf8, 0xf, 0xf6, 0x0, 0x9f, 0x60, 0x5f,
    0xc0, 0x2, 0xff, 0x40, 0xaf, 0xd0, 0x9, 0xf6,
    0x0, 0xdf, 0x50, 0xaf, 0xe0, 0x2, 0xff, 0xa0,
    0x1, 0x0, 0x0, 0x10, 0x6f, 0xf6, 0x0, 0x7,
    0xff, 0xc2, 0x0, 0x0, 0x0, 0x8f, 0xfb, 0x0,
    0x0, 0x8, 0xff, 0xfb, 0x75, 0x69, 0xff, 0xfc,
    0x0, 0x0, 0x0, 0x5, 0xef, 0xff, 0xff, 0xff,
    0xf8, 0x0, 0x0, 0x0, 0x0, 0x0, 0x6b, 0xef,
    0xec, 0x71, 0x0, 0x0, 0x0,

    /* U+00AF "¯" */
    0x78, 0x88, 0x88, 0x88, 0x6f, 0xff, 0xff, 0xff,
    0xfd, 0xff, 0xff, 0xff, 0xff, 0xd0,

    /* U+00B0 "°" */
    0x0, 0x2, 0xae, 0xfd, 0x70, 0x0, 0x0, 0x5f,
    0xff, 0xff, 0xfc, 0x10, 0x2, 0xff, 0xfd, 0xbe,
    0xff, 0xb0, 0xa, 0xff, 0x70, 0x1, 0xcf, 0xf3,
    0xe, 0xfc, 0x0, 0x0, 0x2f, 0xf8, 0xf, 0xf9,
    0x0, 0x0, 0xf, 0xfa, 0xe, 0xfc, 0x0, 0x0,
    0x2f, 0xf8, 0xa, 0xff, 0x70, 0x1, 0xcf, 0xf4,
    0x2, 0xff, 0xfd, 0xbe, 0xff, 0xb0, 0x0, 0x5f,
    0xff, 0xff, 0xfd, 0x10, 0x0, 0x2, 0xae, 0xfd,
    0x70, 0x0,

    /* U+00B1 "±" */
    0x0, 0x0, 0x0, 0xdf, 0xf3, 0x0, 0x0, 0x0,
    0x0, 0x0, 0x0, 0xdf, 0xf3, 0x0, 0x0, 0x0,
    0x0, 0x0, 0x0, 0xdf, 0xf3, 0x0, 0x0, 0x0,
    0x0, 0x0, 0x0, 0xdf, 0xf3, 0x0, 0x0, 0x0,
    0xef, 0xff, 0xff, 0xff, 0xff, 0xff, 0xff, 0xf4,
    0xef, 0xff, 0xff, 0xff, 0xff, 0xff, 0xff, 0xf4,
    0xef, 0xff, 0xff, 0xff, 0xff, 0xff, 0xff, 0xf4,
    0x0, 0x0, 0x0, 0xdf, 0xf3, 0x0, 0x0, 0x0,
    0x0, 0x0, 0x0, 0xdf, 0xf3, 0x0, 0x0, 0x0,
    0x0, 0x0, 0x0, 0xdf, 0xf3, 0x0, 0x0, 0x0,
    0x0, 0x0, 0x0, 0xdf, 0xf3, 0x0, 0x0, 0x0,
    0x0, 0x0, 0x0, 0xdf, 0xf3, 0x0, 0x0, 0x0,
    0x0, 0x0, 0x0, 0x0, 0x0, 0x0, 0x0, 0x0,
    0x1, 0x11, 0x11, 0x11, 0x11, 0x11, 0x11, 0x10,
    0xef, 0xff, 0xff, 0xff, 0xff, 0xff, 0xff, 0xf4,
    0xef, 0xff, 0xff, 0xff, 0xff, 0xff, 0xff, 0xf4,
    0xef, 0xff, 0xff, 0xff, 0xff, 0xff, 0xff, 0xf4,

    /* U+00B2 "²" */
    0x0, 0x29, 0xdf, 0xfd, 0x92, 0x0, 0x4, 0xff,
    0xff, 0xff, 0xff, 0x50, 0xf, 0xff, 0xa6, 0x6c,
    0xff, 0xf0, 0x4f, 0xfb, 0x0, 0x0, 0xdf, 0xf4,
    0x0, 0x0, 0x0, 0x0, 0xcf, 0xf3, 0x0, 0x0,
    0x0, 0x6, 0xff, 0xd0, 0x0, 0x0, 0x0, 0x8f,
    0xff, 0x30, 0x0, 0x0, 0x1c, 0xff, 0xe3, 0x0,
    0x0, 0x3, 0xef, 0xfb, 0x10, 0x0, 0x0, 0x7f,
    0xff, 0x70, 0x0, 0x0, 0xa, 0xff, 0xfa, 0x77,
    0x77, 0x75, 0x2f, 0xff, 0xff, 0xff, 0xff, 0xfb,
    0x2f, 0xff, 0xff, 0xff, 0xff, 0xfb,

    /* U+00B3 "³" */
    0x0, 0x17, 0xce, 0xfd, 0xb4, 0x0, 0x0, 0x3e,
    0xff, 0xff, 0xff, 0xfa, 0x0, 0xd, 0xff, 0xc7,
    0x69, 0xff, 0xf5, 0x0, 0x99, 0x80, 0x0, 0x8,
    0xff, 0x70, 0x0, 0x0, 0x0, 0x4, 0xdf, 0xf2,
    0x0, 0x0, 0x5, 0xff, 0xfe, 0x92, 0x0, 0x0,
    0x0, 0x5f, 0xff, 0xfd, 0x70, 0x0, 0x0, 0x0,
    0x0, 0x4d, 0xff, 0x90, 0x0, 0x0, 0x0, 0x0,
    0x3f, 0xff, 0x5, 0xff, 0xc0, 0x0, 0x6, 0xff,
    0xf0, 0x1f, 0xff, 0xd8, 0x7a, 0xff, 0xfb, 0x0,
    0x4f, 0xff, 0xff, 0xff, 0xfc, 0x10, 0x0, 0x18,
    0xcf, 0xfe, 0xb6, 0x0, 0x0,

    /* U+00B4 "´" */
    0x0, 0x4c, 0xcc, 0x10, 0xc, 0xff, 0x80, 0x3,
    0xff, 0xd0, 0x0, 0xbf, 0xf3, 0x0, 0x2f, 0xf9,
    0x0, 0x0,

    /* U+00B5 "µ" */
    0xbf, 0xfc, 0x0, 0x0, 0x0, 0x7, 0xff, 0xf0,
    0x0, 0xbf, 0xfc, 0x0, 0x0, 0x0, 0x7, 0xff,
    0xf0, 0x0, 0xbf, 0xfc, 0x0, 0x0, 0x0, 0x7,
    0xff, 0xf0, 0x0, 0xbf, 0xfc, 0x0, 0x0, 0x0,
    0x7, 0xff, 0xf0, 0x0, 0xbf, 0xfc, 0x0, 0x0,
    0x0, 0x7, 0xff, 0xf0, 0x0, 0xbf, 0xfc, 0x0,
    0x0, 0x0, 0x7, 0xff, 0xf0, 0x0, 0xbf, 0xfc,
    0x0, 0x0, 0x0, 0x7, 0xff, 0xf0, 0x0, 0xbf,
    0xfc, 0x0, 0x0, 0x0, 0x7, 0xff, 0xf0, 0x0,
    0xbf, 0xfc, 0x0, 0x0, 0x0, 0x7, 0xff, 0xf0,
    0x0, 0xbf, 0xfc, 0x0, 0x0, 0x0, 0x7, 0xff,
    0xf0, 0x0, 0xbf, 0xfc, 0x0, 0x0, 0x0, 0x7,
    0xff, 0xf0, 0x0, 0xbf, 0xfc, 0x0, 0x0, 0x0,
    0x8, 0xff, 0xf0, 0x0, 0xbf, 0xff, 0x0, 0x0,
    0x0, 0xa, 0xff, 0xf0, 0x0, 0xbf, 0xff, 0x50,
    0x0, 0x0, 0x1f, 0xff, 0xf0, 0x0, 0xbf, 0xff,
    0xf5, 0x0, 0x2, 0xdf, 0xff, 0xf1, 0x0, 0xbf,
    0xff, 0xff, 0xeb, 0xdf, 0xfb, 0xff, 0xfe, 0xb0,
    0xbf, 0xfc, 0x9f, 0xff, 0xff, 0xe1, 0x9f, 0xff,
    0xf0, 0xbf, 0xfc, 0x6, 0xcf, 0xe9, 0x10, 0x6,
    0xcf, 0xf0, 0xbf, 0xfc, 0x0, 0x0, 0x0, 0x0,
    0x0, 0x0, 0x0, 0xbf, 0xfc, 0x0, 0x0, 0x0,
    0x0, 0x0, 0x0, 0x0, 0xbf, 0xfc, 0x0, 0x0,
    0x0, 0x0, 0x0, 0x0, 0x0, 0xbf, 0xfc, 0x0,
    0x0, 0x0, 0x0, 0x0, 0x0, 0x0, 0xbf, 0xfc,
    0x0, 0x0, 0x0, 0x0, 0x0, 0x0, 0x0, 0xbf,
    0xfc, 0x0, 0x0, 0x0, 0x0, 0x0, 0x0, 0x0,
    0xbf, 0xfc, 0x0, 0x0, 0x0, 0x0, 0x0, 0x0,
    0x0,

    /* U+00B6 "¶" */
    0x0, 0x0, 0x28, 0xce, 0xff, 0xff, 0xff, 0xfa,
    0x0, 0x8, 0xff, 0xff, 0xff, 0xff, 0xff, 0xfa,
    0x0, 0xaf, 0xff, 0xff, 0xff, 0xff, 0xff, 0xfa,
    0x6, 0xff, 0xff, 0xff, 0xfa, 0x0, 0x8f, 0xfa,
    0xd, 0xff, 0xff, 0xff, 0xfa, 0x0, 0x8f, 0xfa,
    0x2f, 0xff, 0xff, 0xff, 0xfa, 0x0, 0x8f, 0xfa,
    0x5f, 0xff, 0xff, 0xff, 0xfa, 0x0, 0x8f, 0xfa,
    0x6f, 0xff, 0xff, 0xff, 0xfa, 0x0, 0x8f, 0xfa,
    0x5f, 0xff, 0xff, 0xff, 0xfa, 0x0, 0x8f, 0xfa,
    0x3f, 0xff, 0xff, 0xff, 0xfa, 0x0, 0x8f, 0xfa,
    0xe, 0xff, 0xff, 0xff, 0xfa, 0x0, 0x8f, 0xfa,
    0x7, 0xff, 0xff, 0xff, 0xfa, 0x0, 0x8f, 0xfa,
    0x0, 0xcf, 0xff, 0xff, 0xfa, 0x0, 0x8f, 0xfa,
    0x0, 0xa, 0xff, 0xff, 0xfa, 0x0, 0x8f, 0xfa,
    0x0, 0x0, 0x4a, 0xef, 0xfa, 0x0, 0x8f, 0xfa,
    0x0, 0x0, 0x0, 0x0, 0x10, 0x0, 0x8f, 0xfa,
    0x0, 0x0, 0x0, 0x0, 0x0, 0x0, 0x8f, 0xfa,
    0x0, 0x0, 0x0, 0x0, 0x0, 0x0, 0x8f, 0xfa,
    0x0, 0x0, 0x0, 0x0, 0x0, 0x0, 0x8f, 0xfa,
    0x0, 0x0, 0x0, 0x0, 0x0, 0x0, 0x8f, 0xfa,
    0x0, 0x0, 0x0, 0x0, 0x0, 0x0, 0x8f, 0xfa,
    0x0, 0x0, 0x0, 0x0, 0x0, 0x0, 0x8f, 0xfa,
    0x0, 0x0, 0x0, 0x0, 0x0, 0x0, 0x8f, 0xfa,
    0x0, 0x0, 0x0, 0x0, 0x0, 0x0, 0x8f, 0xfa,

    /* U+00B7 "·" */
    0x3, 0x98, 0x10, 0x2f, 0xff, 0xc0, 0x6f, 0xff,
    0xf1, 0x4f, 0xff, 0xe0, 0x7, 0xed, 0x40,

    /* U+00B8 "¸" */
    0x1, 0x94, 0x0, 0x0, 0x4f, 0x70, 0x0, 0x6,
    0xfb, 0x50, 0x0, 0x8f, 0xff, 0xd0, 0x0, 0x2,
    0xef, 0x50, 0x0, 0xd, 0xf6, 0x1c, 0xcd, 0xff,
    0x22, 0xff, 0xfc, 0x50,

    /* U+00B9 "¹" */
    0x0, 0x3c, 0xff, 0xf2, 0x9, 0xff, 0xff, 0xf2,
    0x6f, 0xfd, 0xff, 0xf2, 0x6f, 0x80, 0xdf, 0xf2,
    0x32, 0x0, 0xdf, 0xf2, 0x0, 0x0, 0xdf, 0xf2,
    0x0, 0x0, 0xdf, 0xf2, 0x0, 0x0, 0xdf, 0xf2,
    0x0, 0x0, 0xdf, 0xf2, 0x0, 0x0, 0xdf, 0xf2,
    0x0, 0x0, 0xdf, 0xf2, 0x0, 0x0, 0xdf, 0xf2,
    0x0, 0x0, 0xdf, 0xf2,

    /* U+00BA "º" */
    0x0, 0x3, 0x9d, 0xfe, 0xc6, 0x0, 0x0, 0x0,
    0x8f, 0xff, 0xff, 0xff, 0xd2, 0x0, 0x7, 0xff,
    0xfb, 0x78, 0xef, 0xfe, 0x10, 0x1f, 0xff, 0x50,
    0x0, 0xc, 0xff, 0x90, 0x7f, 0xfc, 0x0, 0x0,
    0x4, 0xff, 0xe0, 0xbf, 0xf6, 0x0, 0x0, 0x0,
    0xef, 0xf3, 0xcf, 0xf4, 0x0, 0x0, 0x0, 0xcf,
    0xf4, 0xcf, 0xf4, 0x0, 0x0, 0x0, 0xbf, 0xf4,
    0xbf, 0xf6, 0x0, 0x0, 0x0, 0xef, 0xf3, 0x7f,
    0xfc, 0x0, 0x0, 0x3, 0xff, 0xe0, 0x1f, 0xff,
    0x50, 0x0, 0xc, 0xff, 0x90, 0x7, 0xff, 0xfb,
    0x78, 0xef, 0xfe, 0x10, 0x0, 0x8f, 0xff, 0xff,
    0xff, 0xd2, 0x0, 0x0, 0x3, 0xad, 0xfe, 0xc7,
    0x0, 0x0,

    /* U+00BB "»" */
    0x5f, 0xff, 0x70, 0xb, 0xff, 0xf2, 0x0, 0x0,
    0x0, 0x8f, 0xff, 0x40, 0xd, 0xff, 0xd1, 0x0,
    0x0, 0x0, 0xbf, 0xff, 0x20, 0x2e, 0xff, 0xc0,
    0x0, 0x0, 0x1, 0xdf, 0xfd, 0x10, 0x4f, 0xff,
    0x90, 0x0, 0x0, 0x2, 0xef, 0xfc, 0x0, 0x6f,
    0xff, 0x70, 0x0, 0x0, 0x4, 0xff, 0xf9, 0x0,
    0x9f, 0xff, 0x40, 0x0, 0x0, 0x7, 0xff, 0xf7,
    0x0, 0xcf, 0xff, 0x20, 0x0, 0x0, 0xd, 0xff,
    0xf1, 0x2, 0xff, 0xfc, 0x0, 0x0, 0x7, 0xff,
    0xf7, 0x0, 0xcf, 0xff, 0x20, 0x0, 0x4, 0xff,
    0xfa, 0x0, 0x9f, 0xff, 0x40, 0x0, 0x2, 0xef,
    0xfc, 0x0, 0x6f, 0xff, 0x70, 0x0, 0x0, 0xdf,
    0xfd, 0x10, 0x4f, 0xff, 0xa0, 0x0, 0x0, 0xbf,
    0xff, 0x20, 0x2e, 0xff, 0xc0, 0x0, 0x0, 0x8f,
    0xff, 0x40, 0xd, 0xff, 0xd1, 0x0, 0x0, 0x5f,
    0xff, 0x70, 0xb, 0xff, 0xf2, 0x0, 0x0, 0x0,

    /* U+00BC "¼" */
    0x1, 0xcf, 0xff, 0x0, 0x0, 0x0, 0x0, 0x0,
    0x4, 0xff, 0x90, 0x0, 0x3e, 0xff, 0xff, 0x0,
    0x0, 0x0, 0x0, 0x0, 0xd, 0xfe, 0x0, 0x0,
    0xcf, 0xdc, 0xff, 0x0, 0x0, 0x0, 0x0, 0x0,
    0x9f, 0xf4, 0x0, 0x0, 0xca, 0xb, 0xff, 0x0,
    0x0, 0x0, 0x0, 0x4, 0xff, 0x90, 0x0, 0x0,
    0x40, 0xb, 0xff, 0x0, 0x0, 0x0, 0x0, 0xd,
    0xfe, 0x0, 0x0, 0x0, 0x0, 0xb, 0xff, 0x0,
    0x0, 0x0, 0x0, 0x9f, 0xf4, 0x0, 0x0, 0x0,
    0x0, 0xb, 0xff, 0x0, 0x0, 0x0, 0x4, 0xff,
    0x90, 0x0, 0x0, 0x0, 0x0, 0xb, 0xff, 0x0,
    0x0, 0x0, 0xd, 0xfe, 0x0, 0x0, 0x0, 0x0,
    0x0, 0xb, 0xff, 0x0, 0x0, 0x0, 0x9f, 0xf4,
    0x0, 0x0, 0x0, 0x0, 0x0, 0xb, 0xff, 0x0,
    0x0, 0x4, 0xff, 0x90, 0x0, 0x0, 0x0, 0x0,
    0x0, 0xb, 0xff, 0x0, 0x0, 0xd, 0xfe, 0x0,
    0x0, 0x4, 0x44, 0x10, 0x0, 0xb, 0xff, 0x0,
    0x0, 0x9f, 0xf4, 0x0, 0x0, 0x8f, 0xff, 0x50,
    0x0, 0xb, 0xff, 0x0, 0x4, 0xff, 0x90, 0x0,
    0x1, 0xff, 0xff, 0x50, 0x0, 0x0, 0x0, 0x0,
    0xd, 0xfe, 0x0, 0x0, 0x9, 0xff, 0xff, 0x50,
    0x0, 0x0, 0x0, 0x0, 0x9f, 0xf4, 0x0, 0x0,
    0x2f, 0xf9, 0xff, 0x50, 0x0, 0x0, 0x0, 0x4,
    0xff, 0x90, 0x0, 0x0, 0xbf, 0xd3, 0xff, 0x50,
    0x0, 0x0, 0x0, 0xd, 0xfe, 0x0, 0x0, 0x4,
    0xff, 0x53, 0xff, 0x50, 0x0, 0x0, 0x0, 0x9f,
    0xf4, 0x0, 0x0, 0xd, 0xfc, 0x3, 0xff, 0x50,
    0x0, 0x0, 0x4, 0xff, 0x90, 0x0, 0x0, 0x6f,
    0xf4, 0x3, 0xff, 0x50, 0x0, 0x0, 0xd, 0xfd,
    0x0, 0x0, 0x0, 0xef, 0xd4, 0x46, 0xff, 0x84,
    0x0, 0x0, 0x9f, 0xf4, 0x0, 0x0, 0x2, 0xff,
    0xff, 0xff, 0xff, 0xfe, 0x0, 0x4, 0xff, 0x90,
    0x0, 0x0, 0x2, 0xff, 0xff, 0xff, 0xff, 0xfe,
    0x0, 0xd, 0xfd, 0x0, 0x0, 0x0, 0x0, 0x0,
    0x0, 0x4, 0xff, 0x50, 0x0, 0x9f, 0xf4, 0x0,
    0x0, 0x0, 0x0, 0x0, 0x0, 0x4, 0xff, 0x50,

    /* U+00BD "½" */
    0x0, 0x58, 0x88, 0x0, 0x0, 0x0, 0x0, 0x0,
    0x1, 0x88, 0x60, 0x0, 0x0, 0x9, 0xff, 0xff,
    0x0, 0x0, 0x0, 0x0, 0x0, 0xa, 0xff, 0x30,
    0x0, 0x0, 0xaf, 0xff, 0xff, 0x0, 0x0, 0x0,
    0x0, 0x0, 0x5f, 0xf8, 0x0, 0x0, 0x0, 0xce,
    0x4b, 0xff, 0x0, 0x0, 0x0, 0x0, 0x1, 0xef,
    0xd0, 0x0, 0x0, 0x0, 0x92, 0xb, 0xff, 0x0,
    0x0, 0x0, 0x0, 0xa, 0xff, 0x30, 0x0, 0x0,
    0x0, 0x0, 0xb, 0xff, 0x0, 0x0, 0x0, 0x0,
    0x5f, 0xf7, 0x0, 0x0, 0x0, 0x0, 0x0, 0xb,
    0xff, 0x0, 0x0, 0x0, 0x1, 0xef, 0xc0, 0x0,
    0x0, 0x0, 0x0, 0x0, 0xb, 0xff, 0x0, 0x0,
    0x0, 0xb, 0xff, 0x20, 0x0, 0x0, 0x0, 0x0,
    0x0, 0xb, 0xff, 0x0, 0x0, 0x0, 0x6f, 0xf7,
    0x0, 0x0, 0x0, 0x0, 0x0, 0x0, 0xb, 0xff,
    0x0, 0x0, 0x1, 0xff, 0xc0, 0x0, 0x0, 0x0,
    0x0, 0x0, 0x0, 0xb, 0xff, 0x0, 0x0, 0xb,
    0xff, 0x20, 0x0, 0x0, 0x0, 0x0, 0x0, 0x0,
    0xb, 0xff, 0x0, 0x0, 0x6f, 0xf6, 0x0, 0x2,
    0xae, 0xfe, 0xa2, 0x0, 0x0, 0xb, 0xff, 0x0,
    0x2, 0xff, 0xb0, 0x0, 0x2f, 0xff, 0xff, 0xfe,
    0x20, 0x0, 0x4, 0x77, 0x0, 0xc, 0xff, 0x10,
    0x0, 0xbf, 0xfa, 0x7c, 0xff, 0xa0, 0x0, 0x0,
    0x0, 0x0, 0x7f, 0xf6, 0x0, 0x0, 0xbc, 0xa0,
    0x0, 0xdf, 0xd0, 0x0, 0x0, 0x0, 0x2, 0xff,
    0xb0, 0x0, 0x0, 0x0, 0x0, 0x0, 0xdf, 0xb0,
    0x0, 0x0, 0x0, 0xc, 0xfe, 0x10, 0x0, 0x0,
    0x0, 0x0, 0x6, 0xff, 0x50, 0x0, 0x0, 0x0,
    0x8f, 0xf5, 0x0, 0x0, 0x0, 0x0, 0x0, 0x4f,
    0xfa, 0x0, 0x0, 0x0, 0x3, 0xff, 0xa0, 0x0,
    0x0, 0x0, 0x0, 0x3, 0xff, 0xc0, 0x0, 0x0,
    0x0, 0xd, 0xfe, 0x10, 0x0, 0x0, 0x0, 0x0,
    0x3f, 0xfd, 0x10, 0x0, 0x0, 0x0, 0x8f, 0xf4,
    0x0, 0x0, 0x0, 0x0, 0x3, 0xff, 0xe2, 0x0,
    0x0, 0x0, 0x3, 0xff, 0x90, 0x0, 0x0, 0x0,
    0x0, 0x3f, 0xff, 0x96, 0x66, 0x60, 0x0, 0xd,
    0xfe, 0x0, 0x0, 0x0, 0x0, 0x0, 0xcf, 0xff,
    0xff, 0xff, 0xf1, 0x0, 0x9f, 0xf4, 0x0, 0x0,
    0x0, 0x0, 0x0, 0xcf, 0xff, 0xff, 0xff, 0xf1,

    /* U+00BE "¾" */
    0x0, 0x3b, 0xef, 0xd8, 0x0, 0x0, 0x0, 0x0,
    0x0, 0x0, 0xcf, 0xf1, 0x0, 0x0, 0x6f, 0xff,
    0xff, 0xfb, 0x0, 0x0, 0x0, 0x0, 0x0, 0x7f,
    0xf6, 0x0, 0x0, 0x1f, 0xfe, 0x64, 0xcf, 0xf4,
    0x0, 0x0, 0x0, 0x0, 0x2f, 0xfb, 0x0, 0x0,
    0x2, 0x88, 0x30, 0x2, 0xff, 0x80, 0x0, 0x0,
    0x0, 0xc, 0xff, 0x10, 0x0, 0x0, 0x0, 0x0,
    0x0, 0x3f, 0xf7, 0x0, 0x0, 0x0, 0x7, 0xff,
    0x60, 0x0, 0x0, 0x0, 0x0, 0x1, 0x3c, 0xff,
    0x20, 0x0, 0x0, 0x2, 0xff, 0xb0, 0x0, 0x0,
    0x0, 0x0, 0x4, 0xff, 0xfc, 0x30, 0x0, 0x0,
    0x0, 0xcf, 0xf1, 0x0, 0x0, 0x0, 0x0, 0x0,
    0x4f, 0xff, 0xfb, 0x20, 0x0, 0x0, 0x7f, 0xf6,
    0x0, 0x0, 0x0, 0x0, 0x0, 0x0, 0x0, 0x6f,
    0xfc, 0x0, 0x0, 0x2f, 0xfb, 0x0, 0x0, 0x0,
    0x0, 0x0, 0x0, 0x0, 0x0, 0xdf, 0xf0, 0x0,
    0xc, 0xff, 0x10, 0x0, 0x0, 0x0, 0x0, 0x6c,
    0xc7, 0x10, 0x5f, 0xff, 0x0, 0x7, 0xff, 0x60,
    0x0, 0x0, 0x0, 0x0, 0x2, 0xff, 0xff, 0xff,
    0xff, 0x80, 0x2, 0xff, 0xb0, 0x0, 0x0, 0xdf,
    0xfd, 0x0, 0x3, 0xcf, 0xff, 0xfe, 0x60, 0x0,
    0xcf, 0xf1, 0x0, 0x0, 0x6f, 0xff, 0xd0, 0x0,
    0x0, 0x13, 0x42, 0x0, 0x0, 0x7f, 0xf6, 0x0,
    0x0, 0x1e, 0xff, 0xfd, 0x0, 0x0, 0x0, 0x0,
    0x0, 0x0, 0x2f, 0xfb, 0x0, 0x0, 0x9, 0xfe,
    0xcf, 0xd0, 0x0, 0x0, 0x0, 0x0, 0x0, 0xc,
    0xff, 0x10, 0x0, 0x2, 0xff, 0x6b, 0xfd, 0x0,
    0x0, 0x0, 0x0, 0x0, 0x7, 0xff, 0x60, 0x0,
    0x0, 0xbf, 0xd0, 0xbf, 0xd0, 0x0, 0x0, 0x0,
    0x0, 0x2, 0xff, 0xb0, 0x0, 0x0, 0x5f, 0xf5,
    0xb, 0xfd, 0x0, 0x0, 0x0, 0x0, 0x0, 0xcf,
    0xf1, 0x0, 0x0, 0xd, 0xfc, 0x0, 0xbf, 0xd0,
    0x0, 0x0, 0x0, 0x0, 0x7f, 0xf6, 0x0, 0x0,
    0x7, 0xff, 0x84, 0x4c, 0xfe, 0x41, 0x0, 0x0,
    0x0, 0x2f, 0xfb, 0x0, 0x0, 0x0, 0xaf, 0xff,
    0xff, 0xff, 0xff, 0x60, 0x0, 0x0, 0xc, 0xff,
    0x10, 0x0, 0x0, 0xa, 0xff, 0xff, 0xff, 0xff,
    0xf6, 0x0, 0x0, 0x7, 0xff, 0x60, 0x0, 0x0,
    0x0, 0x0, 0x0, 0x0, 0xcf, 0xd0, 0x0, 0x0,
    0x2, 0xff, 0xb0, 0x0, 0x0, 0x0, 0x0, 0x0,
    0x0, 0xc, 0xfd, 0x0,

    /* U+00BF "¿" */
    0x0, 0x0, 0x0, 0x4d, 0xe8, 0x0, 0x0, 0x0,
    0x0, 0x0, 0xe, 0xff, 0xf5, 0x0, 0x0, 0x0,
    0x0, 0x1, 0xff, 0xff, 0x70, 0x0, 0x0, 0x0,
    0x0, 0xc, 0xff, 0xf2, 0x0, 0x0, 0x0, 0x0,
    0x0, 0x17, 0x93, 0x0, 0x0, 0x0, 0x0, 0x0,
    0x0, 0x0, 0x0, 0x0, 0x0, 0x0, 0x0, 0x0,
    0x0, 0x0, 0x0, 0x0, 0x0, 0x0, 0x0, 0x3,
    0x77, 0x60, 0x0, 0x0, 0x0, 0x0, 0x0, 0x7f,
    0xfd, 0x0, 0x0, 0x0, 0x0, 0x0, 0x9, 0xff,
    0xc0, 0x0, 0x0, 0x0, 0x0, 0x0, 0xef, 0xf9,
    0x0, 0x0, 0x0, 0x0, 0x0, 0xaf, 0xff, 0x50,
    0x0, 0x0, 0x0, 0x2, 0xcf, 0xff, 0xd0, 0x0,
    0x0, 0x0, 0x4, 0xff, 0xff, 0xd1, 0x0, 0x0,
    0x0, 0x2, 0xff, 0xff, 0xa0, 0x0, 0x0, 0x0,
    0x0, 0xcf, 0xff, 0x70, 0x0, 0x0, 0x0, 0x0,
    0x2f, 0xff, 0xa0, 0x0, 0x0, 0x0, 0x0, 0x5,
    0xff, 0xf4, 0x0, 0x0, 0x0, 0x0, 0x0, 0x6f,
    0xff, 0x10, 0x0, 0x0, 0x8, 0x99, 0x55, 0xff,
    0xf3, 0x0, 0x0, 0x1, 0xff, 0xf7, 0x2f, 0xff,
    0xa0, 0x0, 0x0, 0x8f, 0xff, 0x30, 0xbf, 0xff,
    0xa2, 0x2, 0x9f, 0xff, 0xc0, 0x2, 0xef, 0xff,
    0xff, 0xff, 0xff, 0xf3, 0x0, 0x3, 0xdf, 0xff,
    0xff, 0xff, 0xe4, 0x0, 0x0, 0x0, 0x6b, 0xef,
    0xec, 0x70, 0x0, 0x0,

    /* U+00C0 "À" */
    0x0, 0x0, 0x0, 0x9, 0xcc, 0x80, 0x0, 0x0,
    0x0, 0x0, 0x0, 0x0, 0x0, 0x0, 0x3, 0xff,
    0xf1, 0x0, 0x0, 0x0, 0x0, 0x0, 0x0, 0x0,
    0x0, 0x0, 0x9f, 0xf8, 0x0, 0x0, 0x0, 0x0,
    0x0, 0x0, 0x0, 0x0, 0x0, 0xe, 0xff, 0x0,
    0x0, 0x0, 0x0, 0x0, 0x0, 0x0, 0x0, 0x0,
    0x4, 0xff, 0x70, 0x0, 0x0, 0x0, 0x0, 0x0,
    0x0, 0x0, 0x0, 0x0, 0x0, 0x0, 0x0, 0x0,
    0x0, 0x0, 0x0, 0x0, 0x0, 0x0, 0x0, 0x0,
    0x0, 0x0, 0x0, 0x0, 0x0, 0x0, 0x0, 0x0,
    0x0, 0x1f, 0xff, 0xfa, 0x0, 0x0, 0x0, 0x0,
    0x0, 0x0, 0x0, 0x0, 0x7f, 0xff, 0xff, 0x0,
    0x0, 0x0, 0x0, 0x0, 0x0, 0x0, 0x0, 0xcf,
    0xff, 0xff, 0x50, 0x0, 0x0, 0x0, 0x0, 0x0,
    0x0, 0x2, 0xff, 0xfb, 0xff, 0xa0, 0x0, 0x0,
    0x0, 0x0, 0x0, 0x0, 0x7, 0xff, 0xd5, 0xff,
    0xf0, 0x0, 0x0, 0x0, 0x0, 0x0, 0x0, 0xd,
    0xff, 0x91, 0xff, 0xf6, 0x0, 0x0, 0x0, 0x0,
    0x0, 0x0, 0x2f, 0xff, 0x40, 0xcf, 0xfb, 0x0,
    0x0, 0x0, 0x0, 0x0, 0x0, 0x8f, 0xff, 0x0,
    0x8f, 0xff, 0x10, 0x0, 0x0, 0x0, 0x0, 0x0,
    0xdf, 0xfc, 0x0, 0x3f, 0xff, 0x70, 0x0, 0x0,
    0x0, 0x0, 0x3, 0xff, 0xf7, 0x0, 0xe, 0xff,
    0xc0, 0x0, 0x0, 0x0, 0x0, 0x8, 0xff, 0xf2,
    0x0, 0xa, 0xff, 0xf2, 0x0, 0x0, 0x0, 0x0,
    0xe, 0xff, 0xd0, 0x0, 0x4, 0xff, 0xf7, 0x0,
    0x0, 0x0, 0x0, 0x3f, 0xff, 0x80, 0x0, 0x0,
    0xff, 0xfd, 0x0, 0x0, 0x0, 0x0, 0x9f, 0xff,
    0x30, 0x0, 0x0, 0xaf, 0xff, 0x30, 0x0, 0x0,
    0x0, 0xef, 0xfe, 0x0, 0x0, 0x0, 0x5f, 0xff,
    0x80, 0x0, 0x0, 0x4, 0xff, 0xff, 0xff, 0xff,
    0xff, 0xff, 0xff, 0xe0, 0x0, 0x0, 0x9, 0xff,
    0xff, 0xff, 0xff, 0xff, 0xff, 0xff, 0xf4, 0x0,
    0x0, 0xe, 0xff, 0xff, 0xff, 0xff, 0xff, 0xff,
    0xff, 0xf9, 0x0, 0x0, 0x4f, 0xff, 0x80, 0x0,
    0x0, 0x0, 0x0, 0xef, 0xfe, 0x0, 0x0, 0xaf,
    0xff, 0x30, 0x0, 0x0, 0x0, 0x0, 0x9f, 0xff,
    0x40, 0x0, 0xff, 0xfd, 0x0, 0x0, 0x0, 0x0,
    0x0, 0x3f, 0xff, 0xa0, 0x5, 0xff, 0xf8, 0x0,
    0x0, 0x0, 0x0, 0x0, 0xd, 0xff, 0xf0, 0xb,
    0xff, 0xf2, 0x0, 0x0, 0x0, 0x0, 0x0, 0x8,
    0xff, 0xf5, 0xf, 0xff, 0xd0, 0x0, 0x0, 0x0,
    0x0, 0x0, 0x2, 0xff, 0xfb,

    /* U+00C1 "Á" */
    0x0, 0x0, 0x0, 0x0, 0x0, 0x0, 0xbc, 0xc4,
    0x0, 0x0, 0x0, 0x0, 0x0, 0x0, 0x0, 0x0,
    0x7, 0xff, 0xd0, 0x0, 0x0, 0x0, 0x0, 0x0,
    0x0, 0x0, 0x0, 0xe, 0xff, 0x30, 0x0, 0x0,
    0x0, 0x0, 0x0, 0x0, 0x0, 0x0, 0x6f, 0xf8,
    0x0, 0x0, 0x0, 0x0, 0x0, 0x0, 0x0, 0x0,
    0x0, 0xdf, 0xd0, 0x0, 0x0, 0x0, 0x0, 0x0,
    0x0, 0x0, 0x0, 0x0, 0x0, 0x0, 0x0, 0x0,
    0x0, 0x0, 0x0, 0x0, 0x0, 0x0, 0x0, 0x0,
    0x0, 0x0, 0x0, 0x0, 0x0, 0x0, 0x0, 0x0,
    0x0, 0x1f, 0xff, 0xfa, 0x0, 0x0, 0x0, 0x0,
    0x0, 0x0, 0x0, 0x0, 0x7f, 0xff, 0xff, 0x0,
    0x0, 0x0, 0x0, 0x0, 0x0, 0x0, 0x0, 0xcf,
    0xff, 0xff, 0x50, 0x0, 0x0, 0x0, 0x0, 0x0,
    0x0, 0x2, 0xff, 0xfb, 0xff, 0xa0, 0x0, 0x0,
    0x0, 0x0, 0x0, 0x0, 0x7, 0xff, 0xd5, 0xff,
    0xf0, 0x0, 0x0, 0x0, 0x0, 0x0, 0x0, 0xd,
    0xff, 0x91, 0xff, 0xf6, 0x0, 0x0, 0x0, 0x0,
    0x0, 0x0, 0x2f, 0xff, 0x40, 0xcf, 0xfb, 0x0,
    0x0, 0x0, 0x0, 0x0, 0x0, 0x8f, 0xff, 0x0,
    0x8f, 0xff, 0x10, 0x0, 0x0, 0x0, 0x0, 0x0,
    0xdf, 0xfc, 0x0, 0x3f, 0xff, 0x70, 0x0, 0x0,
    0x0, 0x0, 0x3, 0xff, 0xf7, 0x0, 0xe, 0xff,
    0xc0, 0x0, 0x0, 0x0, 0x0, 0x8, 0xff, 0xf2,
    0x0, 0xa, 0xff, 0xf2, 0x0, 0x0, 0x0, 0x0,
    0xe, 0xff, 0xd0, 0x0, 0x4, 0xff, 0xf7, 0x0,
    0x0, 0x0, 0x0, 0x3f, 0xff, 0x80, 0x0, 0x0,
    0xff, 0xfd, 0x0, 0x0, 0x0, 0x0, 0x9f, 0xff,
    0x30, 0x0, 0x0, 0xaf, 0xff, 0x30, 0x0, 0x0,
    0x0, 0xef, 0xfe, 0x0, 0x0, 0x0, 0x5f, 0xff,
    0x80, 0x0, 0x0, 0x4, 0xff, 0xff, 0xff, 0xff,
    0xff, 0xff, 0xff, 0xe0, 0x0, 0x0, 0x9, 0xff,
    0xff, 0xff, 0xff, 0xff, 0xff, 0xff, 0xf4, 0x0,
    0x0, 0xe, 0xff, 0xff, 0xff, 0xff, 0xff, 0xff,
    0xff, 0xf9, 0x0, 0x0, 0x4f, 0xff, 0x80, 0x0,
    0x0, 0x0, 0x0, 0xef, 0xfe, 0x0, 0x0, 0xaf,
    0xff, 0x30, 0x0, 0x0, 0x0, 0x0, 0x9f, 0xff,
    0x40, 0x0, 0xff, 0xfd, 0x0, 0x0, 0x0, 0x0,
    0x0, 0x3f, 0xff, 0xa0, 0x5, 0xff, 0xf8, 0x0,
    0x0, 0x0, 0x0, 0x0, 0xd, 0xff, 0xf0, 0xb,
    0xff, 0xf2, 0x0, 0x0, 0x0, 0x0, 0x0, 0x8,
    0xff, 0xf5, 0xf, 0xff, 0xd0, 0x0, 0x0, 0x0,
    0x0, 0x0, 0x2, 0xff, 0xfb,

    /* U+00C2 "Â" */
    0x0, 0x0, 0x0, 0x0, 0x9, 0xff, 0xf3, 0x0,
    0x0, 0x0, 0x0, 0x0, 0x0, 0x0, 0x0, 0x6f,
    0xff, 0xfe, 0x10, 0x0, 0x0, 0x0, 0x0, 0x0,
    0x0, 0x3, 0xff, 0xd5, 0xff, 0xc0, 0x0, 0x0,
    0x0, 0x0, 0x0, 0x0, 0x1e, 0xff, 0x30, 0x8f,
    0xf9, 0x0, 0x0, 0x0, 0x0, 0x0, 0x0, 0xcf,
    0xf7, 0x0, 0xc, 0xff, 0x60, 0x0, 0x0, 0x0,
    0x0, 0x0, 0x0, 0x0, 0x0, 0x0, 0x0, 0x0,
    0x0, 0x0, 0x0, 0x0, 0x0, 0x0, 0x0, 0x0,
    0x0, 0x0, 0x0, 0x0, 0x0, 0x0, 0x0, 0x0,
    0x0, 0x1f, 0xff, 0xfa, 0x0, 0x0, 0x0, 0x0,
    0x0, 0x0, 0x0, 0x0, 0x7f, 0xff, 0xff, 0x0,
    0x0, 0x0, 0x0, 0x0, 0x0, 0x0, 0x0, 0xcf,
    0xff, 0xff, 0x50, 0x0, 0x0, 0x0, 0x0, 0x0,
    0x0, 0x2, 0xff, 0xfb, 0xff, 0xa0, 0x0, 0x0,
    0x0, 0x0, 0x0, 0x0, 0x7, 0xff, 0xd5, 0xff,
    0xf0, 0x0, 0x0, 0x0, 0x0, 0x0, 0x0, 0xd,
    0xff, 0x91, 0xff, 0xf6, 0x0, 0x0, 0x0, 0x0,
    0x0, 0x0, 0x2f, 0xff, 0x40, 0xcf, 0xfb, 0x0,
    0x0, 0x0, 0x0, 0x0, 0x0, 0x8f, 0xff, 0x0,
    0x8f, 0xff, 0x10, 0x0, 0x0, 0x0, 0x0, 0x0,
    0xdf, 0xfc, 0x0, 0x3f, 0xff, 0x70, 0x0, 0x0,
    0x0, 0x0, 0x3, 0xff, 0xf7, 0x0, 0xe, 0xff,
    0xc0, 0x0, 0x0, 0x0, 0x0, 0x8, 0xff, 0xf2,
    0x0, 0xa, 0xff, 0xf2, 0x0, 0x0, 0x0, 0x0,
    0xe, 0xff, 0xd0, 0x0, 0x4, 0xff, 0xf7, 0x0,
    0x0, 0x0, 0x0, 0x3f, 0xff, 0x80, 0x0, 0x0,
    0xff, 0xfd, 0x0, 0x0, 0x0, 0x0, 0x9f, 0xff,
    0x30, 0x0, 0x0, 0xaf, 0xff, 0x30, 0x0, 0x0,
    0x0, 0xef, 0xfe, 0x0, 0x0, 0x0, 0x5f, 0xff,
    0x80, 0x0, 0x0, 0x4, 0xff, 0xff, 0xff, 0xff,
    0xff, 0xff, 0xff, 0xe0, 0x0, 0x0, 0x9, 0xff,
    0xff, 0xff, 0xff, 0xff, 0xff, 0xff, 0xf4, 0x0,
    0x0, 0xe, 0xff, 0xff, 0xff, 0xff, 0xff, 0xff,
    0xff, 0xf9, 0x0, 0x0, 0x4f, 0xff, 0x80, 0x0,
    0x0, 0x0, 0x0, 0xef, 0xfe, 0x0, 0x0, 0xaf,
    0xff, 0x30, 0x0, 0x0, 0x0, 0x0, 0x9f, 0xff,
    0x40, 0x0, 0xff, 0xfd, 0x0, 0x0, 0x0, 0x0,
    0x0, 0x3f, 0xff, 0xa0, 0x5, 0xff, 0xf8, 0x0,
    0x0, 0x0, 0x0, 0x0, 0xd, 0xff, 0xf0, 0xb,
    0xff, 0xf2, 0x0, 0x0, 0x0, 0x0, 0x0, 0x8,
    0xff, 0xf5, 0xf, 0xff, 0xd0, 0x0, 0x0, 0x0,
    0x0, 0x0, 0x2, 0xff, 0xfb,

    /* U+00C3 "Ã" */
    0x0, 0x0, 0x0, 0x0, 0x13, 0x10, 0x0, 0x44,
    0x0, 0x0, 0x0, 0x0, 0x0, 0x0, 0x7, 0xff,
    0xf9, 0x23, 0xff, 0x0, 0x0, 0x0, 0x0, 0x0,
    0x0, 0x2f, 0xff, 0xff, 0xff, 0xfc, 0x0, 0x0,
    0x0, 0x0, 0x0, 0x0, 0x6f, 0xd1, 0x4c, 0xff,
    0xe3, 0x0, 0x0, 0x0, 0x0, 0x0, 0x0, 0x13,
    0x20, 0x0, 0x12, 0x0, 0x0, 0x0, 0x0, 0x0,
    0x0, 0x0, 0x0, 0x0, 0x0, 0x0, 0x0, 0x0,
    0x0, 0x0, 0x0, 0x0, 0x0, 0x0, 0x0, 0x0,
    0x0, 0x0, 0x0, 0x0, 0x0, 0x0, 0x0, 0x0,
    0x0, 0x1f, 0xff, 0xfa, 0x0, 0x0, 0x0, 0x0,
    0x0, 0x0, 0x0, 0x0, 0x7f, 0xff, 0xff, 0x0,
    0x0, 0x0, 0x0, 0x0, 0x0, 0x0, 0x0, 0xcf,
    0xff, 0xff, 0x50, 0x0, 0x0, 0x0, 0x0, 0x0,
    0x0, 0x2, 0xff, 0xfb, 0xff, 0xa0, 0x0, 0x0,
    0x0, 0x0, 0x0, 0x0, 0x7, 0xff, 0xd5, 0xff,
    0xf0, 0x0, 0x0, 0x0, 0x0, 0x0, 0x0, 0xd,
    0xff, 0x91, 0xff, 0xf6, 0x0, 0x0, 0x0, 0x0,
    0x0, 0x0, 0x2f, 0xff, 0x40, 0xcf, 0xfb, 0x0,
    0x0, 0x0, 0x0, 0x0, 0x0, 0x8f, 0xff, 0x0,
    0x8f, 0xff, 0x10, 0x0, 0x0, 0x0, 0x0, 0x0,
    0xdf, 0xfc, 0x0, 0x3f, 0xff, 0x70, 0x0, 0x0,
    0x0, 0x0, 0x3, 0xff, 0xf7, 0x0, 0xe, 0xff,
    0xc0, 0x0, 0x0, 0x0, 0x0, 0x8, 0xff, 0xf2,
    0x0, 0xa, 0xff, 0xf2, 0x0, 0x0, 0x0, 0x0,
    0xe, 0xff, 0xd0, 0x0, 0x4, 0xff, 0xf7, 0x0,
    0x0, 0x0, 0x0, 0x3f, 0xff, 0x80, 0x0, 0x0,
    0xff, 0xfd, 0x0, 0x0, 0x0, 0x0, 0x9f, 0xff,
    0x30, 0x0, 0x0, 0xaf, 0xff, 0x30, 0x0, 0x0,
    0x0, 0xef, 0xfe, 0x0, 0x0, 0x0, 0x5f, 0xff,
    0x80, 0x0, 0x0, 0x4, 0xff, 0xff, 0xff, 0xff,
    0xff, 0xff, 0xff, 0xe0, 0x0, 0x0, 0x9, 0xff,
    0xff, 0xff, 0xff, 0xff, 0xff, 0xff, 0xf4, 0x0,
    0x0, 0xe, 0xff, 0xff, 0xff, 0xff, 0xff, 0xff,
    0xff, 0xf9, 0x0, 0x0, 0x4f, 0xff, 0x80, 0x0,
    0x0, 0x0, 0x0, 0xef, 0xfe, 0x0, 0x0, 0xaf,
    0xff, 0x30, 0x0, 0x0, 0x0, 0x0, 0x9f, 0xff,
    0x40, 0x0, 0xff, 0xfd, 0x0, 0x0, 0x0, 0x0,
    0x0, 0x3f, 0xff, 0xa0, 0x5, 0xff, 0xf8, 0x0,
    0x0, 0x0, 0x0, 0x0, 0xd, 0xff, 0xf0, 0xb,
    0xff, 0xf2, 0x0, 0x0, 0x0, 0x0, 0x0, 0x8,
    0xff, 0xf5, 0xf, 0xff, 0xd0, 0x0, 0x0, 0x0,
    0x0, 0x0, 0x2, 0xff, 0xfb,

    /* U+00C4 "Ä" */
    0x0, 0x0, 0x0, 0x0, 0x0, 0x0, 0x0, 0x0,
    0x0, 0x0, 0x0, 0x0, 0x0, 0x0, 0x5f, 0xe4,
    0x0, 0x9, 0xfd, 0x10, 0x0, 0x0, 0x0, 0x0,
    0x0, 0xef, 0xfe, 0x0, 0x3f, 0xff, 0x90, 0x0,
    0x0, 0x0, 0x0, 0x0, 0xef, 0xfd, 0x0, 0x3f,
    0xff, 0x90, 0x0, 0x0, 0x0, 0x0, 0x0, 0x4e,
    0xe4, 0x0, 0x8, 0xfc, 0x10, 0x0, 0x0, 0x0,
    0x0, 0x0, 0x0, 0x0, 0x0, 0x0, 0x0, 0x0,
    0x0, 0x0, 0x0, 0x0, 0x0, 0x0, 0x0, 0x0,
    0x0, 0x0, 0x0, 0x0, 0x0, 0x0, 0x0, 0x0,
    0x0, 0x1f, 0xff, 0xfa, 0x0, 0x0, 0x0, 0x0,
    0x0, 0x0, 0x0, 0x0, 0x7f, 0xff, 0xff, 0x0,
    0x0, 0x0, 0x0, 0x0, 0x0, 0x0, 0x0, 0xcf,
    0xff, 0xff, 0x50, 0x0, 0x0, 0x0, 0x0, 0x0,
    0x0, 0x2, 0xff, 0xfb, 0xff, 0xa0, 0x0, 0x0,
    0x0, 0x0, 0x0, 0x0, 0x7, 0xff, 0xd5, 0xff,
    0xf0, 0x0, 0x0, 0x0, 0x0, 0x0, 0x0, 0xd,
    0xff, 0x91, 0xff, 0xf6, 0x0, 0x0, 0x0, 0x0,
    0x0, 0x0, 0x2f, 0xff, 0x40, 0xcf, 0xfb, 0x0,
    0x0, 0x0, 0x0, 0x0, 0x0, 0x8f, 0xff, 0x0,
    0x8f, 0xff, 0x10, 0x0, 0x0, 0x0, 0x0, 0x0,
    0xdf, 0xfc, 0x0, 0x3f, 0xff, 0x70, 0x0, 0x0,
    0x0, 0x0, 0x3, 0xff, 0xf7, 0x0, 0xe, 0xff,
    0xc0, 0x0, 0x0, 0x0, 0x0, 0x8, 0xff, 0xf2,
    0x0, 0xa, 0xff, 0xf2, 0x0, 0x0, 0x0, 0x0,
    0xe, 0xff, 0xd0, 0x0, 0x4, 0xff, 0xf7, 0x0,
    0x0, 0x0, 0x0, 0x3f, 0xff, 0x80, 0x0, 0x0,
    0xff, 0xfd, 0x0, 0x0, 0x0, 0x0, 0x9f, 0xff,
    0x30, 0x0, 0x0, 0xaf, 0xff, 0x30, 0x0, 0x0,
    0x0, 0xef, 0xfe, 0x0, 0x0, 0x0, 0x5f, 0xff,
    0x80, 0x0, 0x0, 0x4, 0xff, 0xff, 0xff, 0xff,
    0xff, 0xff, 0xff, 0xe0, 0x0, 0x0, 0x9, 0xff,
    0xff, 0xff, 0xff, 0xff, 0xff, 0xff, 0xf4, 0x0,
    0x0, 0xe, 0xff, 0xff, 0xff, 0xff, 0xff, 0xff,
    0xff, 0xf9, 0x0, 0x0, 0x4f, 0xff, 0x80, 0x0,
    0x0, 0x0, 0x0, 0xef, 0xfe, 0x0, 0x0, 0xaf,
    0xff, 0x30, 0x0, 0x0, 0x0, 0x0, 0x9f, 0xff,
    0x40, 0x0, 0xff, 0xfd, 0x0, 0x0, 0x0, 0x0,
    0x0, 0x3f, 0xff, 0xa0, 0x5, 0xff, 0xf8, 0x0,
    0x0, 0x0, 0x0, 0x0, 0xd, 0xff, 0xf0, 0xb,
    0xff, 0xf2, 0x0, 0x0, 0x0, 0x0, 0x0, 0x8,
    0xff, 0xf5, 0xf, 0xff, 0xd0, 0x0, 0x0, 0x0,
    0x0, 0x0, 0x2, 0xff, 0xfb,

    /* U+00C5 "Å" */
    0x0, 0x0, 0x0, 0x0, 0x0, 0x0, 0x0, 0x0,
    0x0, 0x0, 0x0, 0x0, 0x0, 0x0, 0x0, 0x2a,
    0xef, 0xd7, 0x0, 0x0, 0x0, 0x0, 0x0, 0x0,
    0x0, 0x2, 0xef, 0xff, 0xff, 0xb0, 0x0, 0x0,
    0x0, 0x0, 0x0, 0x0, 0xa, 0xfd, 0x20, 0x5f,
    0xf4, 0x0, 0x0, 0x0, 0x0, 0x0, 0x0, 0xc,
    0xf7, 0x0, 0xc, 0xf7, 0x0, 0x0, 0x0, 0x0,
    0x0, 0x0, 0xa, 0xfd, 0x20, 0x5f, 0xf4, 0x0,
    0x0, 0x0, 0x0, 0x0, 0x0, 0x2, 0xff, 0xff,
    0xff, 0xb0, 0x0, 0x0, 0x0, 0x0, 0x0, 0x0,
    0x0, 0x2a, 0xff, 0xe8, 0x0, 0x0, 0x0, 0x0,
    0x0, 0x0, 0x0, 0x0, 0x0, 0x0, 0x0, 0x0,
    0x0, 0x0, 0x0, 0x0, 0x0, 0x0, 0x0, 0x1f,
    0xff, 0xfa, 0x0, 0x0, 0x0, 0x0, 0x0, 0x0,
    0x0, 0x0, 0x7f, 0xff, 0xff, 0x0, 0x0, 0x0,
    0x0, 0x0, 0x0, 0x0, 0x0, 0xcf, 0xff, 0xff,
    0x50, 0x0, 0x0, 0x0, 0x0, 0x0, 0x0, 0x2,
    0xff, 0xfb, 0xff, 0xa0, 0x0, 0x0, 0x0, 0x0,
    0x0, 0x0, 0x7, 0xff, 0xd5, 0xff, 0xf0, 0x0,
    0x0, 0x0, 0x0, 0x0, 0x0, 0xd, 0xff, 0x91,
    0xff, 0xf6, 0x0, 0x0, 0x0, 0x0, 0x0, 0x0,
    0x2f, 0xff, 0x40, 0xcf, 0xfb, 0x0, 0x0, 0x0,
    0x0, 0x0, 0x0, 0x8f, 0xff, 0x0, 0x8f, 0xff,
    0x10, 0x0, 0x0, 0x0, 0x0, 0x0, 0xdf, 0xfc,
    0x0, 0x3f, 0xff, 0x70, 0x0, 0x0, 0x0, 0x0,
    0x3, 0xff, 0xf7, 0x0, 0xe, 0xff, 0xc0, 0x0,
    0x0, 0x0, 0x0, 0x8, 0xff, 0xf2, 0x0, 0xa,
    0xff, 0xf2, 0x0, 0x0, 0x0, 0x0, 0xe, 0xff,
    0xd0, 0x0, 0x4, 0xff, 0xf7, 0x0, 0x0, 0x0,
    0x0, 0x3f, 0xff, 0x80, 0x0, 0x0, 0xff, 0xfd,
    0x0, 0x0, 0x0, 0x0, 0x9f, 0xff, 0x30, 0x0,
    0x0, 0xaf, 0xff, 0x30, 0x0, 0x0, 0x0, 0xef,
    0xfe, 0x0, 0x0, 0x0, 0x5f, 0xff, 0x80, 0x0,
    0x0, 0x4, 0xff, 0xff, 0xff, 0xff, 0xff, 0xff,
    0xff, 0xe0, 0x0, 0x0, 0x9, 0xff, 0xff, 0xff,
    0xff, 0xff, 0xff, 0xff, 0xf4, 0x0, 0x0, 0xe,
    0xff, 0xff, 0xff, 0xff, 0xff, 0xff, 0xff, 0xf9,
    0x0, 0x0, 0x4f, 0xff, 0x80, 0x0, 0x0, 0x0,
    0x0, 0xef, 0xfe, 0x0, 0x0, 0xaf, 0xff, 0x30,
    0x0, 0x0, 0x0, 0x0, 0x9f, 0xff, 0x40, 0x0,
    0xff, 0xfd, 0x0, 0x0, 0x0, 0x0, 0x0, 0x3f,
    0xff, 0xa0, 0x5, 0xff, 0xf8, 0x0, 0x0, 0x0,
    0x0, 0x0, 0xd, 0xff, 0xf0, 0xb, 0xff, 0xf2,
    0x0, 0x0, 0x0, 0x0, 0x0, 0x8, 0xff, 0xf5,
    0xf, 0xff, 0xd0, 0x0, 0x0, 0x0, 0x0, 0x0,
    0x2, 0xff, 0xfb,

    /* U+00C6 "Æ" */
    0x0, 0x0, 0x0, 0x0, 0x0, 0x9, 0xff, 0xff,
    0xff, 0xff, 0xff, 0xff, 0xff, 0xff, 0xff, 0x0,
    0x0, 0x0, 0x0, 0x0, 0x1, 0xff, 0xff, 0xff,
    0xff, 0xff, 0xff, 0xff, 0xff, 0xff, 0xf0, 0x0,
    0x0, 0x0, 0x0, 0x0, 0x8f, 0xff, 0x5a, 0xff,
    0xff, 0xff, 0xff, 0xff, 0xff, 0xff, 0x0, 0x0,
    0x0, 0x0, 0x0, 0xe, 0xff, 0xa0, 0x7f, 0xff,
    0x11, 0x11, 0x11, 0x11, 0x11, 0x10, 0x0, 0x0,
    0x0, 0x0, 0x6, 0xff, 0xf3, 0x7, 0xff, 0xf0,
    0x0, 0x0, 0x0, 0x0, 0x0, 0x0, 0x0, 0x0,
    0x0, 0x0, 0xdf, 0xfd, 0x0, 0x7f, 0xff, 0x0,
    0x0, 0x0, 0x0, 0x0, 0x0, 0x0, 0x0, 0x0,
    0x0, 0x5f, 0xff, 0x60, 0x7, 0xff, 0xf0, 0x0,
    0x0, 0x0, 0x0, 0x0, 0x0, 0x0, 0x0, 0x0,
    0xc, 0xff, 0xe0, 0x0, 0x7f, 0xff, 0x0, 0x0,
    0x0, 0x0, 0x0, 0x0, 0x0, 0x0, 0x0, 0x3,
    0xff, 0xf8, 0x0, 0x7, 0xff, 0xf0, 0x0, 0x0,
    0x0, 0x0, 0x0, 0x0, 0x0, 0x0, 0x0, 0xaf,
    0xff, 0x10, 0x0, 0x7f, 0xff, 0x0, 0x0, 0x0,
    0x0, 0x0, 0x0, 0x0, 0x0, 0x0, 0x2f, 0xff,
    0xa0, 0x0, 0x7, 0xff, 0xf1, 0x11, 0x11, 0x11,
    0x11, 0x10, 0x0, 0x0, 0x0, 0x9, 0xff, 0xf3,
    0x0, 0x0, 0x7f, 0xff, 0xff, 0xff, 0xff, 0xff,
    0xff, 0x40, 0x0, 0x0, 0x1, 0xff, 0xfd, 0x0,
    0x0, 0x7, 0xff, 0xff, 0xff, 0xff, 0xff, 0xff,
    0xf4, 0x0, 0x0, 0x0, 0x7f, 0xff, 0x60, 0x0,
    0x0, 0x7f, 0xff, 0xff, 0xff, 0xff, 0xff, 0xff,
    0x40, 0x0, 0x0, 0xe, 0xff, 0xe0, 0x0, 0x0,
    0x7, 0xff, 0xf0, 0x0, 0x0, 0x0, 0x0, 0x0,
    0x0, 0x0, 0x6, 0xff, 0xff, 0xff, 0xff, 0xff,
    0xff, 0xff, 0x0, 0x0, 0x0, 0x0, 0x0, 0x0,
    0x0, 0x0, 0xdf, 0xff, 0xff, 0xff, 0xff, 0xff,
    0xff, 0xf0, 0x0, 0x0, 0x0, 0x0, 0x0, 0x0,
    0x0, 0x4f, 0xff, 0xed, 0xdd, 0xdd, 0xdd, 0xef,
    0xff, 0x0, 0x0, 0x0, 0x0, 0x0, 0x0, 0x0,
    0xb, 0xff, 0xf3, 0x0, 0x0, 0x0, 0x7, 0xff,
    0xf0, 0x0, 0x0, 0x0, 0x0, 0x0, 0x0, 0x2,
    0xff, 0xfc, 0x0, 0x0, 0x0, 0x0, 0x7f, 0xff,
    0x0, 0x0, 0x0, 0x0, 0x0, 0x0, 0x0, 0xaf,
    0xff, 0x40, 0x0, 0x0, 0x0, 0x7, 0xff, 0xf1,
    0x11, 0x11, 0x11, 0x11, 0x11, 0x0, 0x1f, 0xff,
    0xd0, 0x0, 0x0, 0x0, 0x0, 0x7f, 0xff, 0xff,
    0xff, 0xff, 0xff, 0xff, 0xf2, 0x8, 0xff, 0xf6,
    0x0, 0x0, 0x0, 0x0, 0x7, 0xff, 0xff, 0xff,
    0xff, 0xff, 0xff, 0xff, 0x20, 0xef, 0xfe, 0x0,
    0x0, 0x0, 0x0, 0x0, 0x7f, 0xff, 0xff, 0xff,
    0xff, 0xff, 0xff, 0xf2,

    /* U+00C7 "Ç" */
    0x0, 0x0, 0x0, 0x5, 0xad, 0xff, 0xdc, 0x72,
    0x0, 0x0, 0x0, 0x0, 0x0, 0x4d, 0xff, 0xff,
    0xff, 0xff, 0xf9, 0x10, 0x0, 0x0, 0x0, 0x8f,
    0xff, 0xff, 0xff, 0xff, 0xff, 0xfd, 0x10, 0x0,
    0x0, 0x7f, 0xff, 0xfe, 0x85, 0x56, 0xaf, 0xff,
    0xfd, 0x10, 0x0, 0x3f, 0xff, 0xf8, 0x0, 0x0,
    0x0, 0x2c, 0xff, 0xf9, 0x0, 0xc, 0xff, 0xf6,
    0x0, 0x0, 0x0, 0x0, 0xc, 0xff, 0xf2, 0x4,
    0xff, 0xfb, 0x0, 0x0, 0x0, 0x0, 0x0, 0x3f,
    0xff, 0x70, 0x9f, 0xff, 0x20, 0x0, 0x0, 0x0,
    0x0, 0x0, 0xce, 0xea, 0xd, 0xff, 0xd0, 0x0,
    0x0, 0x0, 0x0, 0x0, 0x0, 0x0, 0x0, 0xff,
    0xf8, 0x0, 0x0, 0x0, 0x0, 0x0, 0x0, 0x0,
    0x0, 0x2f, 0xff, 0x60, 0x0, 0x0, 0x0, 0x0,
    0x0, 0x0, 0x0, 0x3, 0xff, 0xf5, 0x0, 0x0,
    0x0, 0x0, 0x0, 0x0, 0x0, 0x0, 0x3f, 0xff,
    0x50, 0x0, 0x0, 0x0, 0x0, 0x0, 0x0, 0x0,
    0x2, 0xff, 0xf6, 0x0, 0x0, 0x0, 0x0, 0x0,
    0x0, 0x0, 0x0, 0xf, 0xff, 0x80, 0x0, 0x0,
    0x0, 0x0, 0x0, 0x0, 0x0, 0x0, 0xef, 0xfc,
    0x0, 0x0, 0x0, 0x0, 0x0, 0x0, 0x0, 0x0,
    0x9, 0xff, 0xf1, 0x0, 0x0, 0x0, 0x0, 0x0,
    0xc, 0xee, 0xa0, 0x4f, 0xff, 0xa0, 0x0, 0x0,
    0x0, 0x0, 0x3, 0xff, 0xf7, 0x0, 0xdf, 0xff,
    0x60, 0x0, 0x0, 0x0, 0x0, 0xcf, 0xff, 0x20,
    0x4, 0xff, 0xff, 0x70, 0x0, 0x0, 0x2, 0xcf,
    0xff, 0x90, 0x0, 0x8, 0xff, 0xff, 0xe8, 0x65,
    0x6a, 0xff, 0xff, 0xd1, 0x0, 0x0, 0x8, 0xff,
    0xff, 0xff, 0xff, 0xff, 0xff, 0xd1, 0x0, 0x0,
    0x0, 0x5, 0xef, 0xff, 0xff, 0xff, 0xff, 0x90,
    0x0, 0x0, 0x0, 0x0, 0x0, 0x5a, 0xdf, 0xfe,
    0xc7, 0x10, 0x0, 0x0, 0x0, 0x0, 0x0, 0x0,
    0x0, 0xbf, 0x0, 0x0, 0x0, 0x0, 0x0, 0x0,
    0x0, 0x0, 0x0, 0xd, 0xf9, 0x50, 0x0, 0x0,
    0x0, 0x0, 0x0, 0x0, 0x0, 0x0, 0xff, 0xff,
    0x90, 0x0, 0x0, 0x0, 0x0, 0x0, 0x0, 0x0,
    0x0, 0x7, 0xfe, 0x0, 0x0, 0x0, 0x0, 0x0,
    0x0, 0x0, 0x0, 0x0, 0x5f, 0xf0, 0x0, 0x0,
    0x0, 0x0, 0x0, 0x0, 0x0, 0x7c, 0xcf, 0xfa,
    0x0, 0x0, 0x0, 0x0, 0x0, 0x0, 0x0, 0x9,
    0xff, 0xea, 0x10, 0x0, 0x0, 0x0,

    /* U+00C8 "È" */
    0x0, 0x1, 0xbc, 0xc3, 0x0, 0x0, 0x0, 0x0,
    0x0, 0x0, 0x9f, 0xfb, 0x0, 0x0, 0x0, 0x0,
    0x0, 0x0, 0xe, 0xff, 0x20, 0x0, 0x0, 0x0,
    0x0, 0x0, 0x4, 0xff, 0xa0, 0x0, 0x0, 0x0,
    0x0, 0x0, 0x0, 0xaf, 0xf1, 0x0, 0x0, 0x0,
    0x0, 0x0, 0x0, 0x0, 0x0, 0x0, 0x0, 0x0,
    0x0, 0x0, 0x0, 0x0, 0x0, 0x0, 0x0, 0x0,
    0x6f, 0xff, 0xff, 0xff, 0xff, 0xff, 0xff, 0xf3,
    0x6f, 0xff, 0xff, 0xff, 0xff, 0xff, 0xff, 0xf3,
    0x6f, 0xff, 0xff, 0xff, 0xff, 0xff, 0xff, 0xf3,
    0x6f, 0xff, 0x31, 0x11, 0x11, 0x11, 0x11, 0x10,
    0x6f, 0xff, 0x20, 0x0, 0x0, 0x0, 0x0, 0x0,
    0x6f, 0xff, 0x20, 0x0, 0x0, 0x0, 0x0, 0x0,
    0x6f, 0xff, 0x20, 0x0, 0x0, 0x0, 0x0, 0x0,
    0x6f, 0xff, 0x20, 0x0, 0x0, 0x0, 0x0, 0x0,
    0x6f, 0xff, 0x20, 0x0, 0x0, 0x0, 0x0, 0x0,
    0x6f, 0xff, 0x20, 0x0, 0x0, 0x0, 0x0, 0x0,
    0x6f, 0xff, 0x31, 0x11, 0x11, 0x11, 0x11, 0x0,
    0x6f, 0xff, 0xff, 0xff, 0xff, 0xff, 0xff, 0x70,
    0x6f, 0xff, 0xff, 0xff, 0xff, 0xff, 0xff, 0x70,
    0x6f, 0xff, 0xff, 0xff, 0xff, 0xff, 0xff, 0x70,
    0x6f, 0xff, 0x20, 0x0, 0x0, 0x0, 0x0, 0x0,
    0x6f, 0xff, 0x20, 0x0, 0x0, 0x0, 0x0, 0x0,
    0x6f, 0xff, 0x20, 0x0, 0x0, 0x0, 0x0, 0x0,
    0x6f, 0xff, 0x20, 0x0, 0x0, 0x0, 0x0, 0x0,
    0x6f, 0xff, 0x20, 0x0, 0x0, 0x0, 0x0, 0x0,
    0x6f, 0xff, 0x20, 0x0, 0x0, 0x0, 0x0, 0x0,
    0x6f, 0xff, 0x31, 0x11, 0x11, 0x11, 0x11, 0x10,
    0x6f, 0xff, 0xff, 0xff, 0xff, 0xff, 0xff, 0xf5,
    0x6f, 0xff, 0xff, 0xff, 0xff, 0xff, 0xff, 0xf5,
    0x6f, 0xff, 0xff, 0xff, 0xff, 0xff, 0xff, 0xf5,

    /* U+00C9 "É" */
    0x0, 0x0, 0x0, 0x0, 0x4c, 0xcb, 0x10, 0x0,
    0x0, 0x0, 0x0, 0x0, 0xcf, 0xf7, 0x0, 0x0,
    0x0, 0x0, 0x0, 0x4, 0xff, 0xd0, 0x0, 0x0,
    0x0, 0x0, 0x0, 0xb, 0xff, 0x30, 0x0, 0x0,
    0x0, 0x0, 0x0, 0x3f, 0xf8, 0x0, 0x0, 0x0,
    0x0, 0x0, 0x0, 0x0, 0x0, 0x0, 0x0, 0x0,
    0x0, 0x0, 0x0, 0x0, 0x0, 0x0, 0x0, 0x0,
    0x6f, 0xff, 0xff, 0xff, 0xff, 0xff, 0xff, 0xf3,
    0x6f, 0xff, 0xff, 0xff, 0xff, 0xff, 0xff, 0xf3,
    0x6f, 0xff, 0xff, 0xff, 0xff, 0xff, 0xff, 0xf3,
    0x6f, 0xff, 0x31, 0x11, 0x11, 0x11, 0x11, 0x10,
    0x6f, 0xff, 0x20, 0x0, 0x0, 0x0, 0x0, 0x0,
    0x6f, 0xff, 0x20, 0x0, 0x0, 0x0, 0x0, 0x0,
    0x6f, 0xff, 0x20, 0x0, 0x0, 0x0, 0x0, 0x0,
    0x6f, 0xff, 0x20, 0x0, 0x0, 0x0, 0x0, 0x0,
    0x6f, 0xff, 0x20, 0x0, 0x0, 0x0, 0x0, 0x0,
    0x6f, 0xff, 0x20, 0x0, 0x0, 0x0, 0x0, 0x0,
    0x6f, 0xff, 0x31, 0x11, 0x11, 0x11, 0x11, 0x0,
    0x6f, 0xff, 0xff, 0xff, 0xff, 0xff, 0xff, 0x70,
    0x6f, 0xff, 0xff, 0xff, 0xff, 0xff, 0xff, 0x70,
    0x6f, 0xff, 0xff, 0xff, 0xff, 0xff, 0xff, 0x70,
    0x6f, 0xff, 0x20, 0x0, 0x0, 0x0, 0x0, 0x0,
    0x6f, 0xff, 0x20, 0x0, 0x0, 0x0, 0x0, 0x0,
    0x6f, 0xff, 0x20, 0x0, 0x0, 0x0, 0x0, 0x0,
    0x6f, 0xff, 0x20, 0x0, 0x0, 0x0, 0x0, 0x0,
    0x6f, 0xff, 0x20, 0x0, 0x0, 0x0, 0x0, 0x0,
    0x6f, 0xff, 0x20, 0x0, 0x0, 0x0, 0x0, 0x0,
    0x6f, 0xff, 0x31, 0x11, 0x11, 0x11, 0x11, 0x10,
    0x6f, 0xff, 0xff, 0xff, 0xff, 0xff, 0xff, 0xf5,
    0x6f, 0xff, 0xff, 0xff, 0xff, 0xff, 0xff, 0xf5,
    0x6f, 0xff, 0xff, 0xff, 0xff, 0xff, 0xff, 0xf5,

    /* U+00CA "Ê" */
    0x0, 0x0, 0x1, 0xdf, 0xfc, 0x0, 0x0, 0x0,
    0x0, 0x0, 0xb, 0xff, 0xff, 0xa0, 0x0, 0x0,
    0x0, 0x0, 0x9f, 0xf9, 0xaf, 0xf6, 0x0, 0x0,
    0x0, 0x6, 0xff, 0xc0, 0xd, 0xff, 0x30, 0x0,
    0x0, 0x3f, 0xff, 0x20, 0x3, 0xff, 0xe1, 0x0,
    0x0, 0x0, 0x0, 0x0, 0x0, 0x0, 0x0, 0x0,
    0x0, 0x0, 0x0, 0x0, 0x0, 0x0, 0x0, 0x0,
    0x6f, 0xff, 0xff, 0xff, 0xff, 0xff, 0xff, 0xf3,
    0x6f, 0xff, 0xff, 0xff, 0xff, 0xff, 0xff, 0xf3,
    0x6f, 0xff, 0xff, 0xff, 0xff, 0xff, 0xff, 0xf3,
    0x6f, 0xff, 0x31, 0x11, 0x11, 0x11, 0x11, 0x10,
    0x6f, 0xff, 0x20, 0x0, 0x0, 0x0, 0x0, 0x0,
    0x6f, 0xff, 0x20, 0x0, 0x0, 0x0, 0x0, 0x0,
    0x6f, 0xff, 0x20, 0x0, 0x0, 0x0, 0x0, 0x0,
    0x6f, 0xff, 0x20, 0x0, 0x0, 0x0, 0x0, 0x0,
    0x6f, 0xff, 0x20, 0x0, 0x0, 0x0, 0x0, 0x0,
    0x6f, 0xff, 0x20, 0x0, 0x0, 0x0, 0x0, 0x0,
    0x6f, 0xff, 0x31, 0x11, 0x11, 0x11, 0x11, 0x0,
    0x6f, 0xff, 0xff, 0xff, 0xff, 0xff, 0xff, 0x70,
    0x6f, 0xff, 0xff, 0xff, 0xff, 0xff, 0xff, 0x70,
    0x6f, 0xff, 0xff, 0xff, 0xff, 0xff, 0xff, 0x70,
    0x6f, 0xff, 0x20, 0x0, 0x0, 0x0, 0x0, 0x0,
    0x6f, 0xff, 0x20, 0x0, 0x0, 0x0, 0x0, 0x0,
    0x6f, 0xff, 0x20, 0x0, 0x0, 0x0, 0x0, 0x0,
    0x6f, 0xff, 0x20, 0x0, 0x0, 0x0, 0x0, 0x0,
    0x6f, 0xff, 0x20, 0x0, 0x0, 0x0, 0x0, 0x0,
    0x6f, 0xff, 0x20, 0x0, 0x0, 0x0, 0x0, 0x0,
    0x6f, 0xff, 0x31, 0x11, 0x11, 0x11, 0x11, 0x10,
    0x6f, 0xff, 0xff, 0xff, 0xff, 0xff, 0xff, 0xf5,
    0x6f, 0xff, 0xff, 0xff, 0xff, 0xff, 0xff, 0xf5,
    0x6f, 0xff, 0xff, 0xff, 0xff, 0xff, 0xff, 0xf5,

    /* U+00CB "Ë" */
    0x0, 0x0, 0x0, 0x0, 0x0, 0x0, 0x0, 0x0,
    0x0, 0xa, 0xfc, 0x10, 0x2, 0xdf, 0x90, 0x0,
    0x0, 0x4f, 0xff, 0x80, 0x9, 0xff, 0xf3, 0x0,
    0x0, 0x4f, 0xff, 0x80, 0x9, 0xff, 0xf3, 0x0,
    0x0, 0x9, 0xfb, 0x10, 0x1, 0xcf, 0x80, 0x0,
    0x0, 0x0, 0x0, 0x0, 0x0, 0x0, 0x0, 0x0,
    0x0, 0x0, 0x0, 0x0, 0x0, 0x0, 0x0, 0x0,
    0x6f, 0xff, 0xff, 0xff, 0xff, 0xff, 0xff, 0xf3,
    0x6f, 0xff, 0xff, 0xff, 0xff, 0xff, 0xff, 0xf3,
    0x6f, 0xff, 0xff, 0xff, 0xff, 0xff, 0xff, 0xf3,
    0x6f, 0xff, 0x31, 0x11, 0x11, 0x11, 0x11, 0x10,
    0x6f, 0xff, 0x20, 0x0, 0x0, 0x0, 0x0, 0x0,
    0x6f, 0xff, 0x20, 0x0, 0x0, 0x0, 0x0, 0x0,
    0x6f, 0xff, 0x20, 0x0, 0x0, 0x0, 0x0, 0x0,
    0x6f, 0xff, 0x20, 0x0, 0x0, 0x0, 0x0, 0x0,
    0x6f, 0xff, 0x20, 0x0, 0x0, 0x0, 0x0, 0x0,
    0x6f, 0xff, 0x20, 0x0, 0x0, 0x0, 0x0, 0x0,
    0x6f, 0xff, 0x31, 0x11, 0x11, 0x11, 0x11, 0x0,
    0x6f, 0xff, 0xff, 0xff, 0xff, 0xff, 0xff, 0x70,
    0x6f, 0xff, 0xff, 0xff, 0xff, 0xff, 0xff, 0x70,
    0x6f, 0xff, 0xff, 0xff, 0xff, 0xff, 0xff, 0x70,
    0x6f, 0xff, 0x20, 0x0, 0x0, 0x0, 0x0, 0x0,
    0x6f, 0xff, 0x20, 0x0, 0x0, 0x0, 0x0, 0x0,
    0x6f, 0xff, 0x20, 0x0, 0x0, 0x0, 0x0, 0x0,
    0x6f, 0xff, 0x20, 0x0, 0x0, 0x0, 0x0, 0x0,
    0x6f, 0xff, 0x20, 0x0, 0x0, 0x0, 0x0, 0x0,
    0x6f, 0xff, 0x20, 0x0, 0x0, 0x0, 0x0, 0x0,
    0x6f, 0xff, 0x31, 0x11, 0x11, 0x11, 0x11, 0x10,
    0x6f, 0xff, 0xff, 0xff, 0xff, 0xff, 0xff, 0xf5,
    0x6f, 0xff, 0xff, 0xff, 0xff, 0xff, 0xff, 0xf5,
    0x6f, 0xff, 0xff, 0xff, 0xff, 0xff, 0xff, 0xf5,

    /* U+00CC "Ì" */
    0x8c, 0xc8, 0x0, 0x3, 0xff, 0xf2, 0x0, 0x8,
    0xff, 0x90, 0x0, 0xd, 0xff, 0x10, 0x0, 0x3f,
    0xf8, 0x0, 0x0, 0x0, 0x0, 0x0, 0x0, 0x0,
    0x0, 0x6, 0xff, 0xf2, 0x0, 0x6f, 0xff, 0x20,
    0x6, 0xff, 0xf2, 0x0, 0x6f, 0xff, 0x20, 0x6,
    0xff, 0xf2, 0x0, 0x6f, 0xff, 0x20, 0x6, 0xff,
    0xf2, 0x0, 0x6f, 0xff, 0x20, 0x6, 0xff, 0xf2,
    0x0, 0x6f, 0xff, 0x20, 0x6, 0xff, 0xf2, 0x0,
    0x6f, 0xff, 0x20, 0x6, 0xff, 0xf2, 0x0, 0x6f,
    0xff, 0x20, 0x6, 0xff, 0xf2, 0x0, 0x6f, 0xff,
    0x20, 0x6, 0xff, 0xf2, 0x0, 0x6f, 0xff, 0x20,
    0x6, 0xff, 0xf2, 0x0, 0x6f, 0xff, 0x20, 0x6,
    0xff, 0xf2, 0x0, 0x6f, 0xff, 0x20, 0x6, 0xff,
    0xf2, 0x0, 0x6f, 0xff, 0x20,

    /* U+00CD "Í" */
    0x0, 0xb, 0xcc, 0x50, 0x6, 0xff, 0xd0, 0x0,
    0xdf, 0xf3, 0x0, 0x5f, 0xf9, 0x0, 0xc, 0xfd,
    0x0, 0x0, 0x0, 0x0, 0x0, 0x0, 0x0, 0x0,
    0x6, 0xff, 0xf2, 0x0, 0x6f, 0xff, 0x20, 0x6,
    0xff, 0xf2, 0x0, 0x6f, 0xff, 0x20, 0x6, 0xff,
    0xf2, 0x0, 0x6f, 0xff, 0x20, 0x6, 0xff, 0xf2,
    0x0, 0x6f, 0xff, 0x20, 0x6, 0xff, 0xf2, 0x0,
    0x6f, 0xff, 0x20, 0x6, 0xff, 0xf2, 0x0, 0x6f,
    0xff, 0x20, 0x6, 0xff, 0xf2, 0x0, 0x6f, 0xff,
    0x20, 0x6, 0xff, 0xf2, 0x0, 0x6f, 0xff, 0x20,
    0x6, 0xff, 0xf2, 0x0, 0x6f, 0xff, 0x20, 0x6,
    0xff, 0xf2, 0x0, 0x6f, 0xff, 0x20, 0x6, 0xff,
    0xf2, 0x0, 0x6f, 0xff, 0x20, 0x6, 0xff, 0xf2,
    0x0, 0x6f, 0xff, 0x20, 0x0,

    /* U+00CE "Î" */
    0x0, 0x0, 0x8f, 0xff, 0x40, 0x0, 0x0, 0x5,
    0xff, 0xff, 0xe1, 0x0, 0x0, 0x3f, 0xfe, 0x5f,
    0xfc, 0x0, 0x1, 0xef, 0xf3, 0x8, 0xff, 0x90,
    0xc, 0xff, 0x70, 0x0, 0xcf, 0xf6, 0x0, 0x0,
    0x0, 0x0, 0x0, 0x0, 0x0, 0x0, 0x0, 0x0,
    0x0, 0x0, 0x0, 0x0, 0x6f, 0xff, 0x20, 0x0,
    0x0, 0x0, 0x6f, 0xff, 0x20, 0x0, 0x0, 0x0,
    0x6f, 0xff, 0x20, 0x0, 0x0, 0x0, 0x6f, 0xff,
    0x20, 0x0, 0x0, 0x0, 0x6f, 0xff, 0x20, 0x0,
    0x0, 0x0, 0x6f, 0xff, 0x20, 0x0, 0x0, 0x0,
    0x6f, 0xff, 0x20, 0x0, 0x0, 0x0, 0x6f, 0xff,
    0x20, 0x0, 0x0, 0x0, 0x6f, 0xff, 0x20, 0x0,
    0x0, 0x0, 0x6f, 0xff, 0x20, 0x0, 0x0, 0x0,
    0x6f, 0xff, 0x20, 0x0, 0x0, 0x0, 0x6f, 0xff,
    0x20, 0x0, 0x0, 0x0, 0x6f, 0xff, 0x20, 0x0,
    0x0, 0x0, 0x6f, 0xff, 0x20, 0x0, 0x0, 0x0,
    0x6f, 0xff, 0x20, 0x0, 0x0, 0x0, 0x6f, 0xff,
    0x20, 0x0, 0x0, 0x0, 0x6f, 0xff, 0x20, 0x0,
    0x0, 0x0, 0x6f, 0xff, 0x20, 0x0, 0x0, 0x0,
    0x6f, 0xff, 0x20, 0x0, 0x0, 0x0, 0x6f, 0xff,
    0x20, 0x0, 0x0, 0x0, 0x6f, 0xff, 0x20, 0x0,
    0x0, 0x0, 0x6f, 0xff, 0x20, 0x0, 0x0, 0x0,
    0x6f, 0xff, 0x20, 0x0, 0x0, 0x0, 0x6f, 0xff,
    0x20, 0x0,

    /* U+00CF "Ï" */
    0x0, 0x0, 0x0, 0x0, 0x0, 0x5, 0xff, 0x50,
    0x0, 0x9f, 0xd2, 0xef, 0xfe, 0x0, 0x3f, 0xff,
    0xad, 0xff, 0xe0, 0x2, 0xff, 0xf9, 0x4e, 0xe4,
    0x0, 0x7, 0xfc, 0x10, 0x0, 0x0, 0x0, 0x0,
    0x0, 0x0, 0x0, 0x0, 0x0, 0x0, 0x0, 0x0,
    0x6f, 0xff, 0x20, 0x0, 0x0, 0x6, 0xff, 0xf2,
    0x0, 0x0, 0x0, 0x6f, 0xff, 0x20, 0x0, 0x0,
    0x6, 0xff, 0xf2, 0x0, 0x0, 0x0, 0x6f, 0xff,
    0x20, 0x0, 0x0, 0x6, 0xff, 0xf2, 0x0, 0x0,
    0x0, 0x6f, 0xff, 0x20, 0x0, 0x0, 0x6, 0xff,
    0xf2, 0x0, 0x0, 0x0, 0x6f, 0xff, 0x20, 0x0,
    0x0, 0x6, 0xff, 0xf2, 0x0, 0x0, 0x0, 0x6f,
    0xff, 0x20, 0x0, 0x0, 0x6, 0xff, 0xf2, 0x0,
    0x0, 0x0, 0x6f, 0xff, 0x20, 0x0, 0x0, 0x6,
    0xff, 0xf2, 0x0, 0x0, 0x0, 0x6f, 0xff, 0x20,
    0x0, 0x0, 0x6, 0xff, 0xf2, 0x0, 0x0, 0x0,
    0x6f, 0xff, 0x20, 0x0, 0x0, 0x6, 0xff, 0xf2,
    0x0, 0x0, 0x0, 0x6f, 0xff, 0x20, 0x0, 0x0,
    0x6, 0xff, 0xf2, 0x0, 0x0, 0x0, 0x6f, 0xff,
    0x20, 0x0, 0x0, 0x6, 0xff, 0xf2, 0x0, 0x0,
    0x0, 0x6f, 0xff, 0x20, 0x0, 0x0, 0x6, 0xff,
    0xf2, 0x0, 0x0,

    /* U+00D0 "Ð" */
    0x0, 0xb, 0xff, 0xff, 0xff, 0xff, 0xec, 0x83,
    0x0, 0x0, 0x0, 0x0, 0x0, 0xbf, 0xff, 0xff,
    0xff, 0xff, 0xff, 0xfc, 0x30, 0x0, 0x0, 0x0,
    0xb, 0xff, 0xff, 0xff, 0xff, 0xff, 0xff, 0xff,
    0x60, 0x0, 0x0, 0x0, 0xbf, 0xfd, 0x22, 0x22,
    0x35, 0x8e, 0xff, 0xff, 0x50, 0x0, 0x0, 0xb,
    0xff, 0xd0, 0x0, 0x0, 0x0, 0x8, 0xff, 0xff,
    0x20, 0x0, 0x0, 0xbf, 0xfd, 0x0, 0x0, 0x0,
    0x0, 0x6, 0xff, 0xfa, 0x0, 0x0, 0xb, 0xff,
    0xd0, 0x0, 0x0, 0x0, 0x0, 0xb, 0xff, 0xf1,
    0x0, 0x0, 0xbf, 0xfd, 0x0, 0x0, 0x0, 0x0,
    0x0, 0x3f, 0xff, 0x60, 0x0, 0xb, 0xff, 0xd0,
    0x0, 0x0, 0x0, 0x0, 0x0, 0xef, 0xfa, 0x0,
    0x0, 0xbf, 0xfd, 0x0, 0x0, 0x0, 0x0, 0x0,
    0xb, 0xff, 0xd0, 0x0, 0xb, 0xff, 0xd0, 0x0,
    0x0, 0x0, 0x0, 0x0, 0x9f, 0xff, 0xb, 0xff,
    0xff, 0xff, 0xff, 0xff, 0xf9, 0x0, 0x0, 0x7,
    0xff, 0xf0, 0xbf, 0xff, 0xff, 0xff, 0xff, 0xff,
    0x90, 0x0, 0x0, 0x8f, 0xff, 0x7, 0xbb, 0xff,
    0xff, 0xbb, 0xbb, 0xb6, 0x0, 0x0, 0x9, 0xff,
    0xf0, 0x0, 0xb, 0xff, 0xd0, 0x0, 0x0, 0x0,
    0x0, 0x0, 0xbf, 0xfd, 0x0, 0x0, 0xbf, 0xfd,
    0x0, 0x0, 0x0, 0x0, 0x0, 0xe, 0xff, 0xa0,
    0x0, 0xb, 0xff, 0xd0, 0x0, 0x0, 0x0, 0x0,
    0x4, 0xff, 0xf6, 0x0, 0x0, 0xbf, 0xfd, 0x0,
    0x0, 0x0, 0x0, 0x0, 0xbf, 0xff, 0x10, 0x0,
    0xb, 0xff, 0xd0, 0x0, 0x0, 0x0, 0x0, 0x7f,
    0xff, 0xa0, 0x0, 0x0, 0xbf, 0xfd, 0x0, 0x0,
    0x0, 0x0, 0x8f, 0xff, 0xf1, 0x0, 0x0, 0xb,
    0xff, 0xd3, 0x33, 0x34, 0x59, 0xef, 0xff, 0xf5,
    0x0, 0x0, 0x0, 0xbf, 0xff, 0xff, 0xff, 0xff,
    0xff, 0xff, 0xf5, 0x0, 0x0, 0x0, 0xb, 0xff,
    0xff, 0xff, 0xff, 0xff, 0xff, 0xb2, 0x0, 0x0,
    0x0, 0x0, 0xbf, 0xff, 0xff, 0xff, 0xfe, 0xb8,
    0x30, 0x0, 0x0, 0x0,

    /* U+00D1 "Ñ" */
    0x0, 0x0, 0x0, 0x2, 0x30, 0x0, 0x4, 0x30,
    0x0, 0x0, 0x0, 0x0, 0x0, 0xbf, 0xfe, 0x71,
    0x7f, 0xd0, 0x0, 0x0, 0x0, 0x0, 0x5, 0xff,
    0xff, 0xff, 0xff, 0x90, 0x0, 0x0, 0x0, 0x0,
    0xa, 0xfa, 0x6, 0xdf, 0xfc, 0x10, 0x0, 0x0,
    0x0, 0x0, 0x2, 0x31, 0x0, 0x2, 0x20, 0x0,
    0x0, 0x0, 0x0, 0x0, 0x0, 0x0, 0x0, 0x0,
    0x0, 0x0, 0x0, 0x0, 0x0, 0x0, 0x0, 0x0,
    0x0, 0x0, 0x0, 0x0, 0x0, 0x0, 0x6f, 0xff,
    0xe1, 0x0, 0x0, 0x0, 0x0, 0x0, 0xff, 0xfa,
    0x6f, 0xff, 0xf9, 0x0, 0x0, 0x0, 0x0, 0x0,
    0xff, 0xfa, 0x6f, 0xff, 0xff, 0x30, 0x0, 0x0,
    0x0, 0x0, 0xff, 0xfa, 0x6f, 0xff, 0xff, 0xd0,
    0x0, 0x0, 0x0, 0x0, 0xff, 0xfa, 0x6f, 0xff,
    0xff, 0xf7, 0x0, 0x0, 0x0, 0x0, 0xff, 0xfa,
    0x6f, 0xff, 0x8f, 0xff, 0x10, 0x0, 0x0, 0x0,
    0xff, 0xfa, 0x6f, 0xff, 0x1e, 0xff, 0xa0, 0x0,
    0x0, 0x0, 0xff, 0xfa, 0x6f, 0xff, 0x17, 0xff,
    0xf4, 0x0, 0x0, 0x0, 0xff, 0xfa, 0x6f, 0xff,
    0x10, 0xef, 0xfd, 0x0, 0x0, 0x0, 0xff, 0xfa,
    0x6f, 0xff, 0x20, 0x6f, 0xff, 0x80, 0x0, 0x0,
    0xff, 0xfa, 0x6f, 0xff, 0x20, 0xc, 0xff, 0xf2,
    0x0, 0x0, 0xff, 0xfa, 0x6f, 0xff, 0x20, 0x3,
    0xff, 0xfb, 0x0, 0x0, 0xff, 0xfa, 0x6f, 0xff,
    0x30, 0x0, 0x9f, 0xff, 0x50, 0x0, 0xff, 0xfa,
    0x6f, 0xff, 0x30, 0x0, 0xe, 0xff, 0xe1, 0x0,
    0xff, 0xfa, 0x6f, 0xff, 0x30, 0x0, 0x5, 0xff,
    0xf9, 0x0, 0xff, 0xfa, 0x6f, 0xff, 0x30, 0x0,
    0x0, 0xbf, 0xff, 0x20, 0xff, 0xfa, 0x6f, 0xff,
    0x30, 0x0, 0x0, 0x2f, 0xff, 0xb0, 0xef, 0xfa,
    0x6f, 0xff, 0x30, 0x0, 0x0, 0x8, 0xff, 0xf3,
    0xdf, 0xfa, 0x6f, 0xff, 0x30, 0x0, 0x0, 0x0,
    0xdf, 0xfb, 0xdf, 0xfa, 0x6f, 0xff, 0x30, 0x0,
    0x0, 0x0, 0x4f, 0xff, 0xef, 0xfa, 0x6f, 0xff,
    0x30, 0x0, 0x0, 0x0, 0xa, 0xff, 0xff, 0xfa,
    0x6f, 0xff, 0x30, 0x0, 0x0, 0x0, 0x1, 0xff,
    0xff, 0xfa, 0x6f, 0xff, 0x30, 0x0, 0x0, 0x0,
    0x0, 0x6f, 0xff, 0xfa, 0x6f, 0xff, 0x30, 0x0,
    0x0, 0x0, 0x0, 0xc, 0xff, 0xfa,

    /* U+00D2 "Ò" */
    0x0, 0x0, 0x0, 0xc, 0xff, 0xa0, 0x0, 0x0,
    0x0, 0x0, 0x0, 0x0, 0x0, 0x0, 0x2, 0xff,
    0xf2, 0x0, 0x0, 0x0, 0x0, 0x0, 0x0, 0x0,
    0x0, 0x0, 0x7f, 0xf9, 0x0, 0x0, 0x0, 0x0,
    0x0, 0x0, 0x0, 0x0, 0x0, 0xc, 0xff, 0x10,
    0x0, 0x0, 0x0, 0x0, 0x0, 0x0, 0x0, 0x0,
    0x2, 0xcc, 0x50, 0x0, 0x0, 0x0, 0x0, 0x0,
    0x0, 0x0, 0x0, 0x0, 0x0, 0x0, 0x0, 0x0,
    0x0, 0x0, 0x0, 0x0, 0x0, 0x0, 0x0, 0x0,
    0x0, 0x0, 0x0, 0x0, 0x0, 0x0, 0x0, 0x0,
    0x5, 0xad, 0xff, 0xec, 0x82, 0x0, 0x0, 0x0,
    0x0, 0x0, 0x4, 0xdf, 0xff, 0xff, 0xff, 0xff,
    0x91, 0x0, 0x0, 0x0, 0x0, 0x7f, 0xff, 0xff,
    0xff, 0xff, 0xff, 0xfd, 0x20, 0x0, 0x0, 0x7,
    0xff, 0xff, 0xe9, 0x65, 0x7b, 0xff, 0xff, 0xe1,
    0x0, 0x0, 0x3f, 0xff, 0xf8, 0x0, 0x0, 0x0,
    0x2d, 0xff, 0xfb, 0x0, 0x0, 0xcf, 0xff, 0x60,
    0x0, 0x0, 0x0, 0x1, 0xcf, 0xff, 0x50, 0x4,
    0xff, 0xfb, 0x0, 0x0, 0x0, 0x0, 0x0, 0x2f,
    0xff, 0xc0, 0x9, 0xff, 0xf2, 0x0, 0x0, 0x0,
    0x0, 0x0, 0x9, 0xff, 0xf2, 0xd, 0xff, 0xd0,
    0x0, 0x0, 0x0, 0x0, 0x0, 0x4, 0xff, 0xf6,
    0xf, 0xff, 0x80, 0x0, 0x0, 0x0, 0x0, 0x0,
    0x0, 0xff, 0xf9, 0x2f, 0xff, 0x60, 0x0, 0x0,
    0x0, 0x0, 0x0, 0x0, 0xef, 0xfb, 0x3f, 0xff,
    0x50, 0x0, 0x0, 0x0, 0x0, 0x0, 0x0, 0xdf,
    0xfb, 0x3f, 0xff, 0x50, 0x0, 0x0, 0x0, 0x0,
    0x0, 0x0, 0xcf, 0xfb, 0x2f, 0xff, 0x60, 0x0,
    0x0, 0x0, 0x0, 0x0, 0x0, 0xef, 0xfb, 0xf,
    0xff, 0x80, 0x0, 0x0, 0x0, 0x0, 0x0, 0x0,
    0xff, 0xf9, 0xe, 0xff, 0xc0, 0x0, 0x0, 0x0,
    0x0, 0x0, 0x4, 0xff, 0xf6, 0x9, 0xff, 0xf2,
    0x0, 0x0, 0x0, 0x0, 0x0, 0x9, 0xff, 0xf2,
    0x4, 0xff, 0xfa, 0x0, 0x0, 0x0, 0x0, 0x0,
    0x2f, 0xff, 0xc0, 0x0, 0xdf, 0xff, 0x60, 0x0,
    0x0, 0x0, 0x0, 0xcf, 0xff, 0x50, 0x0, 0x3f,
    0xff, 0xf7, 0x0, 0x0, 0x0, 0x2d, 0xff, 0xfc,
    0x0, 0x0, 0x7, 0xff, 0xff, 0xe8, 0x65, 0x7b,
    0xff, 0xff, 0xe1, 0x0, 0x0, 0x0, 0x8f, 0xff,
    0xff, 0xff, 0xff, 0xff, 0xfe, 0x20, 0x0, 0x0,
    0x0, 0x4, 0xdf, 0xff, 0xff, 0xff, 0xff, 0xa1,
    0x0, 0x0, 0x0, 0x0, 0x0, 0x5, 0xad, 0xff,
    0xec, 0x82, 0x0, 0x0, 0x0,

    /* U+00D3 "Ó" */
    0x0, 0x0, 0x0, 0x0, 0x0, 0x2, 0xff, 0xf4,
    0x0, 0x0, 0x0, 0x0, 0x0, 0x0, 0x0, 0x0,
    0x9, 0xff, 0xa0, 0x0, 0x0, 0x0, 0x0, 0x0,
    0x0, 0x0, 0x0, 0x1f, 0xfe, 0x10, 0x0, 0x0,
    0x0, 0x0, 0x0, 0x0, 0x0, 0x0, 0x8f, 0xf5,
    0x0, 0x0, 0x0, 0x0, 0x0, 0x0, 0x0, 0x0,
    0x0, 0xbc, 0x90, 0x0, 0x0, 0x0, 0x0, 0x0,
    0x0, 0x0, 0x0, 0x0, 0x0, 0x0, 0x0, 0x0,
    0x0, 0x0, 0x0, 0x0, 0x0, 0x0, 0x0, 0x0,
    0x0, 0x0, 0x0, 0x0, 0x0, 0x0, 0x0, 0x0,
    0x5, 0xad, 0xff, 0xec, 0x82, 0x0, 0x0, 0x0,
    0x0, 0x0, 0x4, 0xdf, 0xff, 0xff, 0xff, 0xff,
    0x91, 0x0, 0x0, 0x0, 0x0, 0x7f, 0xff, 0xff,
    0xff, 0xff, 0xff, 0xfd, 0x20, 0x0, 0x0, 0x7,
    0xff, 0xff, 0xe9, 0x65, 0x7b, 0xff, 0xff, 0xe1,
    0x0, 0x0, 0x3f, 0xff, 0xf8, 0x0, 0x0, 0x0,
    0x2d, 0xff, 0xfb, 0x0, 0x0, 0xcf, 0xff, 0x60,
    0x0, 0x0, 0x0, 0x1, 0xcf, 0xff, 0x50, 0x4,
    0xff, 0xfb, 0x0, 0x0, 0x0, 0x0, 0x0, 0x2f,
    0xff, 0xc0, 0x9, 0xff, 0xf2, 0x0, 0x0, 0x0,
    0x0, 0x0, 0x9, 0xff, 0xf2, 0xd, 0xff, 0xd0,
    0x0, 0x0, 0x0, 0x0, 0x0, 0x4, 0xff, 0xf6,
    0xf, 0xff, 0x80, 0x0, 0x0, 0x0, 0x0, 0x0,
    0x0, 0xff, 0xf9, 0x2f, 0xff, 0x60, 0x0, 0x0,
    0x0, 0x0, 0x0, 0x0, 0xef, 0xfb, 0x3f, 0xff,
    0x50, 0x0, 0x0, 0x0, 0x0, 0x0, 0x0, 0xdf,
    0xfb, 0x3f, 0xff, 0x50, 0x0, 0x0, 0x0, 0x0,
    0x0, 0x0, 0xcf, 0xfb, 0x2f, 0xff, 0x60, 0x0,
    0x0, 0x0, 0x0, 0x0, 0x0, 0xef, 0xfb, 0xf,
    0xff, 0x80, 0x0, 0x0, 0x0, 0x0, 0x0, 0x0,
    0xff, 0xf9, 0xe, 0xff, 0xc0, 0x0, 0x0, 0x0,
    0x0, 0x0, 0x4, 0xff, 0xf6, 0x9, 0xff, 0xf2,
    0x0, 0x0, 0x0, 0x0, 0x0, 0x9, 0xff, 0xf2,
    0x4, 0xff, 0xfa, 0x0, 0x0, 0x0, 0x0, 0x0,
    0x2f, 0xff, 0xc0, 0x0, 0xdf, 0xff, 0x60, 0x0,
    0x0, 0x0, 0x0, 0xcf, 0xff, 0x50, 0x0, 0x3f,
    0xff, 0xf7, 0x0, 0x0, 0x0, 0x2d, 0xff, 0xfc,
    0x0, 0x0, 0x7, 0xff, 0xff, 0xe8, 0x65, 0x7b,
    0xff, 0xff, 0xe1, 0x0, 0x0, 0x0, 0x8f, 0xff,
    0xff, 0xff, 0xff, 0xff, 0xfe, 0x20, 0x0, 0x0,
    0x0, 0x4, 0xdf, 0xff, 0xff, 0xff, 0xff, 0xa1,
    0x0, 0x0, 0x0, 0x0, 0x0, 0x5, 0xad, 0xff,
    0xec, 0x82, 0x0, 0x0, 0x0,

    /* U+00D4 "Ô" */
    0x0, 0x0, 0x0, 0x0, 0xa, 0xff, 0xf3, 0x0,
    0x0, 0x0, 0x0, 0x0, 0x0, 0x0, 0x0, 0x9f,
    0xff, 0xfe, 0x20, 0x0, 0x0, 0x0, 0x0, 0x0,
    0x0, 0x7, 0xff, 0xa2, 0xff, 0xd1, 0x0, 0x0,
    0x0, 0x0, 0x0, 0x0, 0x6f, 0xfc, 0x0, 0x5f,
    0xfc, 0x0, 0x0, 0x0, 0x0, 0x0, 0x0, 0x78,
    0x81, 0x0, 0x5, 0x88, 0x40, 0x0, 0x0, 0x0,
    0x0, 0x0, 0x0, 0x0, 0x0, 0x0, 0x0, 0x0,
    0x0, 0x0, 0x0, 0x0, 0x0, 0x0, 0x0, 0x0,
    0x0, 0x0, 0x0, 0x0, 0x0, 0x0, 0x0, 0x0,
    0x5, 0xad, 0xff, 0xec, 0x82, 0x0, 0x0, 0x0,
    0x0, 0x0, 0x4, 0xdf, 0xff, 0xff, 0xff, 0xff,
    0x91, 0x0, 0x0, 0x0, 0x0, 0x7f, 0xff, 0xff,
    0xff, 0xff, 0xff, 0xfd, 0x20, 0x0, 0x0, 0x7,
    0xff, 0xff, 0xe9, 0x65, 0x7b, 0xff, 0xff, 0xe1,
    0x0, 0x0, 0x3f, 0xff, 0xf8, 0x0, 0x0, 0x0,
    0x2d, 0xff, 0xfb, 0x0, 0x0, 0xcf, 0xff, 0x60,
    0x0, 0x0, 0x0, 0x1, 0xcf, 0xff, 0x50, 0x4,
    0xff, 0xfb, 0x0, 0x0, 0x0, 0x0, 0x0, 0x2f,
    0xff, 0xc0, 0x9, 0xff, 0xf2, 0x0, 0x0, 0x0,
    0x0, 0x0, 0x9, 0xff, 0xf2, 0xd, 0xff, 0xd0,
    0x0, 0x0, 0x0, 0x0, 0x0, 0x4, 0xff, 0xf6,
    0xf, 0xff, 0x80, 0x0, 0x0, 0x0, 0x0, 0x0,
    0x0, 0xff, 0xf9, 0x2f, 0xff, 0x60, 0x0, 0x0,
    0x0, 0x0, 0x0, 0x0, 0xef, 0xfb, 0x3f, 0xff,
    0x50, 0x0, 0x0, 0x0, 0x0, 0x0, 0x0, 0xdf,
    0xfb, 0x3f, 0xff, 0x50, 0x0, 0x0, 0x0, 0x0,
    0x0, 0x0, 0xcf, 0xfb, 0x2f, 0xff, 0x60, 0x0,
    0x0, 0x0, 0x0, 0x0, 0x0, 0xef, 0xfb, 0xf,
    0xff, 0x80, 0x0, 0x0, 0x0, 0x0, 0x0, 0x0,
    0xff, 0xf9, 0xe, 0xff, 0xc0, 0x0, 0x0, 0x0,
    0x0, 0x0, 0x4, 0xff, 0xf6, 0x9, 0xff, 0xf2,
    0x0, 0x0, 0x0, 0x0, 0x0, 0x9, 0xff, 0xf2,
    0x4, 0xff, 0xfa, 0x0, 0x0, 0x0, 0x0, 0x0,
    0x2f, 0xff, 0xc0, 0x0, 0xdf, 0xff, 0x60, 0x0,
    0x0, 0x0, 0x0, 0xcf, 0xff, 0x50, 0x0, 0x3f,
    0xff, 0xf7, 0x0, 0x0, 0x0, 0x2d, 0xff, 0xfc,
    0x0, 0x0, 0x7, 0xff, 0xff, 0xe8, 0x65, 0x7b,
    0xff, 0xff, 0xe1, 0x0, 0x0, 0x0, 0x8f, 0xff,
    0xff, 0xff, 0xff, 0xff, 0xfe, 0x20, 0x0, 0x0,
    0x0, 0x4, 0xdf, 0xff, 0xff, 0xff, 0xff, 0xa1,
    0x0, 0x0, 0x0, 0x0, 0x0, 0x5, 0xad, 0xff,
    0xec, 0x82, 0x0, 0x0, 0x0,

    /* U+00D5 "Õ" */
    0x0, 0x0, 0x0, 0x0, 0x23, 0x10, 0x0, 0x44,
    0x0, 0x0, 0x0, 0x0, 0x0, 0x0, 0x9, 0xff,
    0xfb, 0x57, 0xff, 0x0, 0x0, 0x0, 0x0, 0x0,
    0x0, 0x3f, 0xff, 0xff, 0xff, 0xfa, 0x0, 0x0,
    0x0, 0x0, 0x0, 0x0, 0x7f, 0xc0, 0x4a, 0xdf,
    0xb1, 0x0, 0x0, 0x0, 0x0, 0x0, 0x0, 0x0,
    0x0, 0x0, 0x0, 0x0, 0x0, 0x0, 0x0, 0x0,
    0x0, 0x0, 0x0, 0x0, 0x0, 0x0, 0x0, 0x0,
    0x0, 0x0, 0x0, 0x0, 0x0, 0x0, 0x0, 0x0,
    0x0, 0x0, 0x0, 0x0, 0x0, 0x0, 0x0, 0x0,
    0x5, 0xad, 0xff, 0xec, 0x82, 0x0, 0x0, 0x0,
    0x0, 0x0, 0x4, 0xdf, 0xff, 0xff, 0xff, 0xff,
    0x91, 0x0, 0x0, 0x0, 0x0, 0x7f, 0xff, 0xff,
    0xff, 0xff, 0xff, 0xfd, 0x20, 0x0, 0x0, 0x7,
    0xff, 0xff, 0xe9, 0x65, 0x7b, 0xff, 0xff, 0xe1,
    0x0, 0x0, 0x3f, 0xff, 0xf8, 0x0, 0x0, 0x0,
    0x2d, 0xff, 0xfb, 0x0, 0x0, 0xcf, 0xff, 0x60,
    0x0, 0x0, 0x0, 0x1, 0xcf, 0xff, 0x50, 0x4,
    0xff, 0xfb, 0x0, 0x0, 0x0, 0x0, 0x0, 0x2f,
    0xff, 0xc0, 0x9, 0xff, 0xf2, 0x0, 0x0, 0x0,
    0x0, 0x0, 0x9, 0xff, 0xf2, 0xd, 0xff, 0xd0,
    0x0, 0x0, 0x0, 0x0, 0x0, 0x4, 0xff, 0xf6,
    0xf, 0xff, 0x80, 0x0, 0x0, 0x0, 0x0, 0x0,
    0x0, 0xff, 0xf9, 0x2f, 0xff, 0x60, 0x0, 0x0,
    0x0, 0x0, 0x0, 0x0, 0xef, 0xfb, 0x3f, 0xff,
    0x50, 0x0, 0x0, 0x0, 0x0, 0x0, 0x0, 0xdf,
    0xfb, 0x3f, 0xff, 0x50, 0x0, 0x0, 0x0, 0x0,
    0x0, 0x0, 0xcf, 0xfb, 0x2f, 0xff, 0x60, 0x0,
    0x0, 0x0, 0x0, 0x0, 0x0, 0xef, 0xfb, 0xf,
    0xff, 0x80, 0x0, 0x0, 0x0, 0x0, 0x0, 0x0,
    0xff, 0xf9, 0xe, 0xff, 0xc0, 0x0, 0x0, 0x0,
    0x0, 0x0, 0x4, 0xff, 0xf6, 0x9, 0xff, 0xf2,
    0x0, 0x0, 0x0, 0x0, 0x0, 0x9, 0xff, 0xf2,
    0x4, 0xff, 0xfa, 0x0, 0x0, 0x0, 0x0, 0x0,
    0x2f, 0xff, 0xc0, 0x0, 0xdf, 0xff, 0x60, 0x0,
    0x0, 0x0, 0x0, 0xcf, 0xff, 0x50, 0x0, 0x3f,
    0xff, 0xf7, 0x0, 0x0, 0x0, 0x2d, 0xff, 0xfc,
    0x0, 0x0, 0x7, 0xff, 0xff, 0xe8, 0x65, 0x7b,
    0xff, 0xff, 0xe1, 0x0, 0x0, 0x0, 0x8f, 0xff,
    0xff, 0xff, 0xff, 0xff, 0xfe, 0x20, 0x0, 0x0,
    0x0, 0x4, 0xdf, 0xff, 0xff, 0xff, 0xff, 0xa1,
    0x0, 0x0, 0x0, 0x0, 0x0, 0x5, 0xad, 0xff,
    0xec, 0x82, 0x0, 0x0, 0x0,

    /* U+00D6 "Ö" */
    0x0, 0x0, 0x0, 0x5e, 0xd3, 0x0, 0x9, 0xfb,
    0x10, 0x0, 0x0, 0x0, 0x0, 0x0, 0xff, 0xfd,
    0x0, 0x4f, 0xff, 0x80, 0x0, 0x0, 0x0, 0x0,
    0x0, 0xff, 0xfd, 0x0, 0x4f, 0xff, 0x80, 0x0,
    0x0, 0x0, 0x0, 0x0, 0x6f, 0xe4, 0x0, 0xa,
    0xfc, 0x10, 0x0, 0x0, 0x0, 0x0, 0x0, 0x0,
    0x0, 0x0, 0x0, 0x0, 0x0, 0x0, 0x0, 0x0,
    0x0, 0x0, 0x0, 0x0, 0x0, 0x0, 0x0, 0x0,
    0x0, 0x0, 0x0, 0x0, 0x0, 0x0, 0x0, 0x0,
    0x0, 0x0, 0x0, 0x0, 0x0, 0x0, 0x0, 0x0,
    0x5, 0xad, 0xff, 0xec, 0x82, 0x0, 0x0, 0x0,
    0x0, 0x0, 0x4, 0xdf, 0xff, 0xff, 0xff, 0xff,
    0x91, 0x0, 0x0, 0x0, 0x0, 0x7f, 0xff, 0xff,
    0xff, 0xff, 0xff, 0xfd, 0x20, 0x0, 0x0, 0x7,
    0xff, 0xff, 0xe9, 0x65, 0x7b, 0xff, 0xff, 0xe1,
    0x0, 0x0, 0x3f, 0xff, 0xf8, 0x0, 0x0, 0x0,
    0x2d, 0xff, 0xfb, 0x0, 0x0, 0xcf, 0xff, 0x60,
    0x0, 0x0, 0x0, 0x1, 0xcf, 0xff, 0x50, 0x4,
    0xff, 0xfb, 0x0, 0x0, 0x0, 0x0, 0x0, 0x2f,
    0xff, 0xc0, 0x9, 0xff, 0xf2, 0x0, 0x0, 0x0,
    0x0, 0x0, 0x9, 0xff, 0xf2, 0xd, 0xff, 0xd0,
    0x0, 0x0, 0x0, 0x0, 0x0, 0x4, 0xff, 0xf6,
    0xf, 0xff, 0x80, 0x0, 0x0, 0x0, 0x0, 0x0,
    0x0, 0xff, 0xf9, 0x2f, 0xff, 0x60, 0x0, 0x0,
    0x0, 0x0, 0x0, 0x0, 0xef, 0xfb, 0x3f, 0xff,
    0x50, 0x0, 0x0, 0x0, 0x0, 0x0, 0x0, 0xdf,
    0xfb, 0x3f, 0xff, 0x50, 0x0, 0x0, 0x0, 0x0,
    0x0, 0x0, 0xcf, 0xfb, 0x2f, 0xff, 0x60, 0x0,
    0x0, 0x0, 0x0, 0x0, 0x0, 0xef, 0xfb, 0xf,
    0xff, 0x80, 0x0, 0x0, 0x0, 0x0, 0x0, 0x0,
    0xff, 0xf9, 0xe, 0xff, 0xc0, 0x0, 0x0, 0x0,
    0x0, 0x0, 0x4, 0xff, 0xf6, 0x9, 0xff, 0xf2,
    0x0, 0x0, 0x0, 0x0, 0x0, 0x9, 0xff, 0xf2,
    0x4, 0xff, 0xfa, 0x0, 0x0, 0x0, 0x0, 0x0,
    0x2f, 0xff, 0xc0, 0x0, 0xdf, 0xff, 0x60, 0x0,
    0x0, 0x0, 0x0, 0xcf, 0xff, 0x50, 0x0, 0x3f,
    0xff, 0xf7, 0x0, 0x0, 0x0, 0x2d, 0xff, 0xfc,
    0x0, 0x0, 0x7, 0xff, 0xff, 0xe8, 0x65, 0x7b,
    0xff, 0xff, 0xe1, 0x0, 0x0, 0x0, 0x8f, 0xff,
    0xff, 0xff, 0xff, 0xff, 0xfe, 0x20, 0x0, 0x0,
    0x0, 0x4, 0xdf, 0xff, 0xff, 0xff, 0xff, 0xa1,
    0x0, 0x0, 0x0, 0x0, 0x0, 0x5, 0xad, 0xff,
    0xec, 0x82, 0x0, 0x0, 0x0,

    /* U+00D7 "×" */
    0x0, 0x0, 0x0, 0x0, 0x0, 0x0, 0x0, 0x0,
    0x5, 0xc0, 0x0, 0x0, 0x0, 0x0, 0x6b, 0x0,
    0x5f, 0xfc, 0x0, 0x0, 0x0, 0x6, 0xff, 0xb0,
    0x8f, 0xff, 0xc0, 0x0, 0x0, 0x6f, 0xff, 0xd1,
    0x9, 0xff, 0xfc, 0x0, 0x5, 0xff, 0xfe, 0x10,
    0x0, 0x9f, 0xff, 0xb0, 0x5f, 0xff, 0xe2, 0x0,
    0x0, 0x9, 0xff, 0xfc, 0xff, 0xfe, 0x20, 0x0,
    0x0, 0x0, 0xaf, 0xff, 0xff, 0xe2, 0x0, 0x0,
    0x0, 0x0, 0xb, 0xff, 0xff, 0x20, 0x0, 0x0,
    0x0, 0x0, 0x4f, 0xff, 0xff, 0xa0, 0x0, 0x0,
    0x0, 0x4, 0xff, 0xff, 0xff, 0xfa, 0x0, 0x0,
    0x0, 0x4f, 0xff, 0xe3, 0xaf, 0xff, 0xa0, 0x0,
    0x4, 0xff, 0xfe, 0x30, 0xa, 0xff, 0xfa, 0x0,
    0x3f, 0xff, 0xf3, 0x0, 0x0, 0xbf, 0xff, 0x90,
    0x9f, 0xff, 0x30, 0x0, 0x0, 0xb, 0xff, 0xe1,
    0xa, 0xf3, 0x0, 0x0, 0x0, 0x0, 0xbe, 0x20,
    0x0, 0x20, 0x0, 0x0, 0x0, 0x0, 0x2, 0x0,

    /* U+00D8 "Ø" */
    0x0, 0x0, 0x0, 0x0, 0x0, 0x0, 0x0, 0x0,
    0x0, 0x30, 0x0, 0x0, 0x0, 0x0, 0x5, 0xad,
    0xff, 0xec, 0x82, 0x4, 0xfb, 0x10, 0x0, 0x0,
    0x4, 0xdf, 0xff, 0xff, 0xff, 0xff, 0xbf, 0xff,
    0x30, 0x0, 0x0, 0x7f, 0xff, 0xff, 0xff, 0xff,
    0xff, 0xff, 0xf7, 0x0, 0x0, 0x7, 0xff, 0xff,
    0xe9, 0x65, 0x7b, 0xff, 0xff, 0xf1, 0x0, 0x0,
    0x3f, 0xff, 0xf8, 0x0, 0x0, 0x0, 0x4f, 0xff,
    0xfb, 0x0, 0x0, 0xcf, 0xff, 0x60, 0x0, 0x0,
    0x0, 0xcf, 0xff, 0xff, 0x50, 0x4, 0xff, 0xfb,
    0x0, 0x0, 0x0, 0x7, 0xff, 0xdf, 0xff, 0xc0,
    0x9, 0xff, 0xf2, 0x0, 0x0, 0x0, 0x3f, 0xfe,
    0x19, 0xff, 0xf2, 0xd, 0xff, 0xd0, 0x0, 0x0,
    0x0, 0xdf, 0xf4, 0x4, 0xff, 0xf6, 0xf, 0xff,
    0x80, 0x0, 0x0, 0x9, 0xff, 0x90, 0x0, 0xff,
    0xf9, 0x2f, 0xff, 0x60, 0x0, 0x0, 0x4f, 0xfd,
    0x0, 0x0, 0xef, 0xfb, 0x3f, 0xff, 0x50, 0x0,
    0x1, 0xef, 0xf3, 0x0, 0x0, 0xdf, 0xfb, 0x3f,
    0xff, 0x50, 0x0, 0xa, 0xff, 0x80, 0x0, 0x0,
    0xcf, 0xfb, 0x2f, 0xff, 0x60, 0x0, 0x5f, 0xfc,
    0x0, 0x0, 0x0, 0xef, 0xfb, 0xf, 0xff, 0x80,
    0x1, 0xef, 0xf2, 0x0, 0x0, 0x0, 0xff, 0xf9,
    0xe, 0xff, 0xc0, 0xb, 0xff, 0x60, 0x0, 0x0,
    0x4, 0xff, 0xf6, 0x9, 0xff, 0xf2, 0x6f, 0xfb,
    0x0, 0x0, 0x0, 0x9, 0xff, 0xf2, 0x4, 0xff,
    0xfd, 0xff, 0xe1, 0x0, 0x0, 0x0, 0x2f, 0xff,
    0xc0, 0x0, 0xdf, 0xff, 0xff, 0x50, 0x0, 0x0,
    0x0, 0xcf, 0xff, 0x50, 0x0, 0x3f, 0xff, 0xff,
    0x0, 0x0, 0x0, 0x2d, 0xff, 0xfc, 0x0, 0x0,
    0xb, 0xff, 0xff, 0xe8, 0x65, 0x7b, 0xff, 0xff,
    0xe1, 0x0, 0x0, 0xd, 0xff, 0xff, 0xff, 0xff,
    0xff, 0xff, 0xfe, 0x20, 0x0, 0x0, 0x9f, 0xfd,
    0xdf, 0xff, 0xff, 0xff, 0xff, 0xa1, 0x0, 0x0,
    0x0, 0x5e, 0xd0, 0x5, 0xad, 0xff, 0xec, 0x82,
    0x0, 0x0, 0x0, 0x0, 0x1, 0x20, 0x0, 0x0,
    0x0, 0x0, 0x0, 0x0, 0x0, 0x0,

    /* U+00D9 "Ù" */
    0x0, 0x0, 0x3, 0xff, 0xf4, 0x0, 0x0, 0x0,
    0x0, 0x0, 0x0, 0x0, 0x0, 0x8f, 0xfb, 0x0,
    0x0, 0x0, 0x0, 0x0, 0x0, 0x0, 0x0, 0xd,
    0xff, 0x20, 0x0, 0x0, 0x0, 0x0, 0x0, 0x0,
    0x0, 0x3, 0xff, 0xa0, 0x0, 0x0, 0x0, 0x0,
    0x0, 0x0, 0x0, 0x0, 0x7c, 0xb0, 0x0, 0x0,
    0x0, 0x0, 0x0, 0x0, 0x0, 0x0, 0x0, 0x0,
    0x0, 0x0, 0x0, 0x0, 0x0, 0x0, 0x0, 0x0,
    0x0, 0x0, 0x0, 0x0, 0x0, 0x0, 0x6f, 0xff,
    0x20, 0x0, 0x0, 0x0, 0x0, 0x7, 0xff, 0xf1,
    0x6f, 0xff, 0x20, 0x0, 0x0, 0x0, 0x0, 0x7,
    0xff, 0xf1, 0x6f, 0xff, 0x20, 0x0, 0x0, 0x0,
    0x0, 0x7, 0xff, 0xf1, 0x6f, 0xff, 0x20, 0x0,
    0x0, 0x0, 0x0, 0x7, 0xff, 0xf1, 0x6f, 0xff,
    0x20, 0x0, 0x0, 0x0, 0x0, 0x7, 0xff, 0xf1,
    0x6f, 0xff, 0x20, 0x0, 0x0, 0x0, 0x0, 0x7,
    0xff, 0xf1, 0x6f, 0xff, 0x20, 0x0, 0x0, 0x0,
    0x0, 0x7, 0xff, 0xf1, 0x6f, 0xff, 0x20, 0x0,
    0x0, 0x0, 0x0, 0x7, 0xff, 0xf1, 0x6f, 0xff,
    0x20, 0x0, 0x0, 0x0, 0x0, 0x7, 0xff, 0xf1,
    0x6f, 0xff, 0x20, 0x0, 0x0, 0x0, 0x0, 0x7,
    0xff, 0xf1, 0x6f, 0xff, 0x20, 0x0, 0x0, 0x0,
    0x0, 0x7, 0xff, 0xf1, 0x6f, 0xff, 0x20, 0x0,
    0x0, 0x0, 0x0, 0x7, 0xff, 0xf1, 0x6f, 0xff,
    0x20, 0x0, 0x0, 0x0, 0x0, 0x7, 0xff, 0xf1,
    0x6f, 0xff, 0x20, 0x0, 0x0, 0x0, 0x0, 0x7,
    0xff, 0xf1, 0x6f, 0xff, 0x20, 0x0, 0x0, 0x0,
    0x0, 0x7, 0xff, 0xf1, 0x6f, 0xff, 0x20, 0x0,
    0x0, 0x0, 0x0, 0x7, 0xff, 0xf1, 0x5f, 0xff,
    0x40, 0x0, 0x0, 0x0, 0x0, 0x9, 0xff, 0xf0,
    0x3f, 0xff, 0x90, 0x0, 0x0, 0x0, 0x0, 0xe,
    0xff, 0xe0, 0xe, 0xff, 0xf2, 0x0, 0x0, 0x0,
    0x0, 0x7f, 0xff, 0x90, 0x7, 0xff, 0xfe, 0x30,
    0x0, 0x0, 0x6, 0xff, 0xff, 0x20, 0x0, 0xcf,
    0xff, 0xfb, 0x64, 0x57, 0xdf, 0xff, 0xf7, 0x0,
    0x0, 0x1d, 0xff, 0xff, 0xff, 0xff, 0xff, 0xff,
    0x90, 0x0, 0x0, 0x0, 0x9f, 0xff, 0xff, 0xff,
    0xff, 0xf6, 0x0, 0x0, 0x0, 0x0, 0x2, 0x8c,
    0xef, 0xfe, 0xb6, 0x10, 0x0, 0x0,

    /* U+00DA "Ú" */
    0x0, 0x0, 0x0, 0x0, 0x0, 0x9f, 0xfd, 0x0,
    0x0, 0x0, 0x0, 0x0, 0x0, 0x0, 0x1, 0xff,
    0xf3, 0x0, 0x0, 0x0, 0x0, 0x0, 0x0, 0x0,
    0x8, 0xff, 0x80, 0x0, 0x0, 0x0, 0x0, 0x0,
    0x0, 0x0, 0xe, 0xfd, 0x0, 0x0, 0x0, 0x0,
    0x0, 0x0, 0x0, 0x0, 0x4c, 0xc3, 0x0, 0x0,
    0x0, 0x0, 0x0, 0x0, 0x0, 0x0, 0x0, 0x0,
    0x0, 0x0, 0x0, 0x0, 0x0, 0x0, 0x0, 0x0,
    0x0, 0x0, 0x0, 0x0, 0x0, 0x0, 0x6f, 0xff,
    0x20, 0x0, 0x0, 0x0, 0x0, 0x7, 0xff, 0xf1,
    0x6f, 0xff, 0x20, 0x0, 0x0, 0x0, 0x0, 0x7,
    0xff, 0xf1, 0x6f, 0xff, 0x20, 0x0, 0x0, 0x0,
    0x0, 0x7, 0xff, 0xf1, 0x6f, 0xff, 0x20, 0x0,
    0x0, 0x0, 0x0, 0x7, 0xff, 0xf1, 0x6f, 0xff,
    0x20, 0x0, 0x0, 0x0, 0x0, 0x7, 0xff, 0xf1,
    0x6f, 0xff, 0x20, 0x0, 0x0, 0x0, 0x0, 0x7,
    0xff, 0xf1, 0x6f, 0xff, 0x20, 0x0, 0x0, 0x0,
    0x0, 0x7, 0xff, 0xf1, 0x6f, 0xff, 0x20, 0x0,
    0x0, 0x0, 0x0, 0x7, 0xff, 0xf1, 0x6f, 0xff,
    0x20, 0x0, 0x0, 0x0, 0x0, 0x7, 0xff, 0xf1,
    0x6f, 0xff, 0x20, 0x0, 0x0, 0x0, 0x0, 0x7,
    0xff, 0xf1, 0x6f, 0xff, 0x20, 0x0, 0x0, 0x0,
    0x0, 0x7, 0xff, 0xf1, 0x6f, 0xff, 0x20, 0x0,
    0x0, 0x0, 0x0, 0x7, 0xff, 0xf1, 0x6f, 0xff,
    0x20, 0x0, 0x0, 0x0, 0x0, 0x7, 0xff, 0xf1,
    0x6f, 0xff, 0x20, 0x0, 0x0, 0x0, 0x0, 0x7,
    0xff, 0xf1, 0x6f, 0xff, 0x20, 0x0, 0x0, 0x0,
    0x0, 0x7, 0xff, 0xf1, 0x6f, 0xff, 0x20, 0x0,
    0x0, 0x0, 0x0, 0x7, 0xff, 0xf1, 0x5f, 0xff,
    0x40, 0x0, 0x0, 0x0, 0x0, 0x9, 0xff, 0xf0,
    0x3f, 0xff, 0x90, 0x0, 0x0, 0x0, 0x0, 0xe,
    0xff, 0xe0, 0xe, 0xff, 0xf2, 0x0, 0x0, 0x0,
    0x0, 0x7f, 0xff, 0x90, 0x7, 0xff, 0xfe, 0x30,
    0x0, 0x0, 0x6, 0xff, 0xff, 0x20, 0x0, 0xcf,
    0xff, 0xfb, 0x64, 0x57, 0xdf, 0xff, 0xf7, 0x0,
    0x0, 0x1d, 0xff, 0xff, 0xff, 0xff, 0xff, 0xff,
    0x90, 0x0, 0x0, 0x0, 0x9f, 0xff, 0xff, 0xff,
    0xff, 0xf6, 0x0, 0x0, 0x0, 0x0, 0x2, 0x8c,
    0xef, 0xfe, 0xb6, 0x10, 0x0, 0x0,

    /* U+00DB "Û" */
    0x0, 0x0, 0x0, 0x2, 0xef, 0xfb, 0x0, 0x0,
    0x0, 0x0, 0x0, 0x0, 0x0, 0x1e, 0xff, 0xff,
    0xa0, 0x0, 0x0, 0x0, 0x0, 0x0, 0x1, 0xdf,
    0xf3, 0x8f, 0xf8, 0x0, 0x0, 0x0, 0x0, 0x0,
    0xc, 0xff, 0x60, 0xb, 0xff, 0x60, 0x0, 0x0,
    0x0, 0x0, 0x38, 0x86, 0x0, 0x1, 0x78, 0x70,
    0x0, 0x0, 0x0, 0x0, 0x0, 0x0, 0x0, 0x0,
    0x0, 0x0, 0x0, 0x0, 0x0, 0x0, 0x0, 0x0,
    0x0, 0x0, 0x0, 0x0, 0x0, 0x0, 0x6f, 0xff,
    0x20, 0x0, 0x0, 0x0, 0x0, 0x7, 0xff, 0xf1,
    0x6f, 0xff, 0x20, 0x0, 0x0, 0x0, 0x0, 0x7,
    0xff, 0xf1, 0x6f, 0xff, 0x20, 0x0, 0x0, 0x0,
    0x0, 0x7, 0xff, 0xf1, 0x6f, 0xff, 0x20, 0x0,
    0x0, 0x0, 0x0, 0x7, 0xff, 0xf1, 0x6f, 0xff,
    0x20, 0x0, 0x0, 0x0, 0x0, 0x7, 0xff, 0xf1,
    0x6f, 0xff, 0x20, 0x0, 0x0, 0x0, 0x0, 0x7,
    0xff, 0xf1, 0x6f, 0xff, 0x20, 0x0, 0x0, 0x0,
    0x0, 0x7, 0xff, 0xf1, 0x6f, 0xff, 0x20, 0x0,
    0x0, 0x0, 0x0, 0x7, 0xff, 0xf1, 0x6f, 0xff,
    0x20, 0x0, 0x0, 0x0, 0x0, 0x7, 0xff, 0xf1,
    0x6f, 0xff, 0x20, 0x0, 0x0, 0x0, 0x0, 0x7,
    0xff, 0xf1, 0x6f, 0xff, 0x20, 0x0, 0x0, 0x0,
    0x0, 0x7, 0xff, 0xf1, 0x6f, 0xff, 0x20, 0x0,
    0x0, 0x0, 0x0, 0x7, 0xff, 0xf1, 0x6f, 0xff,
    0x20, 0x0, 0x0, 0x0, 0x0, 0x7, 0xff, 0xf1,
    0x6f, 0xff, 0x20, 0x0, 0x0, 0x0, 0x0, 0x7,
    0xff, 0xf1, 0x6f, 0xff, 0x20, 0x0, 0x0, 0x0,
    0x0, 0x7, 0xff, 0xf1, 0x6f, 0xff, 0x20, 0x0,
    0x0, 0x0, 0x0, 0x7, 0xff, 0xf1, 0x5f, 0xff,
    0x40, 0x0, 0x0, 0x0, 0x0, 0x9, 0xff, 0xf0,
    0x3f, 0xff, 0x90, 0x0, 0x0, 0x0, 0x0, 0xe,
    0xff, 0xe0, 0xe, 0xff, 0xf2, 0x0, 0x0, 0x0,
    0x0, 0x7f, 0xff, 0x90, 0x7, 0xff, 0xfe, 0x30,
    0x0, 0x0, 0x6, 0xff, 0xff, 0x20, 0x0, 0xcf,
    0xff, 0xfb, 0x64, 0x57, 0xdf, 0xff, 0xf7, 0x0,
    0x0, 0x1d, 0xff, 0xff, 0xff, 0xff, 0xff, 0xff,
    0x90, 0x0, 0x0, 0x0, 0x9f, 0xff, 0xff, 0xff,
    0xff, 0xf6, 0x0, 0x0, 0x0, 0x0, 0x2, 0x8c,
    0xef, 0xfe, 0xb6, 0x10, 0x0, 0x0,

    /* U+00DC "Ü" */
    0x0, 0x0, 0xa, 0xfa, 0x0, 0x2, 0xde, 0x70,
    0x0, 0x0, 0x0, 0x0, 0x6f, 0xff, 0x60, 0xb,
    0xff, 0xf1, 0x0, 0x0, 0x0, 0x0, 0x6f, 0xff,
    0x60, 0xb, 0xff, 0xf1, 0x0, 0x0, 0x0, 0x0,
    0xb, 0xfb, 0x0, 0x2, 0xef, 0x70, 0x0, 0x0,
    0x0, 0x0, 0x0, 0x0, 0x0, 0x0, 0x0, 0x0,
    0x0, 0x0, 0x0, 0x0, 0x0, 0x0, 0x0, 0x0,
    0x0, 0x0, 0x0, 0x0, 0x0, 0x0, 0x0, 0x0,
    0x0, 0x0, 0x0, 0x0, 0x0, 0x0, 0x6f, 0xff,
    0x20, 0x0, 0x0, 0x0, 0x0, 0x7, 0xff, 0xf1,
    0x6f, 0xff, 0x20, 0x0, 0x0, 0x0, 0x0, 0x7,
    0xff, 0xf1, 0x6f, 0xff, 0x20, 0x0, 0x0, 0x0,
    0x0, 0x7, 0xff, 0xf1, 0x6f, 0xff, 0x20, 0x0,
    0x0, 0x0, 0x0, 0x7, 0xff, 0xf1, 0x6f, 0xff,
    0x20, 0x0, 0x0, 0x0, 0x0, 0x7, 0xff, 0xf1,
    0x6f, 0xff, 0x20, 0x0, 0x0, 0x0, 0x0, 0x7,
    0xff, 0xf1, 0x6f, 0xff, 0x20, 0x0, 0x0, 0x0,
    0x0, 0x7, 0xff, 0xf1, 0x6f, 0xff, 0x20, 0x0,
    0x0, 0x0, 0x0, 0x7, 0xff, 0xf1, 0x6f, 0xff,
    0x20, 0x0, 0x0, 0x0, 0x0, 0x7, 0xff, 0xf1,
    0x6f, 0xff, 0x20, 0x0, 0x0, 0x0, 0x0, 0x7,
    0xff, 0xf1, 0x6f, 0xff, 0x20, 0x0, 0x0, 0x0,
    0x0, 0x7, 0xff, 0xf1, 0x6f, 0xff, 0x20, 0x0,
    0x0, 0x0, 0x0, 0x7, 0xff, 0xf1, 0x6f, 0xff,
    0x20, 0x0, 0x0, 0x0, 0x0, 0x7, 0xff, 0xf1,
    0x6f, 0xff, 0x20, 0x0, 0x0, 0x0, 0x0, 0x7,
    0xff, 0xf1, 0x6f, 0xff, 0x20, 0x0, 0x0, 0x0,
    0x0, 0x7, 0xff, 0xf1, 0x6f, 0xff, 0x20, 0x0,
    0x0, 0x0, 0x0, 0x7, 0xff, 0xf1, 0x5f, 0xff,
    0x40, 0x0, 0x0, 0x0, 0x0, 0x9, 0xff, 0xf0,
    0x3f, 0xff, 0x90, 0x0, 0x0, 0x0, 0x0, 0xe,
    0xff, 0xe0, 0xe, 0xff, 0xf2, 0x0, 0x0, 0x0,
    0x0, 0x7f, 0xff, 0x90, 0x7, 0xff, 0xfe, 0x30,
    0x0, 0x0, 0x6, 0xff, 0xff, 0x20, 0x0, 0xcf,
    0xff, 0xfb, 0x64, 0x57, 0xdf, 0xff, 0xf7, 0x0,
    0x0, 0x1d, 0xff, 0xff, 0xff, 0xff, 0xff, 0xff,
    0x90, 0x0, 0x0, 0x0, 0x9f, 0xff, 0xff, 0xff,
    0xff, 0xf6, 0x0, 0x0, 0x0, 0x0, 0x2, 0x8c,
    0xef, 0xfe, 0xb6, 0x10, 0x0, 0x0,

    /* U+00DD "Ý" */
    0x0, 0x0, 0x0, 0x0, 0x0, 0x2, 0xcc, 0xb2,
    0x0, 0x0, 0x0, 0x0, 0x0, 0x0, 0x0, 0x0,
    0xa, 0xff, 0xa0, 0x0, 0x0, 0x0, 0x0, 0x0,
    0x0, 0x0, 0x0, 0x1f, 0xfe, 0x10, 0x0, 0x0,
    0x0, 0x0, 0x0, 0x0, 0x0, 0x0, 0x9f, 0xf5,
    0x0, 0x0, 0x0, 0x0, 0x0, 0x0, 0x0, 0x0,
    0x1, 0xff, 0xb0, 0x0, 0x0, 0x0, 0x0, 0x0,
    0x0, 0x0, 0x0, 0x0, 0x0, 0x0, 0x0, 0x0,
    0x0, 0x0, 0x0, 0x0, 0x0, 0x0, 0x0, 0x0,
    0x0, 0x0, 0x0, 0x0, 0x0, 0xd, 0xff, 0xf3,
    0x0, 0x0, 0x0, 0x0, 0x0, 0xe, 0xff, 0xf3,
    0x5, 0xff, 0xfc, 0x0, 0x0, 0x0, 0x0, 0x0,
    0x8f, 0xff, 0x90, 0x0, 0xbf, 0xff, 0x60, 0x0,
    0x0, 0x0, 0x1, 0xff, 0xfe, 0x10, 0x0, 0x2f,
    0xff, 0xe0, 0x0, 0x0, 0x0, 0xa, 0xff, 0xf6,
    0x0, 0x0, 0x8, 0xff, 0xf8, 0x0, 0x0, 0x0,
    0x3f, 0xff, 0xc0, 0x0, 0x0, 0x0, 0xef, 0xff,
    0x20, 0x0, 0x0, 0xcf, 0xff, 0x30, 0x0, 0x0,
    0x0, 0x5f, 0xff, 0xa0, 0x0, 0x5, 0xff, 0xfa,
    0x0, 0x0, 0x0, 0x0, 0xc, 0xff, 0xf3, 0x0,
    0xd, 0xff, 0xf1, 0x0, 0x0, 0x0, 0x0, 0x2,
    0xff, 0xfc, 0x0, 0x7f, 0xff, 0x70, 0x0, 0x0,
    0x0, 0x0, 0x0, 0x9f, 0xff, 0x50, 0xef, 0xfd,
    0x0, 0x0, 0x0, 0x0, 0x0, 0x0, 0xe, 0xff,
    0xc6, 0xff, 0xf4, 0x0, 0x0, 0x0, 0x0, 0x0,
    0x0, 0x6, 0xff, 0xfe, 0xff, 0xa0, 0x0, 0x0,
    0x0, 0x0, 0x0, 0x0, 0x0, 0xcf, 0xff, 0xff,
    0x20, 0x0, 0x0, 0x0, 0x0, 0x0, 0x0, 0x0,
    0x3f, 0xff, 0xf7, 0x0, 0x0, 0x0, 0x0, 0x0,
    0x0, 0x0, 0x0, 0xa, 0xff, 0xf0, 0x0, 0x0,
    0x0, 0x0, 0x0, 0x0, 0x0, 0x0, 0xa, 0xff,
    0xf0, 0x0, 0x0, 0x0, 0x0, 0x0, 0x0, 0x0,
    0x0, 0xa, 0xff, 0xf0, 0x0, 0x0, 0x0, 0x0,
    0x0, 0x0, 0x0, 0x0, 0xa, 0xff, 0xf0, 0x0,
    0x0, 0x0, 0x0, 0x0, 0x0, 0x0, 0x0, 0xa,
    0xff, 0xf0, 0x0, 0x0, 0x0, 0x0, 0x0, 0x0,
    0x0, 0x0, 0xa, 0xff, 0xf0, 0x0, 0x0, 0x0,
    0x0, 0x0, 0x0, 0x0, 0x0, 0xa, 0xff, 0xf0,
    0x0, 0x0, 0x0, 0x0, 0x0, 0x0, 0x0, 0x0,
    0xa, 0xff, 0xf0, 0x0, 0x0, 0x0, 0x0, 0x0,
    0x0, 0x0, 0x0, 0xa, 0xff, 0xf0, 0x0, 0x0,
    0x0, 0x0, 0x0, 0x0, 0x0, 0x0, 0xa, 0xff,
    0xf0, 0x0, 0x0, 0x0, 0x0,

    /* U+00DE "Þ" */
    0x9f, 0xff, 0x0, 0x0, 0x0, 0x0, 0x0, 0x0,
    0x9, 0xff, 0xf0, 0x0, 0x0, 0x0, 0x0, 0x0,
    0x0, 0x9f, 0xff, 0x0, 0x0, 0x0, 0x0, 0x0,
    0x0, 0x9, 0xff, 0xf0, 0x0, 0x0, 0x0, 0x0,
    0x0, 0x0, 0x9f, 0xff, 0x0, 0x0, 0x0, 0x0,
    0x0, 0x0, 0x9, 0xff, 0xff, 0xff, 0xff, 0xdb,
    0x61, 0x0, 0x0, 0x9f, 0xff, 0xff, 0xff, 0xff,
    0xff, 0xf6, 0x0, 0x9, 0xff, 0xff, 0xff, 0xff,
    0xff, 0xff, 0xf7, 0x0, 0x9f, 0xff, 0x0, 0x0,
    0x2, 0x7f, 0xff, 0xf3, 0x9, 0xff, 0xf0, 0x0,
    0x0, 0x0, 0x2f, 0xff, 0xa0, 0x9f, 0xff, 0x0,
    0x0, 0x0, 0x0, 0x8f, 0xff, 0x9, 0xff, 0xf0,
    0x0, 0x0, 0x0, 0x4, 0xff, 0xf1, 0x9f, 0xff,
    0x0, 0x0, 0x0, 0x0, 0x4f, 0xff, 0x19, 0xff,
    0xf0, 0x0, 0x0, 0x0, 0x7, 0xff, 0xf0, 0x9f,
    0xff, 0x0, 0x0, 0x0, 0x2, 0xef, 0xfa, 0x9,
    0xff, 0xf0, 0x0, 0x0, 0x26, 0xef, 0xff, 0x30,
    0x9f, 0xff, 0xff, 0xff, 0xff, 0xff, 0xff, 0x70,
    0x9, 0xff, 0xff, 0xff, 0xff, 0xff, 0xff, 0x60,
    0x0, 0x9f, 0xff, 0xff, 0xff, 0xfd, 0xb6, 0x10,
    0x0, 0x9, 0xff, 0xf0, 0x0, 0x0, 0x0, 0x0,
    0x0, 0x0, 0x9f, 0xff, 0x0, 0x0, 0x0, 0x0,
    0x0, 0x0, 0x9, 0xff, 0xf0, 0x0, 0x0, 0x0,
    0x0, 0x0, 0x0, 0x9f, 0xff, 0x0, 0x0, 0x0,
    0x0, 0x0, 0x0, 0x9, 0xff, 0xf0, 0x0, 0x0,
    0x0, 0x0, 0x0, 0x0,

    /* U+00DF "ß" */
    0x0, 0x0, 0x6b, 0xef, 0xed, 0x93, 0x0, 0x0,
    0x0, 0x3, 0xdf, 0xff, 0xff, 0xff, 0xfb, 0x10,
    0x0, 0x2, 0xef, 0xff, 0xff, 0xff, 0xff, 0xfc,
    0x0, 0x0, 0xbf, 0xff, 0xd5, 0x33, 0x7f, 0xff,
    0xf7, 0x0, 0x2f, 0xff, 0xc0, 0x0, 0x0, 0x2f,
    0xff, 0xe0, 0x4, 0xff, 0xf3, 0x0, 0x0, 0x0,
    0x9f, 0xff, 0x0, 0x6f, 0xff, 0x0, 0x0, 0x0,
    0x7, 0xff, 0xf0, 0x6, 0xff, 0xf0, 0x0, 0x0,
    0x0, 0x9f, 0xfd, 0x0, 0x6f, 0xff, 0x0, 0x0,
    0x0, 0x1f, 0xff, 0x60, 0x6, 0xff, 0xf0, 0x0,
    0x0, 0x4d, 0xff, 0xb0, 0x0, 0x6f, 0xff, 0x0,
    0x2f, 0xff, 0xfe, 0x70, 0x0, 0x6, 0xff, 0xf0,
    0x2, 0xff, 0xff, 0xe9, 0x30, 0x0, 0x6f, 0xff,
    0x0, 0x2f, 0xff, 0xff, 0xff, 0x80, 0x6, 0xff,
    0xf0, 0x0, 0x0, 0x15, 0xdf, 0xff, 0x70, 0x6f,
    0xff, 0x0, 0x0, 0x0, 0x0, 0xcf, 0xff, 0x6,
    0xff, 0xf0, 0x0, 0x0, 0x0, 0x3, 0xff, 0xf5,
    0x6f, 0xff, 0x0, 0x0, 0x0, 0x0, 0xf, 0xff,
    0x76, 0xff, 0xf0, 0x0, 0x0, 0x0, 0x0, 0xff,
    0xf7, 0x6f, 0xff, 0x0, 0x0, 0x0, 0x0, 0x2f,
    0xff, 0x66, 0xff, 0xf0, 0x0, 0x0, 0x0, 0xb,
    0xff, 0xf2, 0x6f, 0xff, 0x0, 0x1, 0x11, 0x3b,
    0xff, 0xfc, 0x6, 0xff, 0xf0, 0x3, 0xff, 0xff,
    0xff, 0xff, 0x20, 0x6f, 0xff, 0x0, 0x3f, 0xff,
    0xff, 0xfd, 0x30, 0x6, 0xff, 0xf0, 0x3, 0xff,
    0xfe, 0xc6, 0x0, 0x0,

    /* U+00E0 "à" */
    0x0, 0x2, 0xff, 0xf4, 0x0, 0x0, 0x0, 0x0,
    0x0, 0x8, 0xff, 0xc0, 0x0, 0x0, 0x0, 0x0,
    0x0, 0xd, 0xff, 0x30, 0x0, 0x0, 0x0, 0x0,
    0x0, 0x3f, 0xfa, 0x0, 0x0, 0x0, 0x0, 0x0,
    0x0, 0x7c, 0xc1, 0x0, 0x0, 0x0, 0x0, 0x0,
    0x0, 0x0, 0x0, 0x0, 0x0, 0x0, 0x0, 0x0,
    0x0, 0x0, 0x0, 0x0, 0x0, 0x0, 0x5, 0xad,
    0xff, 0xda, 0x50, 0x0, 0x0, 0x2d, 0xff, 0xff,
    0xff, 0xff, 0xc1, 0x0, 0x2e, 0xff, 0xff, 0xee,
    0xff, 0xff, 0xc0, 0xc, 0xff, 0xf9, 0x10, 0x1,
    0xaf, 0xff, 0x50, 0x8d, 0xf7, 0x0, 0x0, 0x0,
    0xdf, 0xfa, 0x0, 0x1, 0x0, 0x0, 0x0, 0xa,
    0xff, 0xc0, 0x0, 0x0, 0x0, 0x0, 0x0, 0xcf,
    0xfd, 0x0, 0x0, 0x3, 0x58, 0xac, 0xff, 0xff,
    0xd0, 0x3, 0xbf, 0xff, 0xff, 0xff, 0xff, 0xfd,
    0x7, 0xff, 0xff, 0xff, 0xdb, 0x7a, 0xff, 0xd3,
    0xff, 0xfe, 0x72, 0x0, 0x0, 0x9f, 0xfd, 0x8f,
    0xfe, 0x10, 0x0, 0x0, 0x9, 0xff, 0xda, 0xff,
    0xb0, 0x0, 0x0, 0x0, 0xcf, 0xfd, 0x9f, 0xfd,
    0x0, 0x0, 0x0, 0x5f, 0xff, 0xd6, 0xff, 0xf9,
    0x10, 0x1, 0x7f, 0xff, 0xfd, 0xe, 0xff, 0xff,
    0xdd, 0xff, 0xfa, 0xff, 0xd0, 0x2e, 0xff, 0xff,
    0xff, 0xf5, 0x7f, 0xfd, 0x0, 0x7, 0xce, 0xfd,
    0x92, 0x7, 0xff, 0xd0,

    /* U+00E1 "á" */
    0x0, 0x0, 0x0, 0x0, 0x8f, 0xfd, 0x0, 0x0,
    0x0, 0x0, 0x0, 0x1f, 0xff, 0x30, 0x0, 0x0,
    0x0, 0x0, 0x7, 0xff, 0x90, 0x0, 0x0, 0x0,
    0x0, 0x0, 0xef, 0xe0, 0x0, 0x0, 0x0, 0x0,
    0x0, 0x4c, 0xc4, 0x0, 0x0, 0x0, 0x0, 0x0,
    0x0, 0x0, 0x0, 0x0, 0x0, 0x0, 0x0, 0x0,
    0x0, 0x0, 0x0, 0x0, 0x0, 0x0, 0x5, 0xad,
    0xff, 0xda, 0x50, 0x0, 0x0, 0x2d, 0xff, 0xff,
    0xff, 0xff, 0xc1, 0x0, 0x2e, 0xff, 0xff, 0xee,
    0xff, 0xff, 0xc0, 0xc, 0xff, 0xf9, 0x10, 0x1,
    0xaf, 0xff, 0x50, 0x8d, 0xf7, 0x0, 0x0, 0x0,
    0xdf, 0xfa, 0x0, 0x1, 0x0, 0x0, 0x0, 0xa,
    0xff, 0xc0, 0x0, 0x0, 0x0, 0x0, 0x0, 0xcf,
    0xfd, 0x0, 0x0, 0x3, 0x58, 0xac, 0xff, 0xff,
    0xd0, 0x3, 0xbf, 0xff, 0xff, 0xff, 0xff, 0xfd,
    0x7, 0xff, 0xff, 0xff, 0xdb, 0x7a, 0xff, 0xd3,
    0xff, 0xfe, 0x72, 0x0, 0x0, 0x9f, 0xfd, 0x8f,
    0xfe, 0x10, 0x0, 0x0, 0x9, 0xff, 0xda, 0xff,
    0xb0, 0x0, 0x0, 0x0, 0xcf, 0xfd, 0x9f, 0xfd,
    0x0, 0x0, 0x0, 0x5f, 0xff, 0xd6, 0xff, 0xf9,
    0x10, 0x1, 0x7f, 0xff, 0xfd, 0xe, 0xff, 0xff,
    0xdd, 0xff, 0xfa, 0xff, 0xd0, 0x2e, 0xff, 0xff,
    0xff, 0xf5, 0x7f, 0xfd, 0x0, 0x7, 0xce, 0xfd,
    0x92, 0x7, 0xff, 0xd0,

    /* U+00E2 "â" */
    0x0, 0x0, 0x2, 0xef, 0xfc, 0x0, 0x0, 0x0,
    0x0, 0x1, 0xef, 0xff, 0xfa, 0x0, 0x0, 0x0,
    0x1, 0xdf, 0xf4, 0x8f, 0xf8, 0x0, 0x0, 0x0,
    0xcf, 0xf7, 0x0, 0xbf, 0xf7, 0x0, 0x0, 0x38,
    0x86, 0x0, 0x0, 0x78, 0x70, 0x0, 0x0, 0x0,
    0x0, 0x0, 0x0, 0x0, 0x0, 0x0, 0x0, 0x0,
    0x0, 0x0, 0x0, 0x0, 0x0, 0x0, 0x5, 0xad,
    0xff, 0xda, 0x50, 0x0, 0x0, 0x2d, 0xff, 0xff,
    0xff, 0xff, 0xc1, 0x0, 0x2e, 0xff, 0xff, 0xee,
    0xff, 0xff, 0xc0, 0xc, 0xff, 0xf9, 0x10, 0x1,
    0xaf, 0xff, 0x50, 0x8d, 0xf7, 0x0, 0x0, 0x0,
    0xdf, 0xfa, 0x0, 0x1, 0x0, 0x0, 0x0, 0xa,
    0xff, 0xc0, 0x0, 0x0, 0x0, 0x0, 0x0, 0xcf,
    0xfd, 0x0, 0x0, 0x3, 0x58, 0xac, 0xff, 0xff,
    0xd0, 0x3, 0xbf, 0xff, 0xff, 0xff, 0xff, 0xfd,
    0x7, 0xff, 0xff, 0xff, 0xdb, 0x7a, 0xff, 0xd3,
    0xff, 0xfe, 0x72, 0x0, 0x0, 0x9f, 0xfd, 0x8f,
    0xfe, 0x10, 0x0, 0x0, 0x9, 0xff, 0xda, 0xff,
    0xb0, 0x0, 0x0, 0x0, 0xcf, 0xfd, 0x9f, 0xfd,
    0x0, 0x0, 0x0, 0x5f, 0xff, 0xd6, 0xff, 0xf9,
    0x10, 0x1, 0x7f, 0xff, 0xfd, 0xe, 0xff, 0xff,
    0xdd, 0xff, 0xfa, 0xff, 0xd0, 0x2e, 0xff, 0xff,
    0xff, 0xf5, 0x7f, 0xfd, 0x0, 0x7, 0xce, 0xfd,
    0x92, 0x7, 0xff, 0xd0,

    /* U+00E3 "ã" */
    0x0, 0x1, 0xaf, 0xeb, 0x74, 0xbf, 0xa0, 0x0,
    0x0, 0x9f, 0xff, 0xff, 0xff, 0xf5, 0x0, 0x0,
    0xe, 0xf9, 0x58, 0xcf, 0xe8, 0x0, 0x0, 0x0,
    0x0, 0x0, 0x0, 0x0, 0x0, 0x0, 0x0, 0x0,
    0x0, 0x0, 0x0, 0x0, 0x0, 0x0, 0x0, 0x0,
    0x0, 0x0, 0x0, 0x0, 0x0, 0x0, 0x0, 0x5a,
    0xdf, 0xfd, 0xa5, 0x0, 0x0, 0x2, 0xdf, 0xff,
    0xff, 0xff, 0xfc, 0x10, 0x2, 0xef, 0xff, 0xfe,
    0xef, 0xff, 0xfc, 0x0, 0xcf, 0xff, 0x91, 0x0,
    0x1a, 0xff, 0xf5, 0x8, 0xdf, 0x70, 0x0, 0x0,
    0xd, 0xff, 0xa0, 0x0, 0x10, 0x0, 0x0, 0x0,
    0xaf, 0xfc, 0x0, 0x0, 0x0, 0x0, 0x0, 0xc,
    0xff, 0xd0, 0x0, 0x0, 0x35, 0x8a, 0xcf, 0xff,
    0xfd, 0x0, 0x3b, 0xff, 0xff, 0xff, 0xff, 0xff,
    0xd0, 0x7f, 0xff, 0xff, 0xfd, 0xb7, 0xaf, 0xfd,
    0x3f, 0xff, 0xe7, 0x20, 0x0, 0x9, 0xff, 0xd8,
    0xff, 0xe1, 0x0, 0x0, 0x0, 0x9f, 0xfd, 0xaf,
    0xfb, 0x0, 0x0, 0x0, 0xc, 0xff, 0xd9, 0xff,
    0xd0, 0x0, 0x0, 0x5, 0xff, 0xfd, 0x6f, 0xff,
    0x91, 0x0, 0x17, 0xff, 0xff, 0xd0, 0xef, 0xff,
    0xfd, 0xdf, 0xff, 0xaf, 0xfd, 0x2, 0xef, 0xff,
    0xff, 0xff, 0x57, 0xff, 0xd0, 0x0, 0x7c, 0xef,
    0xd9, 0x20, 0x7f, 0xfd,

    /* U+00E4 "ä" */
    0x0, 0xa, 0xfb, 0x0, 0x2, 0xce, 0x70, 0x0,
    0x5, 0xff, 0xf6, 0x0, 0xaf, 0xff, 0x20, 0x0,
    0x5f, 0xff, 0x70, 0xa, 0xff, 0xf2, 0x0, 0x0,
    0xbf, 0xb0, 0x0, 0x2d, 0xf8, 0x0, 0x0, 0x0,
    0x0, 0x0, 0x0, 0x0, 0x0, 0x0, 0x0, 0x0,
    0x0, 0x0, 0x0, 0x0, 0x0, 0x0, 0x0, 0x0,
    0x0, 0x0, 0x0, 0x0, 0x0, 0x0, 0x5, 0xad,
    0xff, 0xda, 0x50, 0x0, 0x0, 0x2d, 0xff, 0xff,
    0xff, 0xff, 0xc1, 0x0, 0x2e, 0xff, 0xff, 0xee,
    0xff, 0xff, 0xc0, 0xc, 0xff, 0xf9, 0x10, 0x1,
    0xaf, 0xff, 0x50, 0x8d, 0xf7, 0x0, 0x0, 0x0,
    0xdf, 0xfa, 0x0, 0x1, 0x0, 0x0, 0x0, 0xa,
    0xff, 0xc0, 0x0, 0x0, 0x0, 0x0, 0x0, 0xcf,
    0xfd, 0x0, 0x0, 0x3, 0x58, 0xac, 0xff, 0xff,
    0xd0, 0x3, 0xbf, 0xff, 0xff, 0xff, 0xff, 0xfd,
    0x7, 0xff, 0xff, 0xff, 0xdb, 0x7a, 0xff, 0xd3,
    0xff, 0xfe, 0x72, 0x0, 0x0, 0x9f, 0xfd, 0x8f,
    0xfe, 0x10, 0x0, 0x0, 0x9, 0xff, 0xda, 0xff,
    0xb0, 0x0, 0x0, 0x0, 0xcf, 0xfd, 0x9f, 0xfd,
    0x0, 0x0, 0x0, 0x5f, 0xff, 0xd6, 0xff, 0xf9,
    0x10, 0x1, 0x7f, 0xff, 0xfd, 0xe, 0xff, 0xff,
    0xdd, 0xff, 0xfa, 0xff, 0xd0, 0x2e, 0xff, 0xff,
    0xff, 0xf5, 0x7f, 0xfd, 0x0, 0x7, 0xce, 0xfd,
    0x92, 0x7, 0xff, 0xd0,

    /* U+00E5 "å" */
    0x0, 0x0, 0x0, 0x0, 0x0, 0x0, 0x0, 0x0,
    0x0, 0x0, 0x4c, 0xff, 0xb2, 0x0, 0x0, 0x0,
    0x0, 0x5f, 0xff, 0xff, 0xf2, 0x0, 0x0, 0x0,
    0xe, 0xfa, 0x12, 0xcf, 0xb0, 0x0, 0x0, 0x3,
    0xff, 0x10, 0x4, 0xff, 0x0, 0x0, 0x0, 0x3f,
    0xf1, 0x0, 0x4f, 0xf0, 0x0, 0x0, 0x0, 0xef,
    0xb2, 0x3d, 0xfb, 0x0, 0x0, 0x0, 0x5, 0xff,
    0xff, 0xff, 0x20, 0x0, 0x0, 0x0, 0x4, 0xbf,
    0xea, 0x20, 0x0, 0x0, 0x0, 0x0, 0x0, 0x0,
    0x0, 0x0, 0x0, 0x0, 0x0, 0x5a, 0xdf, 0xfd,
    0xa5, 0x0, 0x0, 0x2, 0xdf, 0xff, 0xff, 0xff,
    0xfc, 0x10, 0x2, 0xef, 0xff, 0xfe, 0xef, 0xff,
    0xfc, 0x0, 0xcf, 0xff, 0x91, 0x0, 0x1a, 0xff,
    0xf5, 0x8, 0xdf, 0x70, 0x0, 0x0, 0xd, 0xff,
    0xa0, 0x0, 0x10, 0x0, 0x0, 0x0, 0xaf, 0xfc,
    0x0, 0x0, 0x0, 0x0, 0x0, 0xc, 0xff, 0xd0,
    0x0, 0x0, 0x35, 0x8a, 0xcf, 0xff, 0xfd, 0x0,
    0x3b, 0xff, 0xff, 0xff, 0xff, 0xff, 0xd0, 0x7f,
    0xff, 0xff, 0xfd, 0xb7, 0xaf, 0xfd, 0x3f, 0xff,
    0xe7, 0x20, 0x0, 0x9, 0xff, 0xd8, 0xff, 0xe1,
    0x0, 0x0, 0x0, 0x9f, 0xfd, 0xaf, 0xfb, 0x0,
    0x0, 0x0, 0xc, 0xff, 0xd9, 0xff, 0xd0, 0x0,
    0x0, 0x5, 0xff, 0xfd, 0x6f, 0xff, 0x91, 0x0,
    0x17, 0xff, 0xff, 0xd0, 0xef, 0xff, 0xfd, 0xdf,
    0xff, 0xaf, 0xfd, 0x2, 0xef, 0xff, 0xff, 0xff,
    0x57, 0xff, 0xd0, 0x0, 0x7c, 0xef, 0xd9, 0x20,
    0x7f, 0xfd,

    /* U+00E6 "æ" */
    0x0, 0x0, 0x5a, 0xdf, 0xfd, 0x92, 0x0, 0x2,
    0x8d, 0xff, 0xd9, 0x40, 0x0, 0x0, 0x3, 0xdf,
    0xff, 0xff, 0xff, 0xf7, 0x6, 0xff, 0xff, 0xff,
    0xff, 0xb1, 0x0, 0x3, 0xff, 0xff, 0xfe, 0xef,
    0xff, 0xfa, 0xff, 0xff, 0xee, 0xff, 0xff, 0xd1,
    0x0, 0xdf, 0xff, 0x71, 0x0, 0x19, 0xff, 0xff,
    0xf9, 0x10, 0x1, 0x7f, 0xff, 0xa0, 0x6, 0xad,
    0x50, 0x0, 0x0, 0xd, 0xff, 0xf7, 0x0, 0x0,
    0x0, 0x6f, 0xff, 0x20, 0x0, 0x0, 0x0, 0x0,
    0x0, 0xaf, 0xfd, 0x0, 0x0, 0x0, 0x0, 0xdf,
    0xf7, 0x0, 0x0, 0x0, 0x0, 0x0, 0x9, 0xff,
    0x80, 0x0, 0x0, 0x0, 0xa, 0xff, 0xb0, 0x0,
    0x28, 0xce, 0xff, 0xff, 0xff, 0xff, 0xff, 0xff,
    0xff, 0xff, 0xff, 0xfc, 0x0, 0x9f, 0xff, 0xff,
    0xff, 0xff, 0xff, 0xff, 0xff, 0xff, 0xff, 0xff,
    0xff, 0xd0, 0xbf, 0xff, 0xfc, 0xa9, 0x99, 0xdf,
    0xfc, 0x99, 0x99, 0x99, 0x99, 0x99, 0x98, 0x4f,
    0xff, 0xa1, 0x0, 0x0, 0x9, 0xff, 0x80, 0x0,
    0x0, 0x0, 0x0, 0x0, 0x9, 0xff, 0xd0, 0x0,
    0x0, 0x0, 0xaf, 0xfb, 0x0, 0x0, 0x0, 0x0,
    0x0, 0x0, 0xaf, 0xfb, 0x0, 0x0, 0x0, 0xe,
    0xff, 0xf1, 0x0, 0x0, 0x0, 0x6, 0x41, 0x9,
    0xff, 0xe0, 0x0, 0x0, 0x7, 0xff, 0xff, 0xb0,
    0x0, 0x0, 0x4, 0xff, 0xf6, 0x5f, 0xff, 0xb2,
    0x0, 0x29, 0xff, 0xff, 0xff, 0xc4, 0x0, 0x17,
    0xff, 0xfe, 0x10, 0xdf, 0xff, 0xff, 0xff, 0xff,
    0xf4, 0x9f, 0xff, 0xff, 0xff, 0xff, 0xff, 0x50,
    0x2, 0xdf, 0xff, 0xff, 0xff, 0xe4, 0x0, 0x8f,
    0xff, 0xff, 0xff, 0xfe, 0x40, 0x0, 0x0, 0x7c,
    0xef, 0xeb, 0x60, 0x0, 0x0, 0x28, 0xce, 0xfe,
    0xc7, 0x10, 0x0,

    /* U+00E7 "ç" */
    0x0, 0x0, 0x6, 0xbe, 0xff, 0xc8, 0x20, 0x0,
    0x0, 0x0, 0x3e, 0xff, 0xff, 0xff, 0xff, 0x70,
    0x0, 0x0, 0x4f, 0xff, 0xff, 0xff, 0xff, 0xff,
    0x90, 0x0, 0x1e, 0xff, 0xf8, 0x20, 0x15, 0xef,
    0xff, 0x40, 0x9, 0xff, 0xf6, 0x0, 0x0, 0x2,
    0xef, 0xfb, 0x0, 0xff, 0xfc, 0x0, 0x0, 0x0,
    0x7, 0xc8, 0x40, 0x3f, 0xff, 0x50, 0x0, 0x0,
    0x0, 0x0, 0x0, 0x6, 0xff, 0xf2, 0x0, 0x0,
    0x0, 0x0, 0x0, 0x0, 0x7f, 0xff, 0x0, 0x0,
    0x0, 0x0, 0x0, 0x0, 0x7, 0xff, 0xf0, 0x0,
    0x0, 0x0, 0x0, 0x0, 0x0, 0x6f, 0xff, 0x20,
    0x0, 0x0, 0x0, 0x0, 0x0, 0x3, 0xff, 0xf5,
    0x0, 0x0, 0x0, 0x0, 0x0, 0x0, 0xf, 0xff,
    0xb0, 0x0, 0x0, 0x0, 0x7e, 0xa6, 0x0, 0x9f,
    0xff, 0x50, 0x0, 0x0, 0x2e, 0xff, 0xb0, 0x1,
    0xef, 0xff, 0x82, 0x1, 0x5e, 0xff, 0xf4, 0x0,
    0x4, 0xff, 0xff, 0xff, 0xff, 0xff, 0xf8, 0x0,
    0x0, 0x3, 0xef, 0xff, 0xff, 0xff, 0xf7, 0x0,
    0x0, 0x0, 0x0, 0x6b, 0xff, 0xfc, 0x82, 0x0,
    0x0, 0x0, 0x0, 0x0, 0x5, 0xf7, 0x0, 0x0,
    0x0, 0x0, 0x0, 0x0, 0x0, 0x7f, 0xda, 0x30,
    0x0, 0x0, 0x0, 0x0, 0x0, 0x7, 0xef, 0xff,
    0x10, 0x0, 0x0, 0x0, 0x0, 0x0, 0x0, 0xe,
    0xf6, 0x0, 0x0, 0x0, 0x0, 0x0, 0x0, 0x0,
    0xef, 0x50, 0x0, 0x0, 0x0, 0x0, 0x2, 0xcc,
    0xef, 0xf2, 0x0, 0x0, 0x0, 0x0, 0x0, 0x2f,
    0xff, 0xc4, 0x0, 0x0, 0x0,

    /* U+00E8 "è" */
    0x0, 0x0, 0x8f, 0xfd, 0x0, 0x0, 0x0, 0x0,
    0x0, 0x0, 0x0, 0xdf, 0xf5, 0x0, 0x0, 0x0,
    0x0, 0x0, 0x0, 0x4, 0xff, 0xc0, 0x0, 0x0,
    0x0, 0x0, 0x0, 0x0, 0x9, 0xff, 0x40, 0x0,
    0x0, 0x0, 0x0, 0x0, 0x0, 0x1b, 0xc8, 0x0,
    0x0, 0x0, 0x0, 0x0, 0x0, 0x0, 0x0, 0x0,
    0x0, 0x0, 0x0, 0x0, 0x0, 0x0, 0x0, 0x0,
    0x0, 0x0, 0x0, 0x0, 0x0, 0x0, 0x6b, 0xef,
    0xeb, 0x60, 0x0, 0x0, 0x0, 0x3, 0xef, 0xff,
    0xff, 0xff, 0xe5, 0x0, 0x0, 0x4, 0xff, 0xff,
    0xfe, 0xff, 0xff, 0xf5, 0x0, 0x1, 0xef, 0xfe,
    0x50, 0x0, 0x5e, 0xff, 0xf1, 0x0, 0x8f, 0xff,
    0x20, 0x0, 0x0, 0x2f, 0xff, 0x90, 0xe, 0xff,
    0x70, 0x0, 0x0, 0x0, 0x8f, 0xfe, 0x3, 0xff,
    0xf1, 0x0, 0x0, 0x0, 0x4, 0xff, 0xf2, 0x5f,
    0xff, 0x99, 0x99, 0x99, 0x99, 0xaf, 0xff, 0x47,
    0xff, 0xff, 0xff, 0xff, 0xff, 0xff, 0xff, 0xf5,
    0x7f, 0xff, 0xff, 0xff, 0xff, 0xff, 0xff, 0xff,
    0x55, 0xff, 0xf0, 0x0, 0x0, 0x0, 0x0, 0x0,
    0x0, 0x3f, 0xff, 0x20, 0x0, 0x0, 0x0, 0x0,
    0x0, 0x0, 0xef, 0xf8, 0x0, 0x0, 0x0, 0x1,
    0x20, 0x0, 0x9, 0xff, 0xf3, 0x0, 0x0, 0x0,
    0xaf, 0xea, 0x0, 0x1e, 0xff, 0xf6, 0x10, 0x2,
    0xaf, 0xff, 0x90, 0x0, 0x4f, 0xff, 0xff, 0xef,
    0xff, 0xff, 0xd1, 0x0, 0x0, 0x3e, 0xff, 0xff,
    0xff, 0xff, 0xb1, 0x0, 0x0, 0x0, 0x6, 0xbe,
    0xff, 0xda, 0x40, 0x0, 0x0,

    /* U+00E9 "é" */
    0x0, 0x0, 0x0, 0x0, 0xe, 0xff, 0x70, 0x0,
    0x0, 0x0, 0x0, 0x0, 0x6, 0xff, 0xd0, 0x0,
    0x0, 0x0, 0x0, 0x0, 0x0, 0xdf, 0xf3, 0x0,
    0x0, 0x0, 0x0, 0x0, 0x0, 0x5f, 0xf8, 0x0,
    0x0, 0x0, 0x0, 0x0, 0x0, 0x9, 0xcb, 0x0,
    0x0, 0x0, 0x0, 0x0, 0x0, 0x0, 0x0, 0x0,
    0x0, 0x0, 0x0, 0x0, 0x0, 0x0, 0x0, 0x0,
    0x0, 0x0, 0x0, 0x0, 0x0, 0x0, 0x6b, 0xef,
    0xeb, 0x60, 0x0, 0x0, 0x0, 0x3, 0xef, 0xff,
    0xff, 0xff, 0xe5, 0x0, 0x0, 0x4, 0xff, 0xff,
    0xfe, 0xff, 0xff, 0xf5, 0x0, 0x1, 0xef, 0xfe,
    0x50, 0x0, 0x5e, 0xff, 0xf1, 0x0, 0x8f, 0xff,
    0x20, 0x0, 0x0, 0x2f, 0xff, 0x90, 0xe, 0xff,
    0x70, 0x0, 0x0, 0x0, 0x8f, 0xfe, 0x3, 0xff,
    0xf1, 0x0, 0x0, 0x0, 0x4, 0xff, 0xf2, 0x5f,
    0xff, 0x99, 0x99, 0x99, 0x99, 0xaf, 0xff, 0x47,
    0xff, 0xff, 0xff, 0xff, 0xff, 0xff, 0xff, 0xf5,
    0x7f, 0xff, 0xff, 0xff, 0xff, 0xff, 0xff, 0xff,
    0x55, 0xff, 0xf0, 0x0, 0x0, 0x0, 0x0, 0x0,
    0x0, 0x3f, 0xff, 0x20, 0x0, 0x0, 0x0, 0x0,
    0x0, 0x0, 0xef, 0xf8, 0x0, 0x0, 0x0, 0x1,
    0x20, 0x0, 0x9, 0xff, 0xf3, 0x0, 0x0, 0x0,
    0xaf, 0xea, 0x0, 0x1e, 0xff, 0xf6, 0x10, 0x2,
    0xaf, 0xff, 0x90, 0x0, 0x4f, 0xff, 0xff, 0xef,
    0xff, 0xff, 0xd1, 0x0, 0x0, 0x3e, 0xff, 0xff,
    0xff, 0xff, 0xb1, 0x0, 0x0, 0x0, 0x6, 0xbe,
    0xff, 0xda, 0x40, 0x0, 0x0,

    /* U+00EA "ê" */
    0x0, 0x0, 0x0, 0x7f, 0xff, 0x60, 0x0, 0x0,
    0x0, 0x0, 0x0, 0x6f, 0xff, 0xff, 0x40, 0x0,
    0x0, 0x0, 0x0, 0x4f, 0xfd, 0x1d, 0xff, 0x30,
    0x0, 0x0, 0x0, 0x3f, 0xfe, 0x10, 0x2f, 0xfe,
    0x20, 0x0, 0x0, 0x6, 0x88, 0x30, 0x0, 0x48,
    0x85, 0x0, 0x0, 0x0, 0x0, 0x0, 0x0, 0x0,
    0x0, 0x0, 0x0, 0x0, 0x0, 0x0, 0x0, 0x0,
    0x0, 0x0, 0x0, 0x0, 0x0, 0x0, 0x6b, 0xef,
    0xeb, 0x60, 0x0, 0x0, 0x0, 0x3, 0xef, 0xff,
    0xff, 0xff, 0xe5, 0x0, 0x0, 0x4, 0xff, 0xff,
    0xfe, 0xff, 0xff, 0xf5, 0x0, 0x1, 0xef, 0xfe,
    0x50, 0x0, 0x5e, 0xff, 0xf1, 0x0, 0x8f, 0xff,
    0x20, 0x0, 0x0, 0x2f, 0xff, 0x90, 0xe, 0xff,
    0x70, 0x0, 0x0, 0x0, 0x8f, 0xfe, 0x3, 0xff,
    0xf1, 0x0, 0x0, 0x0, 0x4, 0xff, 0xf2, 0x5f,
    0xff, 0x99, 0x99, 0x99, 0x99, 0xaf, 0xff, 0x47,
    0xff, 0xff, 0xff, 0xff, 0xff, 0xff, 0xff, 0xf5,
    0x7f, 0xff, 0xff, 0xff, 0xff, 0xff, 0xff, 0xff,
    0x55, 0xff, 0xf0, 0x0, 0x0, 0x0, 0x0, 0x0,
    0x0, 0x3f, 0xff, 0x20, 0x0, 0x0, 0x0, 0x0,
    0x0, 0x0, 0xef, 0xf8, 0x0, 0x0, 0x0, 0x1,
    0x20, 0x0, 0x9, 0xff, 0xf3, 0x0, 0x0, 0x0,
    0xaf, 0xea, 0x0, 0x1e, 0xff, 0xf6, 0x10, 0x2,
    0xaf, 0xff, 0x90, 0x0, 0x4f, 0xff, 0xff, 0xef,
    0xff, 0xff, 0xd1, 0x0, 0x0, 0x3e, 0xff, 0xff,
    0xff, 0xff, 0xb1, 0x0, 0x0, 0x0, 0x6, 0xbe,
    0xff, 0xda, 0x40, 0x0, 0x0,

    /* U+00EB "ë" */
    0x0, 0x3, 0xde, 0x60, 0x0, 0x6e, 0xd2, 0x0,
    0x0, 0x0, 0xcf, 0xff, 0x0, 0x1f, 0xff, 0xb0,
    0x0, 0x0, 0xc, 0xff, 0xf0, 0x1, 0xff, 0xfb,
    0x0, 0x0, 0x0, 0x3e, 0xf6, 0x0, 0x7, 0xfe,
    0x30, 0x0, 0x0, 0x0, 0x0, 0x0, 0x0, 0x0,
    0x0, 0x0, 0x0, 0x0, 0x0, 0x0, 0x0, 0x0,
    0x0, 0x0, 0x0, 0x0, 0x0, 0x0, 0x0, 0x0,
    0x0, 0x0, 0x0, 0x0, 0x0, 0x0, 0x6b, 0xef,
    0xeb, 0x60, 0x0, 0x0, 0x0, 0x3, 0xef, 0xff,
    0xff, 0xff, 0xe5, 0x0, 0x0, 0x4, 0xff, 0xff,
    0xfe, 0xff, 0xff, 0xf5, 0x0, 0x1, 0xef, 0xfe,
    0x50, 0x0, 0x5e, 0xff, 0xf1, 0x0, 0x8f, 0xff,
    0x20, 0x0, 0x0, 0x2f, 0xff, 0x90, 0xe, 0xff,
    0x70, 0x0, 0x0, 0x0, 0x8f, 0xfe, 0x3, 0xff,
    0xf1, 0x0, 0x0, 0x0, 0x4, 0xff, 0xf2, 0x5f,
    0xff, 0x99, 0x99, 0x99, 0x99, 0xaf, 0xff, 0x47,
    0xff, 0xff, 0xff, 0xff, 0xff, 0xff, 0xff, 0xf5,
    0x7f, 0xff, 0xff, 0xff, 0xff, 0xff, 0xff, 0xff,
    0x55, 0xff, 0xf0, 0x0, 0x0, 0x0, 0x0, 0x0,
    0x0, 0x3f, 0xff, 0x20, 0x0, 0x0, 0x0, 0x0,
    0x0, 0x0, 0xef, 0xf8, 0x0, 0x0, 0x0, 0x1,
    0x20, 0x0, 0x9, 0xff, 0xf3, 0x0, 0x0, 0x0,
    0xaf, 0xea, 0x0, 0x1e, 0xff, 0xf6, 0x10, 0x2,
    0xaf, 0xff, 0x90, 0x0, 0x4f, 0xff, 0xff, 0xef,
    0xff, 0xff, 0xd1, 0x0, 0x0, 0x3e, 0xff, 0xff,
    0xff, 0xff, 0xb1, 0x0, 0x0, 0x0, 0x6, 0xbe,
    0xff, 0xda, 0x40, 0x0, 0x0,

    /* U+00EC "ì" */
    0x1b, 0xcc, 0x40, 0x0, 0x7f, 0xfc, 0x0, 0x0,
    0xdf, 0xf4, 0x0, 0x3, 0xff, 0xb0, 0x0, 0x8,
    0xff, 0x20, 0x0, 0x0, 0x0, 0x0, 0x0, 0x0,
    0x0, 0x0, 0xbf, 0xfc, 0x0, 0xb, 0xff, 0xc0,
    0x0, 0xbf, 0xfc, 0x0, 0xb, 0xff, 0xc0, 0x0,
    0xbf, 0xfc, 0x0, 0xb, 0xff, 0xc0, 0x0, 0xbf,
    0xfc, 0x0, 0xb, 0xff, 0xc0, 0x0, 0xbf, 0xfc,
    0x0, 0xb, 0xff, 0xc0, 0x0, 0xbf, 0xfc, 0x0,
    0xb, 0xff, 0xc0, 0x0, 0xbf, 0xfc, 0x0, 0xb,
    0xff, 0xc0, 0x0, 0xbf, 0xfc, 0x0, 0xb, 0xff,
    0xc0, 0x0, 0xbf, 0xfc, 0x0, 0xb, 0xff, 0xc0,

    /* U+00ED "í" */
    0x0, 0x4c, 0xcc, 0x10, 0xc, 0xff, 0x80, 0x3,
    0xff, 0xd0, 0x0, 0xaf, 0xf3, 0x0, 0x2f, 0xf9,
    0x0, 0x0, 0x0, 0x0, 0x0, 0x0, 0x0, 0x0,
    0xb, 0xff, 0xc0, 0x0, 0xbf, 0xfc, 0x0, 0xb,
    0xff, 0xc0, 0x0, 0xbf, 0xfc, 0x0, 0xb, 0xff,
    0xc0, 0x0, 0xbf, 0xfc, 0x0, 0xb, 0xff, 0xc0,
    0x0, 0xbf, 0xfc, 0x0, 0xb, 0xff, 0xc0, 0x0,
    0xbf, 0xfc, 0x0, 0xb, 0xff, 0xc0, 0x0, 0xbf,
    0xfc, 0x0, 0xb, 0xff, 0xc0, 0x0, 0xbf, 0xfc,
    0x0, 0xb, 0xff, 0xc0, 0x0, 0xbf, 0xfc, 0x0,
    0xb, 0xff, 0xc0, 0x0, 0xbf, 0xfc, 0x0, 0x0,

    /* U+00EE "î" */
    0x0, 0x1, 0xdf, 0xfd, 0x10, 0x0, 0x0, 0xc,
    0xff, 0xff, 0xc0, 0x0, 0x0, 0xbf, 0xf6, 0x5f,
    0xfb, 0x0, 0x9, 0xff, 0x90, 0x8, 0xff, 0x90,
    0x28, 0x87, 0x0, 0x0, 0x78, 0x82, 0x0, 0x0,
    0x0, 0x0, 0x0, 0x0, 0x0, 0x0, 0x0, 0x0,
    0x0, 0x0, 0x0, 0x0, 0xbf, 0xfc, 0x0, 0x0,
    0x0, 0x0, 0xbf, 0xfc, 0x0, 0x0, 0x0, 0x0,
    0xbf, 0xfc, 0x0, 0x0, 0x0, 0x0, 0xbf, 0xfc,
    0x0, 0x0, 0x0, 0x0, 0xbf, 0xfc, 0x0, 0x0,
    0x0, 0x0, 0xbf, 0xfc, 0x0, 0x0, 0x0, 0x0,
    0xbf, 0xfc, 0x0, 0x0, 0x0, 0x0, 0xbf, 0xfc,
    0x0, 0x0, 0x0, 0x0, 0xbf, 0xfc, 0x0, 0x0,
    0x0, 0x0, 0xbf, 0xfc, 0x0, 0x0, 0x0, 0x0,
    0xbf, 0xfc, 0x0, 0x0, 0x0, 0x0, 0xbf, 0xfc,
    0x0, 0x0, 0x0, 0x0, 0xbf, 0xfc, 0x0, 0x0,
    0x0, 0x0, 0xbf, 0xfc, 0x0, 0x0, 0x0, 0x0,
    0xbf, 0xfc, 0x0, 0x0, 0x0, 0x0, 0xbf, 0xfc,
    0x0, 0x0, 0x0, 0x0, 0xbf, 0xfc, 0x0, 0x0,
    0x0, 0x0, 0xbf, 0xfc, 0x0, 0x0,

    /* U+00EF "ï" */
    0x8, 0xfc, 0x10, 0x1, 0xbf, 0x90, 0x3f, 0xff,
    0x90, 0x8, 0xff, 0xf4, 0x3f, 0xff, 0x90, 0x8,
    0xff, 0xf4, 0x9, 0xfd, 0x10, 0x1, 0xcf, 0xa0,
    0x0, 0x0, 0x0, 0x0, 0x0, 0x0, 0x0, 0x0,
    0x0, 0x0, 0x0, 0x0, 0x0, 0x0, 0x0, 0x0,
    0x0, 0x0, 0x0, 0x0, 0xbf, 0xfc, 0x0, 0x0,
    0x0, 0x0, 0xbf, 0xfc, 0x0, 0x0, 0x0, 0x0,
    0xbf, 0xfc, 0x0, 0x0, 0x0, 0x0, 0xbf, 0xfc,
    0x0, 0x0, 0x0, 0x0, 0xbf, 0xfc, 0x0, 0x0,
    0x0, 0x0, 0xbf, 0xfc, 0x0, 0x0, 0x0, 0x0,
    0xbf, 0xfc, 0x0, 0x0, 0x0, 0x0, 0xbf, 0xfc,
    0x0, 0x0, 0x0, 0x0, 0xbf, 0xfc, 0x0, 0x0,
    0x0, 0x0, 0xbf, 0xfc, 0x0, 0x0, 0x0, 0x0,
    0xbf, 0xfc, 0x0, 0x0, 0x0, 0x0, 0xbf, 0xfc,
    0x0, 0x0, 0x0, 0x0, 0xbf, 0xfc, 0x0, 0x0,
    0x0, 0x0, 0xbf, 0xfc, 0x0, 0x0, 0x0, 0x0,
    0xbf, 0xfc, 0x0, 0x0, 0x0, 0x0, 0xbf, 0xfc,
    0x0, 0x0, 0x0, 0x0, 0xbf, 0xfc, 0x0, 0x0,
    0x0, 0x0, 0xbf, 0xfc, 0x0, 0x0,

    /* U+00F0 "ð" */
    0x0, 0x0, 0x22, 0x0, 0x0, 0x0, 0x0, 0x0,
    0x0, 0x0, 0xb, 0xfa, 0x10, 0x0, 0x4, 0x50,
    0x0, 0x0, 0x1, 0xff, 0xff, 0x60, 0x4c, 0xfd,
    0x0, 0x0, 0x0, 0x1, 0xaf, 0xff, 0xef, 0xfe,
    0x60, 0x0, 0x0, 0x0, 0x0, 0x8f, 0xff, 0xf7,
    0x0, 0x0, 0x0, 0x0, 0x4, 0xcf, 0xff, 0xff,
    0xc0, 0x0, 0x0, 0x0, 0x3, 0xff, 0xe6, 0x1c,
    0xff, 0xa0, 0x0, 0x0, 0x0, 0xd, 0x60, 0x0,
    0x1d, 0xff, 0x60, 0x0, 0x0, 0x0, 0x0, 0x0,
    0x0, 0x3f, 0xfe, 0x10, 0x0, 0x0, 0x3, 0xae,
    0xfd, 0xa2, 0x8f, 0xf9, 0x0, 0x0, 0x8, 0xff,
    0xff, 0xff, 0xf6, 0xef, 0xf1, 0x0, 0x8, 0xff,
    0xff, 0xb9, 0xbf, 0xfc, 0xff, 0x70, 0x3, 0xff,
    0xfb, 0x10, 0x0, 0x2d, 0xff, 0xfc, 0x0, 0xbf,
    0xfe, 0x0, 0x0, 0x0, 0x1f, 0xff, 0xf0, 0x1f,
    0xff, 0x60, 0x0, 0x0, 0x0, 0x8f, 0xff, 0x24,
    0xff, 0xf1, 0x0, 0x0, 0x0, 0x3, 0xff, 0xf3,
    0x6f, 0xff, 0x0, 0x0, 0x0, 0x0, 0xf, 0xff,
    0x47, 0xff, 0xe0, 0x0, 0x0, 0x0, 0x0, 0xff,
    0xf3, 0x6f, 0xff, 0x0, 0x0, 0x0, 0x0, 0xf,
    0xff, 0x24, 0xff, 0xf2, 0x0, 0x0, 0x0, 0x3,
    0xff, 0xf0, 0xf, 0xff, 0x80, 0x0, 0x0, 0x0,
    0x9f, 0xfb, 0x0, 0xaf, 0xff, 0x20, 0x0, 0x0,
    0x3f, 0xff, 0x60, 0x2, 0xff, 0xfe, 0x50, 0x0,
    0x6f, 0xff, 0xc0, 0x0, 0x6, 0xff, 0xff, 0xff,
    0xff, 0xff, 0xf3, 0x0, 0x0, 0x5, 0xff, 0xff,
    0xff, 0xff, 0xe2, 0x0, 0x0, 0x0, 0x1, 0x8c,
    0xff, 0xeb, 0x60, 0x0, 0x0,

    /* U+00F1 "ñ" */
    0x0, 0x2, 0xcf, 0xd9, 0x31, 0xdf, 0x60, 0x0,
    0x0, 0xcf, 0xff, 0xff, 0xff, 0xf2, 0x0, 0x0,
    0x1f, 0xf6, 0x6b, 0xff, 0xf7, 0x0, 0x0, 0x0,
    0x33, 0x0, 0x0, 0x21, 0x0, 0x0, 0x0, 0x0,
    0x0, 0x0, 0x0, 0x0, 0x0, 0x0, 0x0, 0x0,
    0x0, 0x0, 0x0, 0x0, 0x0, 0xbf, 0xf9, 0x1,
    0x7c, 0xff, 0xd8, 0x0, 0xb, 0xff, 0x92, 0xdf,
    0xff, 0xff, 0xfd, 0x20, 0xbf, 0xf9, 0xcf, 0xfd,
    0xef, 0xff, 0xfd, 0xb, 0xff, 0xff, 0x81, 0x0,
    0x3d, 0xff, 0xf6, 0xbf, 0xff, 0x80, 0x0, 0x0,
    0x2f, 0xff, 0xab, 0xff, 0xf0, 0x0, 0x0, 0x0,
    0xbf, 0xfd, 0xbf, 0xfd, 0x0, 0x0, 0x0, 0x9,
    0xff, 0xeb, 0xff, 0xc0, 0x0, 0x0, 0x0, 0x8f,
    0xff, 0xbf, 0xfc, 0x0, 0x0, 0x0, 0x8, 0xff,
    0xfb, 0xff, 0xc0, 0x0, 0x0, 0x0, 0x8f, 0xff,
    0xbf, 0xfc, 0x0, 0x0, 0x0, 0x8, 0xff, 0xfb,
    0xff, 0xc0, 0x0, 0x0, 0x0, 0x8f, 0xff, 0xbf,
    0xfc, 0x0, 0x0, 0x0, 0x8, 0xff, 0xfb, 0xff,
    0xc0, 0x0, 0x0, 0x0, 0x8f, 0xff, 0xbf, 0xfc,
    0x0, 0x0, 0x0, 0x8, 0xff, 0xfb, 0xff, 0xc0,
    0x0, 0x0, 0x0, 0x8f, 0xff, 0xbf, 0xfc, 0x0,
    0x0, 0x0, 0x8, 0xff, 0xfb, 0xff, 0xc0, 0x0,
    0x0, 0x0, 0x8f, 0xff,

    /* U+00F2 "ò" */
    0x0, 0x0, 0x6f, 0xff, 0x10, 0x0, 0x0, 0x0,
    0x0, 0x0, 0x0, 0xbf, 0xf8, 0x0, 0x0, 0x0,
    0x0, 0x0, 0x0, 0x2, 0xff, 0xe0, 0x0, 0x0,
    0x0, 0x0, 0x0, 0x0, 0x7, 0xff, 0x60, 0x0,
    0x0, 0x0, 0x0, 0x0, 0x0, 0xa, 0xca, 0x0,
    0x0, 0x0, 0x0, 0x0, 0x0, 0x0, 0x0, 0x0,
    0x0, 0x0, 0x0, 0x0, 0x0, 0x0, 0x0, 0x0,
    0x0, 0x0, 0x0, 0x0, 0x0, 0x0, 0x6b, 0xef,
    0xfc, 0x82, 0x0, 0x0, 0x0, 0x3, 0xef, 0xff,
    0xff, 0xff, 0xf6, 0x0, 0x0, 0x4, 0xff, 0xff,
    0xff, 0xff, 0xff, 0xf8, 0x0, 0x1, 0xef, 0xff,
    0x82, 0x1, 0x5e, 0xff, 0xf4, 0x0, 0x9f, 0xff,
    0x60, 0x0, 0x0, 0x2e, 0xff, 0xe0, 0xf, 0xff,
    0xc0, 0x0, 0x0, 0x0, 0x6f, 0xff, 0x43, 0xff,
    0xf5, 0x0, 0x0, 0x0, 0x0, 0xff, 0xf8, 0x6f,
    0xff, 0x20, 0x0, 0x0, 0x0, 0xc, 0xff, 0xb7,
    0xff, 0xf0, 0x0, 0x0, 0x0, 0x0, 0xbf, 0xfc,
    0x7f, 0xff, 0x0, 0x0, 0x0, 0x0, 0xb, 0xff,
    0xc6, 0xff, 0xf2, 0x0, 0x0, 0x0, 0x0, 0xcf,
    0xfb, 0x3f, 0xff, 0x50, 0x0, 0x0, 0x0, 0xf,
    0xff, 0x90, 0xff, 0xfb, 0x0, 0x0, 0x0, 0x6,
    0xff, 0xf4, 0x9, 0xff, 0xf6, 0x0, 0x0, 0x2,
    0xef, 0xfe, 0x0, 0x1e, 0xff, 0xf8, 0x20, 0x15,
    0xef, 0xff, 0x40, 0x0, 0x4f, 0xff, 0xff, 0xff,
    0xff, 0xff, 0x80, 0x0, 0x0, 0x3e, 0xff, 0xff,
    0xff, 0xff, 0x70, 0x0, 0x0, 0x0, 0x6, 0xbe,
    0xff, 0xc8, 0x20, 0x0, 0x0,

    /* U+00F3 "ó" */
    0x0, 0x0, 0x0, 0x0, 0xc, 0xff, 0xa0, 0x0,
    0x0, 0x0, 0x0, 0x0, 0x3, 0xff, 0xe1, 0x0,
    0x0, 0x0, 0x0, 0x0, 0x0, 0xbf, 0xf5, 0x0,
    0x0, 0x0, 0x0, 0x0, 0x0, 0x2f, 0xfb, 0x0,
    0x0, 0x0, 0x0, 0x0, 0x0, 0x6, 0xcc, 0x10,
    0x0, 0x0, 0x0, 0x0, 0x0, 0x0, 0x0, 0x0,
    0x0, 0x0, 0x0, 0x0, 0x0, 0x0, 0x0, 0x0,
    0x0, 0x0, 0x0, 0x0, 0x0, 0x0, 0x6b, 0xef,
    0xfc, 0x82, 0x0, 0x0, 0x0, 0x3, 0xef, 0xff,
    0xff, 0xff, 0xf6, 0x0, 0x0, 0x4, 0xff, 0xff,
    0xff, 0xff, 0xff, 0xf8, 0x0, 0x1, 0xef, 0xff,
    0x82, 0x1, 0x5e, 0xff, 0xf4, 0x0, 0x9f, 0xff,
    0x60, 0x0, 0x0, 0x2e, 0xff, 0xe0, 0xf, 0xff,
    0xc0, 0x0, 0x0, 0x0, 0x6f, 0xff, 0x43, 0xff,
    0xf5, 0x0, 0x0, 0x0, 0x0, 0xff, 0xf8, 0x6f,
    0xff, 0x20, 0x0, 0x0, 0x0, 0xc, 0xff, 0xb7,
    0xff, 0xf0, 0x0, 0x0, 0x0, 0x0, 0xbf, 0xfc,
    0x7f, 0xff, 0x0, 0x0, 0x0, 0x0, 0xb, 0xff,
    0xc6, 0xff, 0xf2, 0x0, 0x0, 0x0, 0x0, 0xcf,
    0xfb, 0x3f, 0xff, 0x50, 0x0, 0x0, 0x0, 0xf,
    0xff, 0x90, 0xff, 0xfb, 0x0, 0x0, 0x0, 0x6,
    0xff, 0xf4, 0x9, 0xff, 0xf6, 0x0, 0x0, 0x2,
    0xef, 0xfe, 0x0, 0x1e, 0xff, 0xf8, 0x20, 0x15,
    0xef, 0xff, 0x40, 0x0, 0x4f, 0xff, 0xff, 0xff,
    0xff, 0xff, 0x80, 0x0, 0x0, 0x3e, 0xff, 0xff,
    0xff, 0xff, 0x70, 0x0, 0x0, 0x0, 0x6, 0xbe,
    0xff, 0xc8, 0x20, 0x0, 0x0,

    /* U+00F4 "ô" */
    0x0, 0x0, 0x0, 0x4f, 0xff, 0x90, 0x0, 0x0,
    0x0, 0x0, 0x0, 0x3f, 0xff, 0xff, 0x70, 0x0,
    0x0, 0x0, 0x0, 0x2e, 0xfe, 0x2b, 0xff, 0x50,
    0x0, 0x0, 0x0, 0x1e, 0xff, 0x30, 0x1d, 0xff,
    0x40, 0x0, 0x0, 0x5, 0x88, 0x40, 0x0, 0x28,
    0x86, 0x0, 0x0, 0x0, 0x0, 0x0, 0x0, 0x0,
    0x0, 0x0, 0x0, 0x0, 0x0, 0x0, 0x0, 0x0,
    0x0, 0x0, 0x0, 0x0, 0x0, 0x0, 0x6b, 0xef,
    0xfc, 0x82, 0x0, 0x0, 0x0, 0x3, 0xef, 0xff,
    0xff, 0xff, 0xf6, 0x0, 0x0, 0x4, 0xff, 0xff,
    0xff, 0xff, 0xff, 0xf8, 0x0, 0x1, 0xef, 0xff,
    0x82, 0x1, 0x5e, 0xff, 0xf4, 0x0, 0x9f, 0xff,
    0x60, 0x0, 0x0, 0x2e, 0xff, 0xe0, 0xf, 0xff,
    0xc0, 0x0, 0x0, 0x0, 0x6f, 0xff, 0x43, 0xff,
    0xf5, 0x0, 0x0, 0x0, 0x0, 0xff, 0xf8, 0x6f,
    0xff, 0x20, 0x0, 0x0, 0x0, 0xc, 0xff, 0xb7,
    0xff, 0xf0, 0x0, 0x0, 0x0, 0x0, 0xbf, 0xfc,
    0x7f, 0xff, 0x0, 0x0, 0x0, 0x0, 0xb, 0xff,
    0xc6, 0xff, 0xf2, 0x0, 0x0, 0x0, 0x0, 0xcf,
    0xfb, 0x3f, 0xff, 0x50, 0x0, 0x0, 0x0, 0xf,
    0xff, 0x90, 0xff, 0xfb, 0x0, 0x0, 0x0, 0x6,
    0xff, 0xf4, 0x9, 0xff, 0xf6, 0x0, 0x0, 0x2,
    0xef, 0xfe, 0x0, 0x1e, 0xff, 0xf8, 0x20, 0x15,
    0xef, 0xff, 0x40, 0x0, 0x4f, 0xff, 0xff, 0xff,
    0xff, 0xff, 0x80, 0x0, 0x0, 0x3e, 0xff, 0xff,
    0xff, 0xff, 0x70, 0x0, 0x0, 0x0, 0x6, 0xbe,
    0xff, 0xc8, 0x20, 0x0, 0x0,

    /* U+00F5 "õ" */
    0x0, 0x0, 0x2c, 0xfe, 0xa6, 0x4d, 0xf6, 0x0,
    0x0, 0x0, 0xc, 0xff, 0xff, 0xff, 0xff, 0x20,
    0x0, 0x0, 0x1, 0xff, 0x65, 0x9d, 0xfd, 0x50,
    0x0, 0x0, 0x0, 0x0, 0x0, 0x0, 0x0, 0x0,
    0x0, 0x0, 0x0, 0x0, 0x0, 0x0, 0x0, 0x0,
    0x0, 0x0, 0x0, 0x0, 0x0, 0x0, 0x0, 0x0,
    0x0, 0x0, 0x0, 0x0, 0x0, 0x6, 0xbe, 0xff,
    0xc8, 0x20, 0x0, 0x0, 0x0, 0x3e, 0xff, 0xff,
    0xff, 0xff, 0x60, 0x0, 0x0, 0x4f, 0xff, 0xff,
    0xff, 0xff, 0xff, 0x80, 0x0, 0x1e, 0xff, 0xf8,
    0x20, 0x15, 0xef, 0xff, 0x40, 0x9, 0xff, 0xf6,
    0x0, 0x0, 0x2, 0xef, 0xfe, 0x0, 0xff, 0xfc,
    0x0, 0x0, 0x0, 0x6, 0xff, 0xf4, 0x3f, 0xff,
    0x50, 0x0, 0x0, 0x0, 0xf, 0xff, 0x86, 0xff,
    0xf2, 0x0, 0x0, 0x0, 0x0, 0xcf, 0xfb, 0x7f,
    0xff, 0x0, 0x0, 0x0, 0x0, 0xb, 0xff, 0xc7,
    0xff, 0xf0, 0x0, 0x0, 0x0, 0x0, 0xbf, 0xfc,
    0x6f, 0xff, 0x20, 0x0, 0x0, 0x0, 0xc, 0xff,
    0xb3, 0xff, 0xf5, 0x0, 0x0, 0x0, 0x0, 0xff,
    0xf9, 0xf, 0xff, 0xb0, 0x0, 0x0, 0x0, 0x6f,
    0xff, 0x40, 0x9f, 0xff, 0x60, 0x0, 0x0, 0x2e,
    0xff, 0xe0, 0x1, 0xef, 0xff, 0x82, 0x1, 0x5e,
    0xff, 0xf4, 0x0, 0x4, 0xff, 0xff, 0xff, 0xff,
    0xff, 0xf8, 0x0, 0x0, 0x3, 0xef, 0xff, 0xff,
    0xff, 0xf7, 0x0, 0x0, 0x0, 0x0, 0x6b, 0xef,
    0xfc, 0x82, 0x0, 0x0,

    /* U+00F6 "ö" */
    0x0, 0x1, 0xcf, 0x80, 0x0, 0x4e, 0xe4, 0x0,
    0x0, 0x0, 0x9f, 0xff, 0x30, 0xe, 0xff, 0xe0,
    0x0, 0x0, 0x9, 0xff, 0xf3, 0x0, 0xef, 0xfe,
    0x0, 0x0, 0x0, 0x2d, 0xf9, 0x0, 0x5, 0xee,
    0x50, 0x0, 0x0, 0x0, 0x0, 0x0, 0x0, 0x0,
    0x0, 0x0, 0x0, 0x0, 0x0, 0x0, 0x0, 0x0,
    0x0, 0x0, 0x0, 0x0, 0x0, 0x0, 0x0, 0x0,
    0x0, 0x0, 0x0, 0x0, 0x0, 0x0, 0x6b, 0xef,
    0xfc, 0x82, 0x0, 0x0, 0x0, 0x3, 0xef, 0xff,
    0xff, 0xff, 0xf6, 0x0, 0x0, 0x4, 0xff, 0xff,
    0xff, 0xff, 0xff, 0xf8, 0x0, 0x1, 0xef, 0xff,
    0x82, 0x1, 0x5e, 0xff, 0xf4, 0x0, 0x9f, 0xff,
    0x60, 0x0, 0x0, 0x2e, 0xff, 0xe0, 0xf, 0xff,
    0xc0, 0x0, 0x0, 0x0, 0x6f, 0xff, 0x43, 0xff,
    0xf5, 0x0, 0x0, 0x0, 0x0, 0xff, 0xf8, 0x6f,
    0xff, 0x20, 0x0, 0x0, 0x0, 0xc, 0xff, 0xb7,
    0xff, 0xf0, 0x0, 0x0, 0x0, 0x0, 0xbf, 0xfc,
    0x7f, 0xff, 0x0, 0x0, 0x0, 0x0, 0xb, 0xff,
    0xc6, 0xff, 0xf2, 0x0, 0x0, 0x0, 0x0, 0xcf,
    0xfb, 0x3f, 0xff, 0x50, 0x0, 0x0, 0x0, 0xf,
    0xff, 0x90, 0xff, 0xfb, 0x0, 0x0, 0x0, 0x6,
    0xff, 0xf4, 0x9, 0xff, 0xf6, 0x0, 0x0, 0x2,
    0xef, 0xfe, 0x0, 0x1e, 0xff, 0xf8, 0x20, 0x15,
    0xef, 0xff, 0x40, 0x0, 0x4f, 0xff, 0xff, 0xff,
    0xff, 0xff, 0x80, 0x0, 0x0, 0x3e, 0xff, 0xff,
    0xff, 0xff, 0x70, 0x0, 0x0, 0x0, 0x6, 0xbe,
    0xff, 0xc8, 0x20, 0x0, 0x0,

    /* U+00F7 "÷" */
    0x0, 0x0, 0x0, 0x9f, 0xc2, 0x0, 0x0, 0x0,
    0x0, 0x0, 0x6, 0xff, 0xfb, 0x0, 0x0, 0x0,
    0x0, 0x0, 0x8, 0xff, 0xfe, 0x0, 0x0, 0x0,
    0x0, 0x0, 0x3, 0xff, 0xf8, 0x0, 0x0, 0x0,
    0x0, 0x0, 0x0, 0x39, 0x60, 0x0, 0x0, 0x0,
    0x0, 0x0, 0x0, 0x0, 0x0, 0x0, 0x0, 0x0,
    0x11, 0x11, 0x11, 0x11, 0x11, 0x11, 0x11, 0x10,
    0xdf, 0xff, 0xff, 0xff, 0xff, 0xff, 0xff, 0xf3,
    0xdf, 0xff, 0xff, 0xff, 0xff, 0xff, 0xff, 0xf3,
    0xdf, 0xff, 0xff, 0xff, 0xff, 0xff, 0xff, 0xf3,
    0x0, 0x0, 0x0, 0x0, 0x0, 0x0, 0x0, 0x0,
    0x0, 0x0, 0x0, 0x0, 0x0, 0x0, 0x0, 0x0,
    0x0, 0x0, 0x0, 0x38, 0x60, 0x0, 0x0, 0x0,
    0x0, 0x0, 0x3, 0xff, 0xf8, 0x0, 0x0, 0x0,
    0x0, 0x0, 0x8, 0xff, 0xfe, 0x0, 0x0, 0x0,
    0x0, 0x0, 0x6, 0xff, 0xfb, 0x0, 0x0, 0x0,
    0x0, 0x0, 0x0, 0x9f, 0xc2, 0x0, 0x0, 0x0,

    /* U+00F8 "ø" */
    0x0, 0x0, 0x0, 0x0, 0x0, 0x0, 0x0, 0x3,
    0x0, 0x0, 0x0, 0x6, 0xbe, 0xff, 0xc8, 0x20,
    0x7f, 0x80, 0x0, 0x3, 0xef, 0xff, 0xff, 0xff,
    0xfb, 0xff, 0x80, 0x0, 0x4f, 0xff, 0xff, 0xff,
    0xff, 0xff, 0xfb, 0x0, 0x1, 0xef, 0xff, 0x82,
    0x1, 0x5f, 0xff, 0xf5, 0x0, 0x9, 0xff, 0xf6,
    0x0, 0x0, 0xf, 0xff, 0xfe, 0x0, 0xf, 0xff,
    0xc0, 0x0, 0x0, 0xbf, 0xff, 0xff, 0x40, 0x3f,
    0xff, 0x50, 0x0, 0x9, 0xff, 0x6f, 0xff, 0x80,
    0x6f, 0xff, 0x20, 0x0, 0x6f, 0xf7, 0xc, 0xff,
    0xb0, 0x7f, 0xff, 0x0, 0x4, 0xff, 0x90, 0xb,
    0xff, 0xc0, 0x7f, 0xff, 0x0, 0x2f, 0xfb, 0x0,
    0xb, 0xff, 0xc0, 0x6f, 0xff, 0x21, 0xdf, 0xd1,
    0x0, 0xc, 0xff, 0xb0, 0x3f, 0xff, 0x6c, 0xfe,
    0x20, 0x0, 0xf, 0xff, 0x90, 0xf, 0xff, 0xff,
    0xf3, 0x0, 0x0, 0x6f, 0xff, 0x40, 0x9, 0xff,
    0xff, 0x60, 0x0, 0x2, 0xef, 0xfe, 0x0, 0x1,
    0xff, 0xff, 0x82, 0x1, 0x5e, 0xff, 0xf4, 0x0,
    0x3, 0xff, 0xff, 0xff, 0xff, 0xff, 0xff, 0x80,
    0x0, 0x2e, 0xff, 0xef, 0xff, 0xff, 0xff, 0xf7,
    0x0, 0x0, 0x6f, 0xe1, 0x6, 0xbe, 0xff, 0xc8,
    0x20, 0x0, 0x0, 0x5, 0x20, 0x0, 0x0, 0x0,
    0x0, 0x0, 0x0, 0x0,

    /* U+00F9 "ù" */
    0x0, 0x6, 0xff, 0xf1, 0x0, 0x0, 0x0, 0x0,
    0x0, 0xc, 0xff, 0x70, 0x0, 0x0, 0x0, 0x0,
    0x0, 0x2f, 0xfe, 0x0, 0x0, 0x0, 0x0, 0x0,
    0x0, 0x7f, 0xf6, 0x0, 0x0, 0x0, 0x0, 0x0,
    0x0, 0xac, 0x90, 0x0, 0x0, 0x0, 0x0, 0x0,
    0x0, 0x0, 0x0, 0x0, 0x0, 0x0, 0x0, 0x0,
    0x0, 0x0, 0x0, 0x0, 0xb, 0xff, 0xc0, 0x0,
    0x0, 0x0, 0x8f, 0xff, 0xbf, 0xfc, 0x0, 0x0,
    0x0, 0x8, 0xff, 0xfb, 0xff, 0xc0, 0x0, 0x0,
    0x0, 0x8f, 0xff, 0xbf, 0xfc, 0x0, 0x0, 0x0,
    0x8, 0xff, 0xfb, 0xff, 0xc0, 0x0, 0x0, 0x0,
    0x8f, 0xff, 0xbf, 0xfc, 0x0, 0x0, 0x0, 0x8,
    0xff, 0xfb, 0xff, 0xc0, 0x0, 0x0, 0x0, 0x8f,
    0xff, 0xbf, 0xfc, 0x0, 0x0, 0x0, 0x8, 0xff,
    0xfb, 0xff, 0xc0, 0x0, 0x0, 0x0, 0x8f, 0xff,
    0xbf, 0xfc, 0x0, 0x0, 0x0, 0x8, 0xff, 0xfb,
    0xff, 0xc0, 0x0, 0x0, 0x0, 0x8f, 0xff, 0xaf,
    0xfd, 0x0, 0x0, 0x0, 0x9, 0xff, 0xf9, 0xff,
    0xf0, 0x0, 0x0, 0x0, 0xdf, 0xff, 0x6f, 0xff,
    0x80, 0x0, 0x0, 0x6f, 0xff, 0xf2, 0xff, 0xff,
    0x82, 0x13, 0x9f, 0xef, 0xff, 0xa, 0xff, 0xff,
    0xff, 0xff, 0xe7, 0xff, 0xf0, 0xb, 0xff, 0xff,
    0xff, 0xf3, 0x5f, 0xff, 0x0, 0x6, 0xcf, 0xfd,
    0x81, 0x5, 0xff, 0xf0,

    /* U+00FA "ú" */
    0x0, 0x0, 0x0, 0x0, 0xcf, 0xfa, 0x0, 0x0,
    0x0, 0x0, 0x0, 0x4f, 0xfe, 0x10, 0x0, 0x0,
    0x0, 0x0, 0xb, 0xff, 0x50, 0x0, 0x0, 0x0,
    0x0, 0x3, 0xff, 0xa0, 0x0, 0x0, 0x0, 0x0,
    0x0, 0x7c, 0xc1, 0x0, 0x0, 0x0, 0x0, 0x0,
    0x0, 0x0, 0x0, 0x0, 0x0, 0x0, 0x0, 0x0,
    0x0, 0x0, 0x0, 0x0, 0xb, 0xff, 0xc0, 0x0,
    0x0, 0x0, 0x8f, 0xff, 0xbf, 0xfc, 0x0, 0x0,
    0x0, 0x8, 0xff, 0xfb, 0xff, 0xc0, 0x0, 0x0,
    0x0, 0x8f, 0xff, 0xbf, 0xfc, 0x0, 0x0, 0x0,
    0x8, 0xff, 0xfb, 0xff, 0xc0, 0x0, 0x0, 0x0,
    0x8f, 0xff, 0xbf, 0xfc, 0x0, 0x0, 0x0, 0x8,
    0xff, 0xfb, 0xff, 0xc0, 0x0, 0x0, 0x0, 0x8f,
    0xff, 0xbf, 0xfc, 0x0, 0x0, 0x0, 0x8, 0xff,
    0xfb, 0xff, 0xc0, 0x0, 0x0, 0x0, 0x8f, 0xff,
    0xbf, 0xfc, 0x0, 0x0, 0x0, 0x8, 0xff, 0xfb,
    0xff, 0xc0, 0x0, 0x0, 0x0, 0x8f, 0xff, 0xaf,
    0xfd, 0x0, 0x0, 0x0, 0x9, 0xff, 0xf9, 0xff,
    0xf0, 0x0, 0x0, 0x0, 0xdf, 0xff, 0x6f, 0xff,
    0x80, 0x0, 0x0, 0x6f, 0xff, 0xf2, 0xff, 0xff,
    0x82, 0x13, 0x9f, 0xef, 0xff, 0xa, 0xff, 0xff,
    0xff, 0xff, 0xe7, 0xff, 0xf0, 0xb, 0xff, 0xff,
    0xff, 0xf3, 0x5f, 0xff, 0x0, 0x6, 0xcf, 0xfd,
    0x81, 0x5, 0xff, 0xf0,

    /* U+00FB "û" */
    0x0, 0x0, 0x5, 0xff, 0xf8, 0x0, 0x0, 0x0,
    0x0, 0x4, 0xff, 0xff, 0xf6, 0x0, 0x0, 0x0,
    0x3, 0xff, 0xe2, 0xcf, 0xf5, 0x0, 0x0, 0x2,
    0xef, 0xf3, 0x1, 0xef, 0xf3, 0x0, 0x0, 0x58,
    0x84, 0x0, 0x2, 0x88, 0x60, 0x0, 0x0, 0x0,
    0x0, 0x0, 0x0, 0x0, 0x0, 0x0, 0x0, 0x0,
    0x0, 0x0, 0x0, 0x0, 0xb, 0xff, 0xc0, 0x0,
    0x0, 0x0, 0x8f, 0xff, 0xbf, 0xfc, 0x0, 0x0,
    0x0, 0x8, 0xff, 0xfb, 0xff, 0xc0, 0x0, 0x0,
    0x0, 0x8f, 0xff, 0xbf, 0xfc, 0x0, 0x0, 0x0,
    0x8, 0xff, 0xfb, 0xff, 0xc0, 0x0, 0x0, 0x0,
    0x8f, 0xff, 0xbf, 0xfc, 0x0, 0x0, 0x0, 0x8,
    0xff, 0xfb, 0xff, 0xc0, 0x0, 0x0, 0x0, 0x8f,
    0xff, 0xbf, 0xfc, 0x0, 0x0, 0x0, 0x8, 0xff,
    0xfb, 0xff, 0xc0, 0x0, 0x0, 0x0, 0x8f, 0xff,
    0xbf, 0xfc, 0x0, 0x0, 0x0, 0x8, 0xff, 0xfb,
    0xff, 0xc0, 0x0, 0x0, 0x0, 0x8f, 0xff, 0xaf,
    0xfd, 0x0, 0x0, 0x0, 0x9, 0xff, 0xf9, 0xff,
    0xf0, 0x0, 0x0, 0x0, 0xdf, 0xff, 0x6f, 0xff,
    0x80, 0x0, 0x0, 0x6f, 0xff, 0xf2, 0xff, 0xff,
    0x82, 0x13, 0x9f, 0xef, 0xff, 0xa, 0xff, 0xff,
    0xff, 0xff, 0xe7, 0xff, 0xf0, 0xb, 0xff, 0xff,
    0xff, 0xf3, 0x5f, 0xff, 0x0, 0x6, 0xcf, 0xfd,
    0x81, 0x5, 0xff, 0xf0,

    /* U+00FC "ü" */
    0x0, 0x2c, 0xf7, 0x0, 0x4, 0xee, 0x40, 0x0,
    0xa, 0xff, 0xf2, 0x0, 0xef, 0xfd, 0x0, 0x0,
    0xaf, 0xff, 0x20, 0xe, 0xff, 0xe0, 0x0, 0x2,
    0xdf, 0x80, 0x0, 0x5f, 0xe4, 0x0, 0x0, 0x0,
    0x0, 0x0, 0x0, 0x0, 0x0, 0x0, 0x0, 0x0,
    0x0, 0x0, 0x0, 0x0, 0x0, 0x0, 0x0, 0x0,
    0x0, 0x0, 0x0, 0x0, 0xb, 0xff, 0xc0, 0x0,
    0x0, 0x0, 0x8f, 0xff, 0xbf, 0xfc, 0x0, 0x0,
    0x0, 0x8, 0xff, 0xfb, 0xff, 0xc0, 0x0, 0x0,
    0x0, 0x8f, 0xff, 0xbf, 0xfc, 0x0, 0x0, 0x0,
    0x8, 0xff, 0xfb, 0xff, 0xc0, 0x0, 0x0, 0x0,
    0x8f, 0xff, 0xbf, 0xfc, 0x0, 0x0, 0x0, 0x8,
    0xff, 0xfb, 0xff, 0xc0, 0x0, 0x0, 0x0, 0x8f,
    0xff, 0xbf, 0xfc, 0x0, 0x0, 0x0, 0x8, 0xff,
    0xfb, 0xff, 0xc0, 0x0, 0x0, 0x0, 0x8f, 0xff,
    0xbf, 0xfc, 0x0, 0x0, 0x0, 0x8, 0xff, 0xfb,
    0xff, 0xc0, 0x0, 0x0, 0x0, 0x8f, 0xff, 0xaf,
    0xfd, 0x0, 0x0, 0x0, 0x9, 0xff, 0xf9, 0xff,
    0xf0, 0x0, 0x0, 0x0, 0xdf, 0xff, 0x6f, 0xff,
    0x80, 0x0, 0x0, 0x6f, 0xff, 0xf2, 0xff, 0xff,
    0x82, 0x13, 0x9f, 0xef, 0xff, 0xa, 0xff, 0xff,
    0xff, 0xff, 0xe7, 0xff, 0xf0, 0xb, 0xff, 0xff,
    0xff, 0xf3, 0x5f, 0xff, 0x0, 0x6, 0xcf, 0xfd,
    0x81, 0x5, 0xff, 0xf0,

    /* U+00FD "ý" */
    0x0, 0x0, 0x0, 0x0, 0x1, 0xcc, 0xc3, 0x0,
    0x0, 0x0, 0x0, 0x0, 0x0, 0x9, 0xff, 0xb0,
    0x0, 0x0, 0x0, 0x0, 0x0, 0x0, 0x1f, 0xff,
    0x20, 0x0, 0x0, 0x0, 0x0, 0x0, 0x0, 0x7f,
    0xf6, 0x0, 0x0, 0x0, 0x0, 0x0, 0x0, 0x0,
    0xef, 0xc0, 0x0, 0x0, 0x0, 0x0, 0x0, 0x0,
    0x0, 0x0, 0x0, 0x0, 0x0, 0x0, 0x0, 0x0,
    0x0, 0x0, 0x0, 0x0, 0x0, 0x0, 0x0, 0x1f,
    0xff, 0x90, 0x0, 0x0, 0x0, 0x2, 0xff, 0xf8,
    0xb, 0xff, 0xe0, 0x0, 0x0, 0x0, 0x8, 0xff,
    0xf2, 0x5, 0xff, 0xf4, 0x0, 0x0, 0x0, 0xd,
    0xff, 0xc0, 0x0, 0xff, 0xf9, 0x0, 0x0, 0x0,
    0x3f, 0xff, 0x60, 0x0, 0xaf, 0xfe, 0x0, 0x0,
    0x0, 0x8f, 0xff, 0x0, 0x0, 0x4f, 0xff, 0x40,
    0x0, 0x0, 0xef, 0xfa, 0x0, 0x0, 0xe, 0xff,
    0x90, 0x0, 0x3, 0xff, 0xf4, 0x0, 0x0, 0x8,
    0xff, 0xe0, 0x0, 0x9, 0xff, 0xe0, 0x0, 0x0,
    0x2, 0xff, 0xf4, 0x0, 0xe, 0xff, 0x80, 0x0,
    0x0, 0x0, 0xdf, 0xfa, 0x0, 0x4f, 0xff, 0x20,
    0x0, 0x0, 0x0, 0x7f, 0xfe, 0x0, 0x9f, 0xfd,
    0x0, 0x0, 0x0, 0x0, 0x1f, 0xff, 0x30, 0xef,
    0xf7, 0x0, 0x0, 0x0, 0x0, 0xb, 0xff, 0x83,
    0xff, 0xf1, 0x0, 0x0, 0x0, 0x0, 0x5, 0xff,
    0xc7, 0xff, 0xb0, 0x0, 0x0, 0x0, 0x0, 0x0,
    0xff, 0xfc, 0xff, 0x50, 0x0, 0x0, 0x0, 0x0,
    0x0, 0x9f, 0xff, 0xff, 0x0, 0x0, 0x0, 0x0,
    0x0, 0x0, 0x4f, 0xff, 0xf9, 0x0, 0x0, 0x0,
    0x0, 0x0, 0x0, 0xe, 0xff, 0xf3, 0x0, 0x0,
    0x0, 0x0, 0x0, 0x0, 0xb, 0xff, 0xd0, 0x0,
    0x0, 0x0, 0x0, 0x0, 0x0, 0xf, 0xff, 0x80,
    0x0, 0x0, 0x0, 0x0, 0x0, 0x0, 0x6f, 0xff,
    0x20, 0x0, 0x0, 0x0, 0x0, 0x2, 0x14, 0xef,
    0xfb, 0x0, 0x0, 0x0, 0x0, 0x0, 0x4f, 0xff,
    0xff, 0xf2, 0x0, 0x0, 0x0, 0x0, 0x0, 0x9f,
    0xff, 0xff, 0x50, 0x0, 0x0, 0x0, 0x0, 0x0,
    0xae, 0xfe, 0xa3, 0x0, 0x0, 0x0, 0x0, 0x0,

    /* U+00FE "þ" */
    0xbf, 0xfc, 0x0, 0x0, 0x0, 0x0, 0x0, 0x0,
    0xb, 0xff, 0xc0, 0x0, 0x0, 0x0, 0x0, 0x0,
    0x0, 0xbf, 0xfc, 0x0, 0x0, 0x0, 0x0, 0x0,
    0x0, 0xb, 0xff, 0xc0, 0x0, 0x0, 0x0, 0x0,
    0x0, 0x0, 0xbf, 0xfc, 0x0, 0x0, 0x0, 0x0,
    0x0, 0x0, 0xb, 0xff, 0xc0, 0x0, 0x0, 0x0,
    0x0, 0x0, 0x0, 0xbf, 0xfc, 0x0, 0x7d, 0xff,
    0xd8, 0x10, 0x0, 0xb, 0xff, 0xc1, 0xcf, 0xff,
    0xff, 0xff, 0x40, 0x0, 0xbf, 0xfc, 0xaf, 0xff,
    0xff, 0xff, 0xff, 0x40, 0xb, 0xff, 0xff, 0xd5,
    0x0, 0x2a, 0xff, 0xfe, 0x0, 0xbf, 0xff, 0xe1,
    0x0, 0x0, 0x9, 0xff, 0xf7, 0xb, 0xff, 0xf5,
    0x0, 0x0, 0x0, 0xe, 0xff, 0xc0, 0xbf, 0xff,
    0x0, 0x0, 0x0, 0x0, 0x9f, 0xff, 0xb, 0xff,
    0xc0, 0x0, 0x0, 0x0, 0x5, 0xff, 0xf2, 0xbf,
    0xfb, 0x0, 0x0, 0x0, 0x0, 0x4f, 0xff, 0x3b,
    0xff, 0xb0, 0x0, 0x0, 0x0, 0x4, 0xff, 0xf3,
    0xbf, 0xfc, 0x0, 0x0, 0x0, 0x0, 0x5f, 0xff,
    0x2b, 0xff, 0xf0, 0x0, 0x0, 0x0, 0x9, 0xff,
    0xf0, 0xbf, 0xff, 0x60, 0x0, 0x0, 0x0, 0xef,
    0xfc, 0xb, 0xff, 0xfe, 0x10, 0x0, 0x0, 0x9f,
    0xff, 0x70, 0xbf, 0xff, 0xfd, 0x50, 0x2, 0xaf,
    0xff, 0xe0, 0xb, 0xff, 0xca, 0xff, 0xff, 0xff,
    0xff, 0xf4, 0x0, 0xbf, 0xfc, 0x1c, 0xff, 0xff,
    0xff, 0xf4, 0x0, 0xb, 0xff, 0xc0, 0x7, 0xdf,
    0xfd, 0x81, 0x0, 0x0, 0xbf, 0xfc, 0x0, 0x0,
    0x0, 0x0, 0x0, 0x0, 0xb, 0xff, 0xc0, 0x0,
    0x0, 0x0, 0x0, 0x0, 0x0, 0xbf, 0xfc, 0x0,
    0x0, 0x0, 0x0, 0x0, 0x0, 0xb, 0xff, 0xc0,
    0x0, 0x0, 0x0, 0x0, 0x0, 0x0, 0xbf, 0xfc,
    0x0, 0x0, 0x0, 0x0, 0x0, 0x0, 0xb, 0xff,
    0xc0, 0x0, 0x0, 0x0, 0x0, 0x0, 0x0, 0xbf,
    0xfc, 0x0, 0x0, 0x0, 0x0, 0x0, 0x0, 0x0,

    /* U+00FF "ÿ" */
    0x0, 0x0, 0x0, 0x0, 0x0, 0x0, 0x0, 0x0,
    0x0, 0x0, 0x0, 0x6f, 0xe3, 0x0, 0xa, 0xfc,
    0x10, 0x0, 0x0, 0x0, 0xff, 0xfc, 0x0, 0x5f,
    0xff, 0x70, 0x0, 0x0, 0x0, 0xff, 0xfc, 0x0,
    0x5f, 0xff, 0x70, 0x0, 0x0, 0x0, 0x6e, 0xd3,
    0x0, 0xa, 0xfb, 0x0, 0x0, 0x0, 0x0, 0x0,
    0x0, 0x0, 0x0, 0x0, 0x0, 0x0, 0x0, 0x0,
    0x0, 0x0, 0x0, 0x0, 0x0, 0x0, 0x0, 0x1f,
    0xff, 0x90, 0x0, 0x0, 0x0, 0x2, 0xff, 0xf8,
    0xb, 0xff, 0xe0, 0x0, 0x0, 0x0, 0x8, 0xff,
    0xf2, 0x5, 0xff, 0xf4, 0x0, 0x0, 0x0, 0xd,
    0xff, 0xc0, 0x0, 0xff, 0xf9, 0x0, 0x0, 0x0,
    0x3f, 0xff, 0x60, 0x0, 0xaf, 0xfe, 0x0, 0x0,
    0x0, 0x8f, 0xff, 0x0, 0x0, 0x4f, 0xff, 0x40,
    0x0, 0x0, 0xef, 0xfa, 0x0, 0x0, 0xe, 0xff,
    0x90, 0x0, 0x3, 0xff, 0xf4, 0x0, 0x0, 0x8,
    0xff, 0xe0, 0x0, 0x9, 0xff, 0xe0, 0x0, 0x0,
    0x2, 0xff, 0xf4, 0x0, 0xe, 0xff, 0x80, 0x0,
    0x0, 0x0, 0xdf, 0xfa, 0x0, 0x4f, 0xff, 0x20,
    0x0, 0x0, 0x0, 0x7f, 0xfe, 0x0, 0x9f, 0xfd,
    0x0, 0x0, 0x0, 0x0, 0x1f, 0xff, 0x30, 0xef,
    0xf7, 0x0, 0x0, 0x0, 0x0, 0xb, 0xff, 0x83,
    0xff, 0xf1, 0x0, 0x0, 0x0, 0x0, 0x5, 0xff,
    0xc7, 0xff, 0xb0, 0x0, 0x0, 0x0, 0x0, 0x0,
    0xff, 0xfc, 0xff, 0x50, 0x0, 0x0, 0x0, 0x0,
    0x0, 0x9f, 0xff, 0xff, 0x0, 0x0, 0x0, 0x0,
    0x0, 0x0, 0x4f, 0xff, 0xf9, 0x0, 0x0, 0x0,
    0x0, 0x0, 0x0, 0xe, 0xff, 0xf3, 0x0, 0x0,
    0x0, 0x0, 0x0, 0x0, 0xb, 0xff, 0xd0, 0x0,
    0x0, 0x0, 0x0, 0x0, 0x0, 0xf, 0xff, 0x80,
    0x0, 0x0, 0x0, 0x0, 0x0, 0x0, 0x6f, 0xff,
    0x20, 0x0, 0x0, 0x0, 0x0, 0x2, 0x14, 0xef,
    0xfb, 0x0, 0x0, 0x0, 0x0, 0x0, 0x4f, 0xff,
    0xff, 0xf2, 0x0, 0x0, 0x0, 0x0, 0x0, 0x9f,
    0xff, 0xff, 0x50, 0x0, 0x0, 0x0, 0x0, 0x0,
    0xae, 0xfe, 0xa3, 0x0, 0x0, 0x0, 0x0, 0x0
};


/*---------------------
 *  GLYPH DESCRIPTION
 *--------------------*/

static const lv_font_fmt_txt_glyph_dsc_t glyph_dsc[] = {
    {.bitmap_index = 0, .adv_w = 0, .box_w = 0, .box_h = 0, .ofs_x = 0, .ofs_y = 0} /* id = 0 reserved */,
    {.bitmap_index = 0, .adv_w = 137, .box_w = 0, .box_h = 0, .ofs_x = 0, .ofs_y = 0},
    {.bitmap_index = 0, .adv_w = 156, .box_w = 6, .box_h = 24, .ofs_x = 2, .ofs_y = 0},
    {.bitmap_index = 72, .adv_w = 253, .box_w = 10, .box_h = 10, .ofs_x = 3, .ofs_y = 14},
    {.bitmap_index = 122, .adv_w = 327, .box_w = 20, .box_h = 24, .ofs_x = 0, .ofs_y = 0},
    {.bitmap_index = 362, .adv_w = 331, .box_w = 19, .box_h = 31, .ofs_x = 1, .ofs_y = -3},
    {.bitmap_index = 657, .adv_w = 509, .box_w = 26, .box_h = 24, .ofs_x = 3, .ofs_y = 0},
    {.bitmap_index = 969, .adv_w = 335, .box_w = 20, .box_h = 24, .ofs_x = 1, .ofs_y = 0},
    {.bitmap_index = 1209, .adv_w = 160, .box_w = 4, .box_h = 10, .ofs_x = 3, .ofs_y = 14},
    {.bitmap_index = 1229, .adv_w = 189, .box_w = 8, .box_h = 30, .ofs_x = 3, .ofs_y = -4},
    {.bitmap_index = 1349, .adv_w = 189, .box_w = 8, .box_h = 30, .ofs_x = 1, .ofs_y = -4},
    {.bitmap_index = 1469, .adv_w = 267, .box_w = 13, .box_h = 14, .ofs_x = 2, .ofs_y = 10},
    {.bitmap_index = 1560, .adv_w = 342, .box_w = 17, .box_h = 16, .ofs_x = 2, .ofs_y = 2},
    {.bitmap_index = 1696, .adv_w = 155, .box_w = 7, .box_h = 10, .ofs_x = 1, .ofs_y = -6},
    {.bitmap_index = 1731, .adv_w = 237, .box_w = 11, .box_h = 4, .ofs_x = 2, .ofs_y = 8},
    {.bitmap_index = 1753, .adv_w = 155, .box_w = 6, .box_h = 5, .ofs_x = 2, .ofs_y = 0},
    {.bitmap_index = 1768, .adv_w = 189, .box_w = 12, .box_h = 29, .ofs_x = 0, .ofs_y = -4},
    {.bitmap_index = 1942, .adv_w = 331, .box_w = 18, .box_h = 24, .ofs_x = 1, .ofs_y = 0},
    {.bitmap_index = 2158, .adv_w = 213, .box_w = 10, .box_h = 24, .ofs_x = 1, .ofs_y = 0},
    {.bitmap_index = 2278, .adv_w = 316, .box_w = 16, .box_h = 24, .ofs_x = 2, .ofs_y = 0},
    {.bitmap_index = 2470, .adv_w = 321, .box_w = 18, .box_h = 24, .ofs_x = 1, .ofs_y = 0},
    {.bitmap_index = 2686, .adv_w = 336, .box_w = 19, .box_h = 24, .ofs_x = 1, .ofs_y = 0},
    {.bitmap_index = 2914, .adv_w = 309, .box_w = 17, .box_h = 24, .ofs_x = 1, .ofs_y = 0},
    {.bitmap_index = 3118, .adv_w = 323, .box_w = 18, .box_h = 24, .ofs_x = 1, .ofs_y = 0},
    {.bitmap_index = 3334, .adv_w = 293, .box_w = 16, .box_h = 24, .ofs_x = 1, .ofs_y = 0},
    {.bitmap_index = 3526, .adv_w = 322, .box_w = 18, .box_h = 24, .ofs_x = 1, .ofs_y = 0},
    {.bitmap_index = 3742, .adv_w = 323, .box_w = 18, .box_h = 24, .ofs_x = 1, .ofs_y = 0},
    {.bitmap_index = 3958, .adv_w = 155, .box_w = 6, .box_h = 17, .ofs_x = 2, .ofs_y = 0},
    {.bitmap_index = 4009, .adv_w = 162, .box_w = 7, .box_h = 23, .ofs_x = 1, .ofs_y = -6},
    {.bitmap_index = 4090, .adv_w = 342, .box_w = 16, .box_h = 19, .ofs_x = 2, .ofs_y = 0},
    {.bitmap_index = 4242, .adv_w = 342, .box_w = 15, .box_h = 11, .ofs_x = 3, .ofs_y = 4},
    {.bitmap_index = 4325, .adv_w = 342, .box_w = 16, .box_h = 19, .ofs_x = 3, .ofs_y = 0},
    {.bitmap_index = 4477, .adv_w = 270, .box_w = 15, .box_h = 24, .ofs_x = 1, .ofs_y = 0},
    {.bitmap_index = 4657, .adv_w = 503, .box_w = 29, .box_h = 30, .ofs_x = 1, .ofs_y = -7},
    {.bitmap_index = 5092, .adv_w = 363, .box_w = 22, .box_h = 24, .ofs_x = 0, .ofs_y = 0},
    {.bitmap_index = 5356, .adv_w = 336, .box_w = 18, .box_h = 24, .ofs_x = 2, .ofs_y = 0},
    {.bitmap_index = 5572, .adv_w = 376, .box_w = 21, .box_h = 24, .ofs_x = 1, .ofs_y = 0},
    {.bitmap_index = 5824, .adv_w = 370, .box_w = 20, .box_h = 24, .ofs_x = 2, .ofs_y = 0},
    {.bitmap_index = 6064, .adv_w = 309, .box_w = 16, .box_h = 24, .ofs_x = 2, .ofs_y = 0},
    {.bitmap_index = 6256, .adv_w = 302, .box_w = 16, .box_h = 24, .ofs_x = 2, .ofs_y = 0},
    {.bitmap_index = 6448, .adv_w = 383, .box_w = 22, .box_h = 24, .ofs_x = 1, .ofs_y = 0},
    {.bitmap_index = 6712, .adv_w = 381, .box_w = 20, .box_h = 24, .ofs_x = 2, .ofs_y = 0},
    {.bitmap_index = 6952, .adv_w = 140, .box_w = 5, .box_h = 24, .ofs_x = 2, .ofs_y = 0},
    {.bitmap_index = 7012, .adv_w = 295, .box_w = 15, .box_h = 24, .ofs_x = 1, .ofs_y = 0},
    {.bitmap_index = 7192, .adv_w = 352, .box_w = 20, .box_h = 24, .ofs_x = 2, .ofs_y = 0},
    {.bitmap_index = 7432, .adv_w = 290, .box_w = 15, .box_h = 24, .ofs_x = 2, .ofs_y = 0},
    {.bitmap_index = 7612, .adv_w = 467, .box_w = 25, .box_h = 24, .ofs_x = 2, .ofs_y = 0},
    {.bitmap_index = 7912, .adv_w = 387, .box_w = 20, .box_h = 24, .ofs_x = 2, .ofs_y = 0},
    {.bitmap_index = 8152, .adv_w = 393, .box_w = 22, .box_h = 24, .ofs_x = 1, .ofs_y = 0},
    {.bitmap_index = 8416, .adv_w = 329, .box_w = 17, .box_h = 24, .ofs_x = 2, .ofs_y = 0},
    {.bitmap_index = 8620, .adv_w = 394, .box_w = 22, .box_h = 26, .ofs_x = 1, .ofs_y = -2},
    {.bitmap_index = 8906, .adv_w = 332, .box_w = 18, .box_h = 24, .ofs_x = 2, .ofs_y = 0},
    {.bitmap_index = 9122, .adv_w = 331, .box_w = 19, .box_h = 24, .ofs_x = 1, .ofs_y = 0},
    {.bitmap_index = 9350, .adv_w = 334, .box_w = 19, .box_h = 24, .ofs_x = 1, .ofs_y = 0},
    {.bitmap_index = 9578, .adv_w = 379, .box_w = 20, .box_h = 24, .ofs_x = 2, .ofs_y = 0},
    {.bitmap_index = 9818, .adv_w = 363, .box_w = 22, .box_h = 24, .ofs_x = 0, .ofs_y = 0},
    {.bitmap_index = 10082, .adv_w = 514, .box_w = 32, .box_h = 24, .ofs_x = 0, .ofs_y = 0},
    {.bitmap_index = 10466, .adv_w = 359, .box_w = 22, .box_h = 24, .ofs_x = 0, .ofs_y = 0},
    {.bitmap_index = 10730, .adv_w = 357, .box_w = 22, .box_h = 24, .ofs_x = 0, .ofs_y = 0},
    {.bitmap_index = 10994, .adv_w = 328, .box_w = 18, .box_h = 24, .ofs_x = 1, .ofs_y = 0},
    {.bitmap_index = 11210, .adv_w = 189, .box_w = 7, .box_h = 30, .ofs_x = 3, .ofs_y = -4},
    {.bitmap_index = 11315, .adv_w = 189, .box_w = 12, .box_h = 29, .ofs_x = 0, .ofs_y = -4},
    {.bitmap_index = 11489, .adv_w = 189, .box_w = 8, .box_h = 30, .ofs_x = 1, .ofs_y = -4},
    {.bitmap_index = 11609, .adv_w = 244, .box_w = 14, .box_h = 10, .ofs_x = 1, .ofs_y = 13},
    {.bitmap_index = 11679, .adv_w = 237, .box_w = 15, .box_h = 3, .ofs_x = 0, .ofs_y = -3},
    {.bitmap_index = 11702, .adv_w = 173, .box_w = 7, .box_h = 5, .ofs_x = 2, .ofs_y = 20},
    {.bitmap_index = 11720, .adv_w = 291, .box_w = 15, .box_h = 18, .ofs_x = 1, .ofs_y = 0},
    {.bitmap_index = 11855, .adv_w = 317, .box_w = 17, .box_h = 24, .ofs_x = 2, .ofs_y = 0},
    {.bitmap_index = 12059, .adv_w = 296, .box_w = 17, .box_h = 18, .ofs_x = 1, .ofs_y = 0},
    {.bitmap_index = 12212, .adv_w = 317, .box_w = 17, .box_h = 24, .ofs_x = 1, .ofs_y = 0},
    {.bitmap_index = 12416, .adv_w = 301, .box_w = 17, .box_h = 18, .ofs_x = 1, .ofs_y = 0},
    {.bitmap_index = 12569, .adv_w = 194, .box_w = 12, .box_h = 25, .ofs_x = 0, .ofs_y = 0},
    {.bitmap_index = 12719, .adv_w = 317, .box_w = 17, .box_h = 25, .ofs_x = 1, .ofs_y = -7},
    {.bitmap_index = 12932, .adv_w = 308, .box_w = 15, .box_h = 24, .ofs_x = 2, .ofs_y = 0},
    {.bitmap_index = 13112, .adv_w = 129, .box_w = 6, .box_h = 25, .ofs_x = 1, .ofs_y = 0},
    {.bitmap_index = 13187, .adv_w = 129, .box_w = 8, .box_h = 32, .ofs_x = -1, .ofs_y = -7},
    {.bitmap_index = 13315, .adv_w = 286, .box_w = 16, .box_h = 24, .ofs_x = 2, .ofs_y = 0},
    {.bitmap_index = 13507, .adv_w = 129, .box_w = 4, .box_h = 24, .ofs_x = 2, .ofs_y = 0},
    {.bitmap_index = 13555, .adv_w = 455, .box_w = 25, .box_h = 18, .ofs_x = 2, .ofs_y = 0},
    {.bitmap_index = 13780, .adv_w = 308, .box_w = 15, .box_h = 18, .ofs_x = 2, .ofs_y = 0},
    {.bitmap_index = 13915, .adv_w = 309, .box_w = 17, .box_h = 18, .ofs_x = 1, .ofs_y = 0},
    {.bitmap_index = 14068, .adv_w = 317, .box_w = 17, .box_h = 25, .ofs_x = 2, .ofs_y = -7},
    {.bitmap_index = 14281, .adv_w = 317, .box_w = 17, .box_h = 25, .ofs_x = 1, .ofs_y = -7},
    {.bitmap_index = 14494, .adv_w = 198, .box_w = 10, .box_h = 18, .ofs_x = 2, .ofs_y = 0},
    {.bitmap_index = 14584, .adv_w = 276, .box_w = 15, .box_h = 18, .ofs_x = 1, .ofs_y = 0},
    {.bitmap_index = 14719, .adv_w = 174, .box_w = 11, .box_h = 22, .ofs_x = 0, .ofs_y = 0},
    {.bitmap_index = 14840, .adv_w = 308, .box_w = 15, .box_h = 18, .ofs_x = 2, .ofs_y = 0},
    {.bitmap_index = 14975, .adv_w = 294, .box_w = 18, .box_h = 18, .ofs_x = 0, .ofs_y = 0},
    {.bitmap_index = 15137, .adv_w = 425, .box_w = 26, .box_h = 18, .ofs_x = 0, .ofs_y = 0},
    {.bitmap_index = 15371, .adv_w = 285, .box_w = 17, .box_h = 18, .ofs_x = 0, .ofs_y = 0},
    {.bitmap_index = 15524, .adv_w = 295, .box_w = 18, .box_h = 25, .ofs_x = 0, .ofs_y = -7},
    {.bitmap_index = 15749, .adv_w = 286, .box_w = 15, .box_h = 18, .ofs_x = 1, .ofs_y = 0},
    {.bitmap_index = 15884, .adv_w = 226, .box_w = 11, .box_h = 30, .ofs_x = 2, .ofs_y = -4},
    {.bitmap_index = 16049, .adv_w = 177, .box_w = 5, .box_h = 39, .ofs_x = 3, .ofs_y = -8},
    {.bitmap_index = 16147, .adv_w = 226, .box_w = 11, .box_h = 30, .ofs_x = 1, .ofs_y = -4},
    {.bitmap_index = 16312, .adv_w = 342, .box_w = 17, .box_h = 7, .ofs_x = 2, .ofs_y = 6},
    {.bitmap_index = 16372, .adv_w = 137, .box_w = 0, .box_h = 0, .ofs_x = 0, .ofs_y = 0},
    {.bitmap_index = 16372, .adv_w = 156, .box_w = 6, .box_h = 24, .ofs_x = 2, .ofs_y = -6},
    {.bitmap_index = 16444, .adv_w = 296, .box_w = 17, .box_h = 24, .ofs_x = 1, .ofs_y = 0},
    {.bitmap_index = 16648, .adv_w = 318, .box_w = 18, .box_h = 24, .ofs_x = 1, .ofs_y = 0},
    {.bitmap_index = 16864, .adv_w = 377, .box_w = 21, .box_h = 21, .ofs_x = 1, .ofs_y = 0},
    {.bitmap_index = 17085, .adv_w = 285, .box_w = 18, .box_h = 24, .ofs_x = 0, .ofs_y = 0},
    {.bitmap_index = 17301, .adv_w = 150, .box_w = 4, .box_h = 28, .ofs_x = 3, .ofs_y = -4},
    {.bitmap_index = 17357, .adv_w = 291, .box_w = 16, .box_h = 29, .ofs_x = 1, .ofs_y = -5},
    {.bitmap_index = 17589, .adv_w = 308, .box_w = 11, .box_h = 5, .ofs_x = 4, .ofs_y = 21},
    {.bitmap_index = 17617, .adv_w = 468, .box_w = 25, .box_h = 25, .ofs_x = 2, .ofs_y = 0},
    {.bitmap_index = 17930, .adv_w = 234, .box_w = 13, .box_h = 14, .ofs_x = 0, .ofs_y = 10},
    {.bitmap_index = 18021, .adv_w = 312, .box_w = 18, .box_h = 15, .ofs_x = 1, .ofs_y = 3},
    {.bitmap_index = 18156, .adv_w = 342, .box_w = 14, .box_h = 7, .ofs_x = 3, .ofs_y = 5},
    {.bitmap_index = 18205, .adv_w = 340, .box_w = 19, .box_h = 19, .ofs_x = 1, .ofs_y = 6},
    {.bitmap_index = 18386, .adv_w = 238, .box_w = 9, .box_h = 3, .ofs_x = 3, .ofs_y = 21},
    {.bitmap_index = 18400, .adv_w = 234, .box_w = 12, .box_h = 11, .ofs_x = 1, .ofs_y = 13},
    {.bitmap_index = 18466, .adv_w = 342, .box_w = 16, .box_h = 17, .ofs_x = 3, .ofs_y = 1},
    {.bitmap_index = 18602, .adv_w = 229, .box_w = 12, .box_h = 13, .ofs_x = 1, .ofs_y = 14},
    {.bitmap_index = 18680, .adv_w = 233, .box_w = 13, .box_h = 13, .ofs_x = 1, .ofs_y = 14},
    {.bitmap_index = 18765, .adv_w = 173, .box_w = 7, .box_h = 5, .ofs_x = 2, .ofs_y = 20},
    {.bitmap_index = 18783, .adv_w = 307, .box_w = 18, .box_h = 25, .ofs_x = 2, .ofs_y = -7},
    {.bitmap_index = 19008, .adv_w = 308, .box_w = 16, .box_h = 24, .ofs_x = 1, .ofs_y = 0},
    {.bitmap_index = 19200, .adv_w = 155, .box_w = 6, .box_h = 5, .ofs_x = 2, .ofs_y = 9},
    {.bitmap_index = 19215, .adv_w = 154, .box_w = 7, .box_h = 8, .ofs_x = 2, .ofs_y = -7},
    {.bitmap_index = 19243, .adv_w = 161, .box_w = 8, .box_h = 13, .ofs_x = 1, .ofs_y = 14},
    {.bitmap_index = 19295, .adv_w = 248, .box_w = 14, .box_h = 14, .ofs_x = 1, .ofs_y = 10},
    {.bitmap_index = 19393, .adv_w = 312, .box_w = 17, .box_h = 15, .ofs_x = 1, .ofs_y = 3},
    {.bitmap_index = 19521, .adv_w = 418, .box_w = 24, .box_h = 24, .ofs_x = 1, .ofs_y = 0},
    {.bitmap_index = 19809, .adv_w = 440, .box_w = 26, .box_h = 24, .ofs_x = 1, .ofs_y = 0},
    {.bitmap_index = 20121, .adv_w = 458, .box_w = 27, .box_h = 24, .ofs_x = 1, .ofs_y = 0},
    {.bitmap_index = 20445, .adv_w = 270, .box_w = 15, .box_h = 25, .ofs_x = 1, .ofs_y = -7},
    {.bitmap_index = 20633, .adv_w = 363, .box_w = 22, .box_h = 31, .ofs_x = 0, .ofs_y = 0},
    {.bitmap_index = 20974, .adv_w = 363, .box_w = 22, .box_h = 31, .ofs_x = 0, .ofs_y = 0},
    {.bitmap_index = 21315, .adv_w = 363, .box_w = 22, .box_h = 31, .ofs_x = 0, .ofs_y = 0},
    {.bitmap_index = 21656, .adv_w = 363, .box_w = 22, .box_h = 31, .ofs_x = 0, .ofs_y = 0},
    {.bitmap_index = 21997, .adv_w = 363, .box_w = 22, .box_h = 31, .ofs_x = 0, .ofs_y = 0},
    {.bitmap_index = 22338, .adv_w = 363, .box_w = 22, .box_h = 33, .ofs_x = 0, .ofs_y = 0},
    {.bitmap_index = 22701, .adv_w = 514, .box_w = 31, .box_h = 24, .ofs_x = 0, .ofs_y = 0},
    {.bitmap_index = 23073, .adv_w = 376, .box_w = 21, .box_h = 31, .ofs_x = 1, .ofs_y = -7},
    {.bitmap_index = 23399, .adv_w = 309, .box_w = 16, .box_h = 31, .ofs_x = 2, .ofs_y = 0},
    {.bitmap_index = 23647, .adv_w = 309, .box_w = 16, .box_h = 31, .ofs_x = 2, .ofs_y = 0},
    {.bitmap_index = 23895, .adv_w = 309, .box_w = 16, .box_h = 31, .ofs_x = 2, .ofs_y = 0},
    {.bitmap_index = 24143, .adv_w = 309, .box_w = 16, .box_h = 31, .ofs_x = 2, .ofs_y = 0},
    {.bitmap_index = 24391, .adv_w = 140, .box_w = 7, .box_h = 31, .ofs_x = 0, .ofs_y = 0},
    {.bitmap_index = 24500, .adv_w = 140, .box_w = 7, .box_h = 31, .ofs_x = 2, .ofs_y = 0},
    {.bitmap_index = 24609, .adv_w = 140, .box_w = 12, .box_h = 31, .ofs_x = -2, .ofs_y = 0},
    {.bitmap_index = 24795, .adv_w = 140, .box_w = 11, .box_h = 31, .ofs_x = -1, .ofs_y = 0},
    {.bitmap_index = 24966, .adv_w = 381, .box_w = 23, .box_h = 24, .ofs_x = 0, .ofs_y = 0},
    {.bitmap_index = 25242, .adv_w = 387, .box_w = 20, .box_h = 31, .ofs_x = 2, .ofs_y = 0},
    {.bitmap_index = 25552, .adv_w = 393, .box_w = 22, .box_h = 31, .ofs_x = 1, .ofs_y = 0},
    {.bitmap_index = 25893, .adv_w = 393, .box_w = 22, .box_h = 31, .ofs_x = 1, .ofs_y = 0},
    {.bitmap_index = 26234, .adv_w = 393, .box_w = 22, .box_h = 31, .ofs_x = 1, .ofs_y = 0},
    {.bitmap_index = 26575, .adv_w = 393, .box_w = 22, .box_h = 31, .ofs_x = 1, .ofs_y = 0},
    {.bitmap_index = 26916, .adv_w = 393, .box_w = 22, .box_h = 31, .ofs_x = 1, .ofs_y = 0},
    {.bitmap_index = 27257, .adv_w = 342, .box_w = 16, .box_h = 17, .ofs_x = 3, .ofs_y = 1},
    {.bitmap_index = 27393, .adv_w = 393, .box_w = 22, .box_h = 26, .ofs_x = 1, .ofs_y = -1},
    {.bitmap_index = 27679, .adv_w = 379, .box_w = 20, .box_h = 31, .ofs_x = 2, .ofs_y = 0},
    {.bitmap_index = 27989, .adv_w = 379, .box_w = 20, .box_h = 31, .ofs_x = 2, .ofs_y = 0},
    {.bitmap_index = 28299, .adv_w = 379, .box_w = 20, .box_h = 31, .ofs_x = 2, .ofs_y = 0},
    {.bitmap_index = 28609, .adv_w = 379, .box_w = 20, .box_h = 31, .ofs_x = 2, .ofs_y = 0},
    {.bitmap_index = 28919, .adv_w = 357, .box_w = 22, .box_h = 31, .ofs_x = 0, .ofs_y = 0},
    {.bitmap_index = 29260, .adv_w = 331, .box_w = 17, .box_h = 24, .ofs_x = 2, .ofs_y = 0},
    {.bitmap_index = 29464, .adv_w = 323, .box_w = 17, .box_h = 24, .ofs_x = 2, .ofs_y = 0},
    {.bitmap_index = 29668, .adv_w = 291, .box_w = 15, .box_h = 25, .ofs_x = 1, .ofs_y = 0},
    {.bitmap_index = 29856, .adv_w = 291, .box_w = 15, .box_h = 25, .ofs_x = 1, .ofs_y = 0},
    {.bitmap_index = 30044, .adv_w = 291, .box_w = 15, .box_h = 25, .ofs_x = 1, .ofs_y = 0},
    {.bitmap_index = 30232, .adv_w = 291, .box_w = 15, .box_h = 24, .ofs_x = 1, .ofs_y = 0},
    {.bitmap_index = 30412, .adv_w = 291, .box_w = 15, .box_h = 25, .ofs_x = 1, .ofs_y = 0},
    {.bitmap_index = 30600, .adv_w = 291, .box_w = 15, .box_h = 28, .ofs_x = 1, .ofs_y = 0},
    {.bitmap_index = 30810, .adv_w = 469, .box_w = 27, .box_h = 18, .ofs_x = 1, .ofs_y = 0},
    {.bitmap_index = 31053, .adv_w = 296, .box_w = 17, .box_h = 25, .ofs_x = 1, .ofs_y = -7},
    {.bitmap_index = 31266, .adv_w = 301, .box_w = 17, .box_h = 25, .ofs_x = 1, .ofs_y = 0},
    {.bitmap_index = 31479, .adv_w = 301, .box_w = 17, .box_h = 25, .ofs_x = 1, .ofs_y = 0},
    {.bitmap_index = 31692, .adv_w = 301, .box_w = 17, .box_h = 25, .ofs_x = 1, .ofs_y = 0},
    {.bitmap_index = 31905, .adv_w = 301, .box_w = 17, .box_h = 25, .ofs_x = 1, .ofs_y = 0},
    {.bitmap_index = 32118, .adv_w = 129, .box_w = 7, .box_h = 25, .ofs_x = -1, .ofs_y = 0},
    {.bitmap_index = 32206, .adv_w = 129, .box_w = 7, .box_h = 25, .ofs_x = 2, .ofs_y = 0},
    {.bitmap_index = 32294, .adv_w = 129, .box_w = 12, .box_h = 25, .ofs_x = -2, .ofs_y = 0},
    {.bitmap_index = 32444, .adv_w = 129, .box_w = 12, .box_h = 25, .ofs_x = -2, .ofs_y = 0},
    {.bitmap_index = 32594, .adv_w = 301, .box_w = 17, .box_h = 26, .ofs_x = 1, .ofs_y = 0},
    {.bitmap_index = 32815, .adv_w = 308, .box_w = 15, .box_h = 24, .ofs_x = 2, .ofs_y = 0},
    {.bitmap_index = 32995, .adv_w = 309, .box_w = 17, .box_h = 25, .ofs_x = 1, .ofs_y = 0},
    {.bitmap_index = 33208, .adv_w = 309, .box_w = 17, .box_h = 25, .ofs_x = 1, .ofs_y = 0},
    {.bitmap_index = 33421, .adv_w = 309, .box_w = 17, .box_h = 25, .ofs_x = 1, .ofs_y = 0},
    {.bitmap_index = 33634, .adv_w = 309, .box_w = 17, .box_h = 24, .ofs_x = 1, .ofs_y = 0},
    {.bitmap_index = 33838, .adv_w = 309, .box_w = 17, .box_h = 25, .ofs_x = 1, .ofs_y = 0},
    {.bitmap_index = 34051, .adv_w = 342, .box_w = 16, .box_h = 17, .ofs_x = 3, .ofs_y = 1},
    {.bitmap_index = 34187, .adv_w = 309, .box_w = 18, .box_h = 20, .ofs_x = 1, .ofs_y = -1},
    {.bitmap_index = 34367, .adv_w = 308, .box_w = 15, .box_h = 25, .ofs_x = 2, .ofs_y = 0},
    {.bitmap_index = 34555, .adv_w = 308, .box_w = 15, .box_h = 25, .ofs_x = 2, .ofs_y = 0},
    {.bitmap_index = 34743, .adv_w = 308, .box_w = 15, .box_h = 25, .ofs_x = 2, .ofs_y = 0},
    {.bitmap_index = 34931, .adv_w = 308, .box_w = 15, .box_h = 25, .ofs_x = 2, .ofs_y = 0},
    {.bitmap_index = 35119, .adv_w = 295, .box_w = 18, .box_h = 32, .ofs_x = 0, .ofs_y = -7},
    {.bitmap_index = 35407, .adv_w = 317, .box_w = 17, .box_h = 31, .ofs_x = 2, .ofs_y = -7},
    {.bitmap_index = 35671, .adv_w = 295, .box_w = 18, .box_h = 32, .ofs_x = 0, .ofs_y = -7}
};

/*---------------------
 *  CHARACTER MAPPING
 *--------------------*/



/*Collect the unicode lists and glyph_id offsets*/
static const lv_font_fmt_txt_cmap_t cmaps[] =
{
    {
        .range_start = 32, .range_length = 95, .glyph_id_start = 1,
        .unicode_list = NULL, .glyph_id_ofs_list = NULL, .list_length = 0, .type = LV_FONT_FMT_TXT_CMAP_FORMAT0_TINY
    },
    {
        .range_start = 160, .range_length = 13, .glyph_id_start = 96,
        .unicode_list = NULL, .glyph_id_ofs_list = NULL, .list_length = 0, .type = LV_FONT_FMT_TXT_CMAP_FORMAT0_TINY
    },
    {
        .range_start = 174, .range_length = 82, .glyph_id_start = 109,
        .unicode_list = NULL, .glyph_id_ofs_list = NULL, .list_length = 0, .type = LV_FONT_FMT_TXT_CMAP_FORMAT0_TINY
    }
};

/*-----------------
 *    KERNING
 *----------------*/


/*Pair left and right glyphs for kerning*/
static const uint8_t kern_pair_glyph_ids[] =
{
    3, 7,
    3, 13,
    3, 15,
    3, 21,
    3, 98,
    7, 3,
    7, 8,
    7, 61,
    7, 109,
    8, 7,
    8, 13,
    8, 15,
    8, 21,
    8, 98,
    9, 93,
    9, 98,
    11, 7,
    11, 13,
    11, 15,
    11, 21,
    11, 33,
    11, 64,
    11, 105,
    12, 19,
    12, 20,
    12, 24,
    12, 61,
    12, 117,
    13, 1,
    13, 2,
    13, 3,
    13, 8,
    13, 17,
    13, 18,
    13, 20,
    13, 22,
    13, 23,
    13, 24,
    13, 25,
    13, 26,
    13, 32,
    13, 33,
    13, 105,
    13, 117,
    14, 19,
    14, 20,
    14, 24,
    14, 61,
    14, 117,
    15, 1,
    15, 2,
    15, 3,
    15, 8,
    15, 17,
    15, 18,
    15, 20,
    15, 22,
    15, 23,
    15, 24,
    15, 25,
    15, 26,
    15, 32,
    15, 33,
    15, 105,
    15, 117,
    16, 13,
    16, 15,
    16, 61,
    17, 13,
    17, 15,
    17, 24,
    17, 61,
    17, 64,
    18, 10,
    18, 62,
    18, 64,
    18, 94,
    19, 21,
    20, 11,
    20, 13,
    20, 15,
    20, 63,
    20, 107,
    20, 111,
    21, 11,
    21, 13,
    21, 15,
    21, 18,
    21, 63,
    21, 109,
    21, 111,
    21, 117,
    22, 11,
    22, 13,
    22, 15,
    22, 63,
    22, 109,
    22, 111,
    23, 13,
    23, 15,
    23, 64,
    24, 4,
    24, 7,
    24, 13,
    24, 15,
    24, 17,
    24, 20,
    24, 21,
    24, 22,
    24, 23,
    24, 24,
    24, 25,
    24, 26,
    24, 27,
    24, 28,
    24, 29,
    24, 64,
    24, 98,
    24, 107,
    25, 11,
    25, 13,
    25, 15,
    25, 63,
    25, 107,
    25, 111,
    26, 13,
    26, 15,
    26, 24,
    26, 61,
    26, 64,
    27, 61,
    28, 61,
    30, 61,
    31, 24,
    31, 61,
    33, 13,
    33, 15,
    33, 16,
    33, 61,
    33, 64,
    33, 109,
    60, 93,
    60, 98,
    61, 3,
    61, 5,
    61, 8,
    61, 11,
    61, 12,
    61, 14,
    61, 16,
    61, 18,
    61, 29,
    61, 30,
    61, 32,
    61, 33,
    61, 61,
    61, 63,
    61, 95,
    61, 98,
    61, 105,
    61, 107,
    61, 108,
    61, 109,
    61, 111,
    61, 112,
    61, 117,
    61, 118,
    61, 122,
    61, 150,
    61, 182,
    63, 7,
    63, 13,
    63, 15,
    63, 21,
    63, 33,
    63, 64,
    63, 105,
    64, 11,
    64, 17,
    64, 18,
    64, 20,
    64, 21,
    64, 22,
    64, 23,
    64, 25,
    64, 26,
    64, 33,
    64, 61,
    64, 63,
    64, 93,
    64, 105,
    64, 111,
    64, 117,
    92, 93,
    92, 98,
    93, 10,
    93, 62,
    93, 64,
    93, 94,
    95, 19,
    95, 20,
    95, 24,
    95, 61,
    95, 117,
    97, 61,
    98, 3,
    98, 8,
    98, 10,
    98, 18,
    98, 61,
    98, 62,
    98, 94,
    98, 109,
    105, 13,
    105, 15,
    105, 16,
    105, 61,
    105, 64,
    105, 109,
    109, 7,
    109, 21,
    109, 33,
    109, 98,
    109, 105,
    111, 7,
    111, 13,
    111, 15,
    111, 21,
    111, 33,
    111, 64,
    111, 105,
    112, 61,
    116, 12,
    116, 14,
    116, 16,
    116, 29,
    116, 64,
    116, 95,
    116, 108,
    116, 118,
    116, 182,
    117, 10,
    117, 62,
    117, 64,
    117, 94,
    118, 19,
    118, 20,
    118, 24,
    118, 61,
    118, 117,
    122, 18,
    122, 19,
    122, 20,
    122, 24,
    122, 25,
    122, 61,
    126, 61,
    150, 61,
    182, 19,
    182, 20,
    182, 24,
    182, 61,
    182, 117
};

/* Kerning between the respective left and right glyphs
 * 4.4 format which needs to scaled with `kern_scale`*/
static const int8_t kern_pair_values[] =
{
    -17, -43, -43, -32, -8, -17, -17, -32,
    -11, -17, -43, -43, -32, -8, 3, -5,
    -17, -70, -70, -23, -7, -35, -7, -15,
    -5, -12, -25, -7, -5, -2, -45, -45,
    -14, -45, -13, -6, -14, -9, -12, -4,
    -45, -22, -22, -26, -15, -5, -12, -25,
    -7, -5, -2, -45, -45, -14, -45, -13,
    -6, -14, -9, -12, -4, -45, -22, -22,
    -26, -20, -20, 1, -14, -14, -10, -8,
    -23, 3, 3, 3, 3, -8, -6, -11,
    -11, -6, -17, -6, -13, -17, -17, -13,
    -13, -3, -13, -21, -1, -13, -13, -1,
    -3, -1, -16, -16, -23, -29, -23, -64,
    -64, -8, -8, -30, -5, -8, 10, -7,
    -5, -17, -17, -46, -81, -26, -32, -6,
    -11, -11, -6, -17, -6, -14, -14, -10,
    -8, -23, -32, -32, -35, -38, -38, -22,
    -22, -20, -18, -20, -3, 3, -5, -40,
    -2, -40, -43, -17, -17, 9, -20, -6,
    -26, -32, -19, -25, -43, -17, -4, -19,
    -17, -17, -36, -43, -26, -25, -17, -17,
    -17, -17, -17, -70, -70, -23, -7, -35,
    -7, -35, -23, -55, -23, -29, -23, -23,
    -23, -23, -20, -40, -35, 17, -20, -35,
    -23, 3, -5, 3, 3, 3, 3, -15,
    -5, -12, -25, -7, -17, -8, -8, -6,
    -17, -28, -6, -6, -6, -22, -22, -20,
    -18, -20, -3, -17, -25, -3, -14, -3,
    -17, -70, -70, -23, -7, -35, -7, -35,
    -20, -20, -17, -20, -17, -20, -17, -20,
    -20, 3, 3, 3, 3, -15, -5, -12,
    -20, -7, -20, -26, -23, -26, -17, -32,
    -46, -20, -15, -5, -12, -25, -7
};

/*Collect the kern pair's data in one place*/
static const lv_font_fmt_txt_kern_pair_t kern_pairs =
{
    .glyph_ids = kern_pair_glyph_ids,
    .values = kern_pair_values,
    .pair_cnt = 263,
    .glyph_ids_size = 0
};

/*--------------------
 *  ALL CUSTOM DATA
 *--------------------*/

#if LVGL_VERSION_MAJOR == 8
/*Store all the custom data of the font*/
static  lv_font_fmt_txt_glyph_cache_t cache;
#endif

#if LVGL_VERSION_MAJOR >= 8
static const lv_font_fmt_txt_dsc_t font_dsc = {
#else
static lv_font_fmt_txt_dsc_t font_dsc = {
#endif
    .glyph_bitmap = glyph_bitmap,
    .glyph_dsc = glyph_dsc,
    .cmaps = cmaps,
    .kern_dsc = &kern_pairs,
    .kern_scale = 16,
    .cmap_num = 3,
    .bpp = 4,
    .kern_classes = 0,
    .bitmap_format = 0,
#if LVGL_VERSION_MAJOR == 8
    .cache = &cache
#endif
};



/*-----------------
 *  PUBLIC FONT
 *----------------*/

/*Initialize a public general font descriptor*/
#if LVGL_VERSION_MAJOR >= 8
const lv_font_t font_sans_32 = {
#else
lv_font_t font_sans_32 = {
#endif
    .get_glyph_dsc = lv_font_get_glyph_dsc_fmt_txt,    /*Function pointer to get glyph's data*/
    .get_glyph_bitmap = lv_font_get_bitmap_fmt_txt,    /*Function pointer to get glyph's bitmap*/
    .line_height = 41,          /*The maximum line height required by the font*/
    .base_line = 8,             /*Baseline measured from the bottom of the line*/
#if !(LVGL_VERSION_MAJOR == 6 && LVGL_VERSION_MINOR == 0)
    .subpx = LV_FONT_SUBPX_NONE,
#endif
#if LV_VERSION_CHECK(7, 4, 0) || LVGL_VERSION_MAJOR >= 8
    .underline_position = -5,
    .underline_thickness = 2,
#endif
    .dsc = &font_dsc,          /*The custom font data. Will be accessed by `get_glyph_bitmap/dsc` */
#if LV_VERSION_CHECK(8, 2, 0) || LVGL_VERSION_MAJOR >= 9
    .fallback = NULL,
#endif
    .user_data = NULL,
};



#endif /*#if FONT_SANS_32*/
