/* SPDX-License-Identifier: OFL-1.1
 * Derived font data; upstream copyright and license: fonts/IBMPlexMono-OFL.txt.
 * Regenerate with scripts/generate-design-fonts.py.
 */

/*******************************************************************************
 * Size: 24 px
 * Bpp: 4
 * Opts: --font .build/design-fonts/IBMPlexMono-Medium.ttf --range 0x20-0x7e,0xa0-0xff --size 24 --bpp 4 --format lvgl --no-compress --lv-include lvgl.h --lv-font-name font_mono_24 --output firmware/factory_badge/main/ui/font_mono_24.c
 ******************************************************************************/

#ifdef LV_LVGL_H_INCLUDE_SIMPLE
#include "lvgl.h"
#else
#include "lvgl.h"
#endif

#ifndef FONT_MONO_24
#define FONT_MONO_24 1
#endif

#if FONT_MONO_24

/*-----------------
 *    BITMAPS
 *----------------*/

/*Store the image of the glyphs*/
static LV_ATTRIBUTE_LARGE_CONST const uint8_t glyph_bitmap[] = {
    /* U+0020 " " */

    /* U+0021 "!" */
    0x3f, 0xfa, 0x3, 0xff, 0xa0, 0x3f, 0xfa, 0x3,
    0xff, 0xa0, 0x3f, 0xfa, 0x2, 0xff, 0x80, 0xf,
    0xf6, 0x0, 0xdf, 0x40, 0xb, 0xf1, 0x0, 0x8f,
    0x0, 0x6, 0xc0, 0x0, 0x13, 0x0, 0x0, 0x0,
    0x3, 0xcd, 0x80, 0xcf, 0xff, 0x2c, 0xff, 0xf2,
    0x5e, 0xfa, 0x0,

    /* U+0022 "\"" */
    0x5f, 0xf0, 0xa, 0xfc, 0x5f, 0xf0, 0xa, 0xfc,
    0x5f, 0xf0, 0xa, 0xfc, 0x5f, 0xf0, 0xa, 0xfc,
    0x5f, 0xf0, 0xa, 0xfc, 0x5f, 0xf0, 0xa, 0xfc,
    0x5f, 0xf0, 0xa, 0xfc, 0x15, 0x50, 0x3, 0x54,

    /* U+0023 "#" */
    0x0, 0x0, 0xc, 0xf6, 0x3, 0xff, 0x0, 0x0,
    0x0, 0x0, 0xff, 0x40, 0x6f, 0xc0, 0x0, 0x0,
    0x0, 0x2f, 0xf1, 0x9, 0xf9, 0x0, 0x0, 0x0,
    0x4, 0xfe, 0x0, 0xcf, 0x60, 0x0, 0x0, 0x11,
    0x8f, 0xb0, 0xe, 0xf4, 0x11, 0x0, 0xcf, 0xff,
    0xf8, 0x1, 0xff, 0xff, 0xf1, 0xc, 0xff, 0xff,
    0x60, 0x4f, 0xff, 0xff, 0x10, 0x0, 0xf, 0xf3,
    0x7, 0xfb, 0x0, 0x0, 0x0, 0x2, 0xff, 0x0,
    0xaf, 0x80, 0x0, 0x0, 0x11, 0x6f, 0xd0, 0xc,
    0xf6, 0x11, 0x0, 0xbf, 0xff, 0xfb, 0x0, 0xff,
    0xff, 0xf3, 0xb, 0xff, 0xff, 0x80, 0x2f, 0xff,
    0xff, 0x30, 0x0, 0xd, 0xf5, 0x5, 0xfd, 0x0,
    0x0, 0x0, 0x0, 0xff, 0x20, 0x8f, 0xb0, 0x0,
    0x0, 0x0, 0x3f, 0xf0, 0xa, 0xf8, 0x0, 0x0,
    0x0, 0x5, 0xfd, 0x0, 0xdf, 0x50, 0x0, 0x0,
    0x0, 0x8f, 0xa0, 0xf, 0xf2, 0x0, 0x0, 0x0,

    /* U+0024 "$" */
    0x0, 0x0, 0x9, 0xf7, 0x0, 0x0, 0x0, 0x0,
    0x0, 0x9f, 0x70, 0x0, 0x0, 0x0, 0x0, 0x4b,
    0xfa, 0x30, 0x0, 0x0, 0x6, 0xef, 0xff, 0xff,
    0xe6, 0x0, 0x7, 0xff, 0xff, 0xff, 0xff, 0xf9,
    0x1, 0xff, 0xd3, 0x7f, 0x54, 0xdf, 0xc0, 0x5f,
    0xf4, 0x7, 0xf5, 0x0, 0x80, 0x6, 0xff, 0x20,
    0x7f, 0x50, 0x0, 0x0, 0x4f, 0xf6, 0x7, 0xf5,
    0x0, 0x0, 0x1, 0xff, 0xf8, 0x9f, 0x50, 0x0,
    0x0, 0x6, 0xff, 0xff, 0xfc, 0x83, 0x0, 0x0,
    0x5, 0xef, 0xff, 0xff, 0xfa, 0x0, 0x0, 0x0,
    0x3a, 0xfe, 0xff, 0xfa, 0x0, 0x0, 0x0, 0x7f,
    0x52, 0xdf, 0xf2, 0x0, 0x0, 0x7, 0xf5, 0x4,
    0xff, 0x50, 0x0, 0x0, 0x7f, 0x50, 0x2f, 0xf6,
    0x1c, 0x60, 0x7, 0xf5, 0x6, 0xff, 0x4b, 0xff,
    0x92, 0x7f, 0x55, 0xef, 0xe0, 0x3e, 0xff, 0xff,
    0xff, 0xff, 0xf4, 0x0, 0x1a, 0xff, 0xff, 0xff,
    0xd4, 0x0, 0x0, 0x1, 0x5c, 0xfa, 0x20, 0x0,
    0x0, 0x0, 0x0, 0x9f, 0x70, 0x0, 0x0, 0x0,
    0x0, 0x9, 0xf7, 0x0, 0x0, 0x0,

    /* U+0025 "%" */
    0x2, 0xbf, 0xfb, 0x20, 0x0, 0x4, 0xfd, 0x0,
    0xef, 0xcc, 0xfe, 0x0, 0x0, 0xdf, 0x40, 0x6f,
    0x90, 0x9, 0xf6, 0x0, 0x6f, 0xc0, 0x9, 0xf6,
    0x0, 0x5f, 0x90, 0xe, 0xf3, 0x0, 0x9f, 0x60,
    0x5, 0xf9, 0x8, 0xfa, 0x0, 0x6, 0xfa, 0x0,
    0x9f, 0x61, 0xff, 0x10, 0x0, 0xe, 0xfc, 0xcf,
    0xe0, 0x6c, 0x70, 0x0, 0x0, 0x2b, 0xff, 0xb2,
    0x0, 0x0, 0x0, 0x0, 0x0, 0x0, 0x0, 0x0,
    0x7e, 0xfd, 0x50, 0x0, 0x0, 0x1c, 0xb0, 0x7f,
    0xeb, 0xff, 0x40, 0x0, 0x9, 0xf8, 0xf, 0xf1,
    0x5, 0xfb, 0x0, 0x1, 0xff, 0x12, 0xfc, 0x0,
    0xf, 0xf0, 0x0, 0x8f, 0x90, 0x3f, 0xb0, 0x0,
    0xff, 0x0, 0x1f, 0xf2, 0x2, 0xfc, 0x0, 0xf,
    0xf0, 0x8, 0xfa, 0x0, 0xf, 0xf1, 0x4, 0xfc,
    0x1, 0xff, 0x20, 0x0, 0x7f, 0xeb, 0xff, 0x40,
    0x7f, 0xa0, 0x0, 0x0, 0x7e, 0xfd, 0x50, 0x0,

    /* U+0026 "&" */
    0x0, 0x2, 0x9e, 0xfd, 0x70, 0x0, 0x0, 0x0,
    0x2f, 0xff, 0xff, 0xfc, 0x0, 0x0, 0x0, 0xcf,
    0xe5, 0x26, 0xff, 0x60, 0x0, 0x0, 0xff, 0x60,
    0x0, 0x43, 0x0, 0x0, 0x0, 0xff, 0x50, 0x0,
    0x0, 0x0, 0x0, 0x0, 0xaf, 0xb0, 0x0, 0x0,
    0x0, 0x0, 0x0, 0x1e, 0xf7, 0x0, 0x0, 0x0,
    0x0, 0x0, 0x2d, 0xff, 0x40, 0x2, 0xff, 0xfa,
    0x3, 0xff, 0xdf, 0xf2, 0x2, 0xff, 0xfa, 0xd,
    0xfc, 0xb, 0xfe, 0x13, 0xfd, 0x10, 0x4f, 0xf4,
    0x1, 0xdf, 0xc5, 0xfa, 0x0, 0x7f, 0xf1, 0x0,
    0x3f, 0xfe, 0xf7, 0x0, 0x7f, 0xf1, 0x0, 0x6,
    0xff, 0xf2, 0x0, 0x5f, 0xf6, 0x0, 0x0, 0xdf,
    0xf5, 0x0, 0xe, 0xff, 0x73, 0x4b, 0xdb, 0xff,
    0x20, 0x5, 0xff, 0xff, 0xff, 0x51, 0xef, 0xd0,
    0x0, 0x3b, 0xff, 0xc4, 0x0, 0x4f, 0xf9,

    /* U+0027 "'" */
    0xff, 0x6f, 0xf6, 0xff, 0x6f, 0xf6, 0xff, 0x6f,
    0xf6, 0xff, 0x65, 0x52,

    /* U+0028 "(" */
    0x0, 0x0, 0x0, 0x11, 0x0, 0x0, 0x2, 0xef,
    0x70, 0x0, 0x2, 0xef, 0x60, 0x0, 0x0, 0xcf,
    0xa0, 0x0, 0x0, 0x6f, 0xd0, 0x0, 0x0, 0xe,
    0xf4, 0x0, 0x0, 0x5, 0xfd, 0x0, 0x0, 0x0,
    0xbf, 0x70, 0x0, 0x0, 0xf, 0xf3, 0x0, 0x0,
    0x2, 0xff, 0x0, 0x0, 0x0, 0x4f, 0xe0, 0x0,
    0x0, 0x5, 0xfe, 0x0, 0x0, 0x0, 0x5f, 0xe0,
    0x0, 0x0, 0x4, 0xfe, 0x0, 0x0, 0x0, 0x2f,
    0xf0, 0x0, 0x0, 0x0, 0xff, 0x30, 0x0, 0x0,
    0xa, 0xf7, 0x0, 0x0, 0x0, 0x5f, 0xd0, 0x0,
    0x0, 0x0, 0xef, 0x50, 0x0, 0x0, 0x4, 0xfe,
    0x10, 0x0, 0x0, 0xb, 0xfb, 0x0, 0x0, 0x0,
    0x1d, 0xf8, 0x0, 0x0, 0x0, 0x2d, 0xf9, 0x0,

    /* U+0029 ")" */
    0x11, 0x10, 0x0, 0x0, 0x3e, 0xf7, 0x0, 0x0,
    0x2, 0xef, 0x60, 0x0, 0x0, 0x3f, 0xf3, 0x0,
    0x0, 0x8, 0xfc, 0x0, 0x0, 0x0, 0xdf, 0x50,
    0x0, 0x0, 0x6f, 0xc0, 0x0, 0x0, 0x1f, 0xf1,
    0x0, 0x0, 0xc, 0xf6, 0x0, 0x0, 0x9, 0xf9,
    0x0, 0x0, 0x8, 0xfb, 0x0, 0x0, 0x8, 0xfc,
    0x0, 0x0, 0x8, 0xfc, 0x0, 0x0, 0x8, 0xfb,
    0x0, 0x0, 0xa, 0xf8, 0x0, 0x0, 0xd, 0xf5,
    0x0, 0x0, 0x1f, 0xf1, 0x0, 0x0, 0x7f, 0xb0,
    0x0, 0x0, 0xef, 0x40, 0x0, 0x9, 0xfb, 0x0,
    0x0, 0x4f, 0xf1, 0x0, 0x2, 0xef, 0x50, 0x0,
    0x4e, 0xf6, 0x0, 0x0,

    /* U+002A "*" */
    0x0, 0x0, 0x0, 0xff, 0x50, 0x0, 0x0, 0x0,
    0x0, 0x0, 0xff, 0x50, 0x0, 0x0, 0x0, 0x0,
    0x0, 0xff, 0x50, 0x0, 0x0, 0x4, 0x40, 0x0,
    0xff, 0x50, 0x2, 0x70, 0xc, 0xfe, 0x94, 0xff,
    0x77, 0xdf, 0xf2, 0xb, 0xff, 0xff, 0xff, 0xff,
    0xff, 0xd3, 0x0, 0x16, 0xbf, 0xff, 0xfd, 0x83,
    0x0, 0x0, 0x0, 0xd, 0xff, 0xf5, 0x0, 0x0,
    0x0, 0x0, 0xaf, 0xfc, 0xfe, 0x10, 0x0, 0x0,
    0x6, 0xff, 0x61, 0xef, 0xc0, 0x0, 0x0, 0x2f,
    0xfa, 0x0, 0x4f, 0xf7, 0x0, 0x0, 0x1b, 0xe1,
    0x0, 0x9, 0xe4, 0x0, 0x0, 0x0, 0x10, 0x0,
    0x0, 0x10, 0x0,

    /* U+002B "+" */
    0x0, 0x0, 0xf, 0xf5, 0x0, 0x0, 0x0, 0x0,
    0xf, 0xf6, 0x0, 0x0, 0x0, 0x0, 0xf, 0xf6,
    0x0, 0x0, 0x0, 0x0, 0xf, 0xf6, 0x0, 0x0,
    0x0, 0x0, 0xf, 0xf6, 0x0, 0x0, 0x8f, 0xff,
    0xff, 0xff, 0xff, 0xfe, 0x8f, 0xff, 0xff, 0xff,
    0xff, 0xfe, 0x13, 0x33, 0x3f, 0xf8, 0x33, 0x32,
    0x0, 0x0, 0xf, 0xf6, 0x0, 0x0, 0x0, 0x0,
    0xf, 0xf6, 0x0, 0x0, 0x0, 0x0, 0xf, 0xf6,
    0x0, 0x0, 0x0, 0x0, 0xf, 0xf6, 0x0, 0x0,

    /* U+002C "," */
    0x0, 0x55, 0x52, 0x4, 0xff, 0xf3, 0x7, 0xff,
    0xd0, 0xa, 0xff, 0x60, 0xd, 0xff, 0x0, 0xf,
    0xf9, 0x0, 0x2f, 0xf3, 0x0, 0x5f, 0xc0, 0x0,

    /* U+002D "-" */
    0x4b, 0xbb, 0xbb, 0xb9, 0x6f, 0xff, 0xff, 0xfd,
    0x6f, 0xff, 0xff, 0xfd,

    /* U+002E "." */
    0x0, 0x0, 0x6, 0xff, 0xb0, 0xdf, 0xff, 0x3d,
    0xff, 0xf3, 0x5e, 0xfa, 0x0,

    /* U+002F "/" */
    0x0, 0x0, 0x0, 0x0, 0x1f, 0xf3, 0x0, 0x0,
    0x0, 0x0, 0x7f, 0xd0, 0x0, 0x0, 0x0, 0x0,
    0xdf, 0x70, 0x0, 0x0, 0x0, 0x3, 0xff, 0x10,
    0x0, 0x0, 0x0, 0x9, 0xfc, 0x0, 0x0, 0x0,
    0x0, 0xe, 0xf6, 0x0, 0x0, 0x0, 0x0, 0x5f,
    0xf0, 0x0, 0x0, 0x0, 0x0, 0xaf, 0xa0, 0x0,
    0x0, 0x0, 0x1, 0xff, 0x40, 0x0, 0x0, 0x0,
    0x6, 0xfe, 0x0, 0x0, 0x0, 0x0, 0xc, 0xf8,
    0x0, 0x0, 0x0, 0x0, 0x2f, 0xf2, 0x0, 0x0,
    0x0, 0x0, 0x8f, 0xc0, 0x0, 0x0, 0x0, 0x0,
    0xef, 0x70, 0x0, 0x0, 0x0, 0x4, 0xff, 0x10,
    0x0, 0x0, 0x0, 0xa, 0xfb, 0x0, 0x0, 0x0,
    0x0, 0xf, 0xf5, 0x0, 0x0, 0x0, 0x0, 0x5f,
    0xe0, 0x0, 0x0, 0x0, 0x0, 0xbf, 0x90, 0x0,
    0x0, 0x0, 0x1, 0xff, 0x30, 0x0, 0x0, 0x0,
    0x7, 0xfd, 0x0, 0x0, 0x0, 0x0, 0xd, 0xf7,
    0x0, 0x0, 0x0, 0x0,

    /* U+0030 "0" */
    0x0, 0x6, 0xce, 0xfd, 0x91, 0x0, 0x0, 0xc,
    0xff, 0xff, 0xff, 0xf3, 0x0, 0x9, 0xff, 0xb5,
    0x48, 0xff, 0xe1, 0x2, 0xff, 0xa0, 0x0, 0x4,
    0xff, 0x80, 0x7f, 0xf3, 0x0, 0x0, 0xd, 0xfd,
    0xa, 0xff, 0x0, 0x0, 0x0, 0x9f, 0xf1, 0xdf,
    0xd0, 0x0, 0x0, 0x7, 0xff, 0x3e, 0xfd, 0x1,
    0xdf, 0x60, 0x6f, 0xf4, 0xef, 0xd0, 0x4f, 0xfa,
    0x6, 0xff, 0x5e, 0xfd, 0x1, 0xcd, 0x50, 0x6f,
    0xf4, 0xdf, 0xd0, 0x0, 0x0, 0x7, 0xff, 0x3a,
    0xff, 0x0, 0x0, 0x0, 0x9f, 0xf1, 0x7f, 0xf3,
    0x0, 0x0, 0xd, 0xfd, 0x2, 0xff, 0xa0, 0x0,
    0x4, 0xff, 0x80, 0x9, 0xff, 0xb5, 0x48, 0xff,
    0xe1, 0x0, 0xc, 0xff, 0xff, 0xff, 0xf3, 0x0,
    0x0, 0x6, 0xce, 0xfd, 0x91, 0x0, 0x0,

    /* U+0031 "1" */
    0x0, 0x2, 0xef, 0xff, 0x80, 0x0, 0x0, 0x1,
    0xef, 0xff, 0xf8, 0x0, 0x0, 0x1, 0xdf, 0xf6,
    0xff, 0x80, 0x0, 0x0, 0xcf, 0xf4, 0x3f, 0xf8,
    0x0, 0x0, 0xaf, 0xf5, 0x3, 0xff, 0x80, 0x0,
    0x2, 0xe6, 0x0, 0x3f, 0xf8, 0x0, 0x0, 0x0,
    0x0, 0x3, 0xff, 0x80, 0x0, 0x0, 0x0, 0x0,
    0x3f, 0xf8, 0x0, 0x0, 0x0, 0x0, 0x3, 0xff,
    0x80, 0x0, 0x0, 0x0, 0x0, 0x3f, 0xf8, 0x0,
    0x0, 0x0, 0x0, 0x3, 0xff, 0x80, 0x0, 0x0,
    0x0, 0x0, 0x3f, 0xf8, 0x0, 0x0, 0x0, 0x0,
    0x3, 0xff, 0x80, 0x0, 0x0, 0x0, 0x0, 0x3f,
    0xf8, 0x0, 0x0, 0x4, 0x44, 0x46, 0xff, 0xa4,
    0x44, 0x20, 0xef, 0xff, 0xff, 0xff, 0xff, 0xf9,
    0xe, 0xff, 0xff, 0xff, 0xff, 0xff, 0x90,

    /* U+0032 "2" */
    0x0, 0x18, 0xdf, 0xfd, 0x81, 0x0, 0x0, 0x2e,
    0xff, 0xff, 0xff, 0xe3, 0x0, 0xd, 0xff, 0xb7,
    0x7c, 0xff, 0xe0, 0x6, 0xff, 0x70, 0x0, 0xc,
    0xff, 0x50, 0x29, 0xc0, 0x0, 0x0, 0x6f, 0xf7,
    0x0, 0x0, 0x0, 0x0, 0x5, 0xff, 0x70, 0x0,
    0x0, 0x0, 0x0, 0x8f, 0xf4, 0x0, 0x0, 0x0,
    0x0, 0x1f, 0xfd, 0x0, 0x0, 0x0, 0x0, 0xc,
    0xff, 0x40, 0x0, 0x0, 0x0, 0x1c, 0xff, 0x60,
    0x0, 0x0, 0x0, 0x2d, 0xff, 0x60, 0x0, 0x0,
    0x0, 0x3e, 0xfe, 0x40, 0x0, 0x0, 0x0, 0x5f,
    0xfd, 0x20, 0x0, 0x0, 0x0, 0x7f, 0xfb, 0x10,
    0x0, 0x0, 0x0, 0x6f, 0xfd, 0x55, 0x55, 0x55,
    0x55, 0x7, 0xff, 0xff, 0xff, 0xff, 0xff, 0xf1,
    0x7f, 0xff, 0xff, 0xff, 0xff, 0xff, 0x10,

    /* U+0033 "3" */
    0x0, 0x1, 0x8d, 0xff, 0xd9, 0x20, 0x0, 0x5,
    0xff, 0xff, 0xff, 0xff, 0x50, 0x2, 0xff, 0xe8,
    0x56, 0xaf, 0xff, 0x10, 0x7, 0xd1, 0x0, 0x0,
    0x9f, 0xf6, 0x0, 0x0, 0x0, 0x0, 0x5, 0xff,
    0x70, 0x0, 0x0, 0x0, 0x0, 0xaf, 0xf2, 0x0,
    0x0, 0x15, 0x56, 0xbf, 0xf7, 0x0, 0x0, 0x3,
    0xff, 0xff, 0xb3, 0x0, 0x0, 0x0, 0x3f, 0xff,
    0xff, 0xb1, 0x0, 0x0, 0x0, 0x0, 0x16, 0xef,
    0xe0, 0x0, 0x0, 0x0, 0x0, 0x5, 0xff, 0x80,
    0x0, 0x0, 0x0, 0x0, 0x1f, 0xfc, 0x0, 0x41,
    0x0, 0x0, 0x2, 0xff, 0xc0, 0x8f, 0xc0, 0x0,
    0x0, 0x8f, 0xf9, 0xa, 0xff, 0xe7, 0x56, 0xbf,
    0xff, 0x20, 0xa, 0xff, 0xff, 0xff, 0xff, 0x40,
    0x0, 0x4, 0xae, 0xff, 0xc8, 0x10, 0x0,

    /* U+0034 "4" */
    0x0, 0x0, 0x0, 0x9, 0xff, 0xf4, 0x0, 0x0,
    0x0, 0x0, 0x2f, 0xff, 0xf4, 0x0, 0x0, 0x0,
    0x0, 0xcf, 0xef, 0xf4, 0x0, 0x0, 0x0, 0x6,
    0xfe, 0x6f, 0xf4, 0x0, 0x0, 0x0, 0x1e, 0xf6,
    0x5f, 0xf4, 0x0, 0x0, 0x0, 0x9f, 0xc0, 0x5f,
    0xf4, 0x0, 0x0, 0x3, 0xff, 0x30, 0x5f, 0xf4,
    0x0, 0x0, 0xc, 0xf9, 0x0, 0x5f, 0xf4, 0x0,
    0x0, 0x6f, 0xe1, 0x0, 0x5f, 0xf4, 0x0, 0x1,
    0xef, 0x60, 0x0, 0x5f, 0xf4, 0x0, 0x9, 0xfc,
    0x0, 0x0, 0x5f, 0xf4, 0x0, 0x2f, 0xf6, 0x22,
    0x22, 0x6f, 0xf6, 0x21, 0x4f, 0xff, 0xff, 0xff,
    0xff, 0xff, 0xf9, 0x4f, 0xff, 0xff, 0xff, 0xff,
    0xff, 0xf9, 0x0, 0x0, 0x0, 0x0, 0x5f, 0xf4,
    0x0, 0x0, 0x0, 0x0, 0x0, 0x5f, 0xf4, 0x0,
    0x0, 0x0, 0x0, 0x0, 0x5f, 0xf4, 0x0,

    /* U+0035 "5" */
    0x6, 0xff, 0xff, 0xff, 0xff, 0xf4, 0x0, 0x7f,
    0xff, 0xff, 0xff, 0xff, 0x40, 0x9, 0xfc, 0x66,
    0x66, 0x66, 0x61, 0x0, 0xaf, 0x90, 0x0, 0x0,
    0x0, 0x0, 0xb, 0xf7, 0x0, 0x0, 0x0, 0x0,
    0x0, 0xcf, 0x60, 0x3, 0x31, 0x0, 0x0, 0xd,
    0xf5, 0x5e, 0xff, 0xfa, 0x10, 0x0, 0xef, 0x8f,
    0xff, 0xff, 0xfd, 0x10, 0xf, 0xff, 0x61, 0x4,
    0xdf, 0xf8, 0x0, 0x24, 0x20, 0x0, 0x2, 0xff,
    0xe0, 0x0, 0x0, 0x0, 0x0, 0xc, 0xff, 0x10,
    0x0, 0x0, 0x0, 0x0, 0xbf, 0xf1, 0x1, 0x50,
    0x0, 0x0, 0xd, 0xff, 0x2, 0xdf, 0x50, 0x0,
    0x5, 0xff, 0xa0, 0x2f, 0xff, 0xa6, 0x59, 0xff,
    0xf3, 0x0, 0x3e, 0xff, 0xff, 0xff, 0xf5, 0x0,
    0x0, 0x17, 0xce, 0xfd, 0x92, 0x0, 0x0,

    /* U+0036 "6" */
    0x0, 0x0, 0x5, 0xff, 0xe5, 0x0, 0x0, 0x0,
    0x7, 0xff, 0xc2, 0x0, 0x0, 0x0, 0x7, 0xff,
    0xa0, 0x0, 0x0, 0x0, 0x4, 0xff, 0xa0, 0x0,
    0x0, 0x0, 0x0, 0xef, 0xc0, 0x0, 0x0, 0x0,
    0x0, 0x8f, 0xf2, 0x1, 0x20, 0x0, 0x0, 0xe,
    0xfb, 0x4d, 0xff, 0xfa, 0x10, 0x4, 0xff, 0x9f,
    0xff, 0xff, 0xfe, 0x10, 0x8f, 0xfe, 0x71, 0x3,
    0xcf, 0xf9, 0xa, 0xff, 0x70, 0x0, 0x1, 0xef,
    0xf0, 0xbf, 0xf2, 0x0, 0x0, 0xa, 0xff, 0x2a,
    0xff, 0x0, 0x0, 0x0, 0x9f, 0xf2, 0x7f, 0xf2,
    0x0, 0x0, 0xb, 0xff, 0x13, 0xff, 0x90, 0x0,
    0x2, 0xff, 0xc0, 0xa, 0xff, 0xa5, 0x47, 0xef,
    0xf4, 0x0, 0x1c, 0xff, 0xff, 0xff, 0xf6, 0x0,
    0x0, 0x6, 0xcf, 0xfe, 0x92, 0x0, 0x0,

    /* U+0037 "7" */
    0x9f, 0xff, 0xff, 0xff, 0xff, 0xff, 0x9f, 0xff,
    0xff, 0xff, 0xff, 0xff, 0x9f, 0xd4, 0x44, 0x44,
    0x4e, 0xfe, 0x9f, 0xc0, 0x0, 0x0, 0x3f, 0xf8,
    0x9f, 0xc0, 0x0, 0x0, 0xaf, 0xf1, 0x36, 0x50,
    0x0, 0x1, 0xff, 0xa0, 0x0, 0x0, 0x0, 0x8,
    0xff, 0x40, 0x0, 0x0, 0x0, 0xe, 0xfd, 0x0,
    0x0, 0x0, 0x0, 0x5f, 0xf6, 0x0, 0x0, 0x0,
    0x0, 0xcf, 0xf0, 0x0, 0x0, 0x0, 0x3, 0xff,
    0x90, 0x0, 0x0, 0x0, 0x9, 0xff, 0x30, 0x0,
    0x0, 0x0, 0x1f, 0xfc, 0x0, 0x0, 0x0, 0x0,
    0x7f, 0xf5, 0x0, 0x0, 0x0, 0x0, 0xdf, 0xe0,
    0x0, 0x0, 0x0, 0x4, 0xff, 0x80, 0x0, 0x0,
    0x0, 0xb, 0xff, 0x10, 0x0, 0x0,

    /* U+0038 "8" */
    0x0, 0x29, 0xdf, 0xfe, 0xb5, 0x0, 0x0, 0x5f,
    0xff, 0xff, 0xff, 0xfa, 0x0, 0x1f, 0xff, 0x84,
    0x36, 0xdf, 0xf6, 0x4, 0xff, 0x70, 0x0, 0x1,
    0xff, 0xb0, 0x4f, 0xf4, 0x0, 0x0, 0xd, 0xfb,
    0x1, 0xff, 0x70, 0x0, 0x1, 0xff, 0x70, 0x6,
    0xff, 0x73, 0x25, 0xcf, 0xc0, 0x0, 0x4, 0xdf,
    0xff, 0xff, 0x70, 0x0, 0x1, 0x9f, 0xff, 0xff,
    0xfc, 0x40, 0x1, 0xef, 0xd5, 0x10, 0x3a, 0xff,
    0x50, 0x8f, 0xf3, 0x0, 0x0, 0xc, 0xfe, 0xc,
    0xff, 0x0, 0x0, 0x0, 0x8f, 0xf2, 0xdf, 0xf0,
    0x0, 0x0, 0x9, 0xff, 0x3a, 0xff, 0x40, 0x0,
    0x0, 0xdf, 0xf1, 0x3f, 0xff, 0x84, 0x36, 0xdf,
    0xf9, 0x0, 0x6f, 0xff, 0xff, 0xff, 0xfb, 0x0,
    0x0, 0x29, 0xdf, 0xfe, 0xb5, 0x0, 0x0,

    /* U+0039 "9" */
    0x0, 0x7, 0xcf, 0xfd, 0x91, 0x0, 0x0, 0x2d,
    0xff, 0xff, 0xff, 0xf4, 0x0, 0xd, 0xff, 0xa5,
    0x47, 0xef, 0xf1, 0x6, 0xff, 0x80, 0x0, 0x3,
    0xff, 0x90, 0xaf, 0xf1, 0x0, 0x0, 0xc, 0xfe,
    0xc, 0xff, 0x0, 0x0, 0x0, 0xaf, 0xf0, 0xbf,
    0xf1, 0x0, 0x0, 0xc, 0xff, 0x18, 0xff, 0x70,
    0x0, 0x2, 0xff, 0xf0, 0x2f, 0xff, 0x94, 0x37,
    0xee, 0xfe, 0x0, 0x6f, 0xff, 0xff, 0xf7, 0xef,
    0xb0, 0x0, 0x4b, 0xff, 0xc5, 0x5f, 0xf5, 0x0,
    0x0, 0x0, 0x0, 0xd, 0xfe, 0x0, 0x0, 0x0,
    0x0, 0x8, 0xff, 0x50, 0x0, 0x0, 0x0, 0x5,
    0xff, 0xa0, 0x0, 0x0, 0x0, 0x6, 0xff, 0xd0,
    0x0, 0x0, 0x0, 0x8, 0xff, 0xd1, 0x0, 0x0,
    0x0, 0x1c, 0xff, 0xa0, 0x0, 0x0, 0x0,

    /* U+003A ":" */
    0x5e, 0xfa, 0xd, 0xff, 0xf3, 0xdf, 0xff, 0x36,
    0xff, 0xb0, 0x0, 0x0, 0x0, 0x0, 0x0, 0x0,
    0x0, 0x0, 0x0, 0x0, 0x0, 0x0, 0x6, 0xff,
    0xb0, 0xdf, 0xff, 0x3d, 0xff, 0xf3, 0x5e, 0xfa,
    0x0,

    /* U+003B ";" */
    0x5, 0xef, 0xa0, 0xd, 0xff, 0xf3, 0xd, 0xff,
    0xf3, 0x6, 0xff, 0xb0, 0x0, 0x0, 0x0, 0x0,
    0x0, 0x0, 0x0, 0x0, 0x0, 0x0, 0x0, 0x0,
    0x0, 0x0, 0x0, 0x3, 0xff, 0xf5, 0x6, 0xff,
    0xe0, 0x9, 0xff, 0x80, 0xc, 0xff, 0x20, 0xe,
    0xfb, 0x0, 0x1f, 0xf5, 0x0, 0x4f, 0xe0, 0x0,
    0x25, 0x30, 0x0,

    /* U+003C "<" */
    0x0, 0x0, 0x0, 0x0, 0x3, 0x30, 0x0, 0x0,
    0x0, 0x1a, 0xf5, 0x0, 0x0, 0x0, 0x8f, 0xff,
    0x50, 0x0, 0x5, 0xef, 0xfe, 0x60, 0x0, 0x3c,
    0xff, 0xf8, 0x0, 0x1, 0xaf, 0xff, 0xa1, 0x0,
    0x0, 0xef, 0xfc, 0x30, 0x0, 0x0, 0xf, 0xfb,
    0x0, 0x0, 0x0, 0x0, 0xef, 0xfc, 0x30, 0x0,
    0x0, 0x1, 0x9f, 0xff, 0xa2, 0x0, 0x0, 0x0,
    0x3c, 0xff, 0xf8, 0x0, 0x0, 0x0, 0x5, 0xdf,
    0xfe, 0x60, 0x0, 0x0, 0x0, 0x7f, 0xff, 0x50,
    0x0, 0x0, 0x0, 0x1a, 0xf5, 0x0, 0x0, 0x0,
    0x0, 0x3, 0x30,

    /* U+003D "=" */
    0x13, 0x33, 0x33, 0x33, 0x33, 0x32, 0x8f, 0xff,
    0xff, 0xff, 0xff, 0xfe, 0x8f, 0xff, 0xff, 0xff,
    0xff, 0xfe, 0x0, 0x0, 0x0, 0x0, 0x0, 0x0,
    0x0, 0x0, 0x0, 0x0, 0x0, 0x0, 0x13, 0x33,
    0x33, 0x33, 0x33, 0x32, 0x8f, 0xff, 0xff, 0xff,
    0xff, 0xfe, 0x8f, 0xff, 0xff, 0xff, 0xff, 0xfe,

    /* U+003E ">" */
    0x60, 0x0, 0x0, 0x0, 0x0, 0xf, 0xd4, 0x0,
    0x0, 0x0, 0x0, 0xff, 0xfb, 0x20, 0x0, 0x0,
    0x2, 0xbf, 0xff, 0x91, 0x0, 0x0, 0x0, 0x4d,
    0xff, 0xe6, 0x0, 0x0, 0x0, 0x6, 0xef, 0xfd,
    0x40, 0x0, 0x0, 0x1, 0x8f, 0xff, 0x50, 0x0,
    0x0, 0x0, 0x4f, 0xf5, 0x0, 0x0, 0x1, 0x9f,
    0xff, 0x40, 0x0, 0x6, 0xef, 0xfd, 0x40, 0x0,
    0x4d, 0xff, 0xe6, 0x0, 0x2, 0xbf, 0xff, 0x91,
    0x0, 0x0, 0xff, 0xfb, 0x20, 0x0, 0x0, 0xf,
    0xd4, 0x0, 0x0, 0x0, 0x0, 0x60, 0x0, 0x0,
    0x0, 0x0, 0x0,

    /* U+003F "?" */
    0x0, 0x6, 0xcf, 0xfd, 0x92, 0x0, 0x1, 0xdf,
    0xff, 0xff, 0xff, 0x40, 0xb, 0xff, 0xb6, 0x6a,
    0xff, 0xe0, 0x1f, 0xf8, 0x0, 0x0, 0x9f, 0xf4,
    0x0, 0x40, 0x0, 0x0, 0x6f, 0xf6, 0x0, 0x0,
    0x0, 0x0, 0x9f, 0xf3, 0x0, 0x0, 0x0, 0x17,
    0xff, 0xb0, 0x0, 0x0, 0x8e, 0xff, 0xfc, 0x10,
    0x0, 0x0, 0x9f, 0xfa, 0x50, 0x0, 0x0, 0x0,
    0x9f, 0xf0, 0x0, 0x0, 0x0, 0x0, 0x9f, 0xf0,
    0x0, 0x0, 0x0, 0x0, 0x0, 0x0, 0x0, 0x0,
    0x0, 0x0, 0x0, 0x0, 0x0, 0x0, 0x0, 0x0,
    0x9d, 0xc3, 0x0, 0x0, 0x0, 0x3, 0xff, 0xfb,
    0x0, 0x0, 0x0, 0x3, 0xff, 0xfb, 0x0, 0x0,
    0x0, 0x0, 0xaf, 0xe4, 0x0, 0x0,

    /* U+0040 "@" */
    0x0, 0x6, 0xce, 0xfe, 0x92, 0x0, 0x0, 0xaf,
    0xff, 0xff, 0xff, 0x50, 0x6, 0xfe, 0x50, 0x1,
    0x7f, 0xf2, 0xe, 0xf4, 0x0, 0x0, 0x8, 0xf8,
    0x3f, 0xd0, 0x3, 0xdf, 0xb5, 0xfc, 0x6f, 0x90,
    0x1f, 0xfe, 0xcc, 0xfd, 0x9f, 0x70, 0x6f, 0xc0,
    0x7, 0xfe, 0xaf, 0x60, 0xaf, 0x70, 0x3, 0xfe,
    0xbf, 0x60, 0xbf, 0x60, 0x2, 0xfe, 0xbf, 0x60,
    0xcf, 0x60, 0x2, 0xfe, 0xbf, 0x60, 0xbf, 0x60,
    0x2, 0xfe, 0xaf, 0x70, 0x9f, 0x80, 0x3, 0xfe,
    0x8f, 0x80, 0x5f, 0xe2, 0x1a, 0xfe, 0x6f, 0xa0,
    0xd, 0xff, 0xf9, 0xfe, 0x2f, 0xe0, 0x1, 0x8a,
    0x61, 0x76, 0xd, 0xf7, 0x0, 0x0, 0x0, 0x0,
    0x5, 0xff, 0x81, 0x0, 0x0, 0x0, 0x0, 0x7f,
    0xff, 0xfe, 0xeb, 0x0, 0x0, 0x3, 0x9d, 0xff,
    0xfd, 0x0,

    /* U+0041 "A" */
    0x0, 0x0, 0xc, 0xff, 0xf3, 0x0, 0x0, 0x0,
    0x0, 0x1f, 0xff, 0xf7, 0x0, 0x0, 0x0, 0x0,
    0x5f, 0xfd, 0xfc, 0x0, 0x0, 0x0, 0x0, 0xaf,
    0xc7, 0xff, 0x10, 0x0, 0x0, 0x0, 0xef, 0x83,
    0xff, 0x50, 0x0, 0x0, 0x3, 0xff, 0x30, 0xef,
    0xa0, 0x0, 0x0, 0x7, 0xfe, 0x0, 0xaf, 0xe0,
    0x0, 0x0, 0xc, 0xfa, 0x0, 0x6f, 0xf3, 0x0,
    0x0, 0x1f, 0xf6, 0x0, 0x1f, 0xf7, 0x0, 0x0,
    0x5f, 0xf1, 0x0, 0xd, 0xfc, 0x0, 0x0, 0xaf,
    0xff, 0xff, 0xff, 0xff, 0x10, 0x0, 0xef, 0xff,
    0xff, 0xff, 0xff, 0x50, 0x3, 0xff, 0x94, 0x44,
    0x45, 0xff, 0xa0, 0x8, 0xff, 0x20, 0x0, 0x0,
    0xdf, 0xe0, 0xc, 0xfe, 0x0, 0x0, 0x0, 0x9f,
    0xf3, 0x1f, 0xf9, 0x0, 0x0, 0x0, 0x5f, 0xf8,
    0x5f, 0xf5, 0x0, 0x0, 0x0, 0xf, 0xfc,

    /* U+0042 "B" */
    0xf, 0xff, 0xff, 0xff, 0xc6, 0x0, 0x0, 0xff,
    0xff, 0xff, 0xff, 0xf9, 0x0, 0xf, 0xfa, 0x22,
    0x25, 0xdf, 0xf3, 0x0, 0xff, 0xa0, 0x0, 0x5,
    0xff, 0x70, 0xf, 0xfa, 0x0, 0x0, 0x3f, 0xf8,
    0x0, 0xff, 0xa0, 0x0, 0x4, 0xff, 0x50, 0xf,
    0xfa, 0x0, 0x3, 0xcf, 0xd0, 0x0, 0xff, 0xff,
    0xff, 0xff, 0x80, 0x0, 0xf, 0xff, 0xff, 0xff,
    0xfd, 0x50, 0x0, 0xff, 0xa0, 0x0, 0x29, 0xff,
    0x60, 0xf, 0xfa, 0x0, 0x0, 0xc, 0xfe, 0x0,
    0xff, 0xa0, 0x0, 0x0, 0xaf, 0xf1, 0xf, 0xfa,
    0x0, 0x0, 0xa, 0xff, 0x10, 0xff, 0xa0, 0x0,
    0x0, 0xdf, 0xf0, 0xf, 0xfa, 0x22, 0x23, 0xaf,
    0xf9, 0x0, 0xff, 0xff, 0xff, 0xff, 0xfd, 0x10,
    0xf, 0xff, 0xff, 0xff, 0xd8, 0x10, 0x0,

    /* U+0043 "C" */
    0x0, 0x3, 0xae, 0xff, 0xb5, 0x0, 0x0, 0x6,
    0xff, 0xff, 0xff, 0xf9, 0x0, 0x3, 0xff, 0xf7,
    0x57, 0xdf, 0xf5, 0x0, 0xbf, 0xf3, 0x0, 0x1,
    0xef, 0xd0, 0x1f, 0xfb, 0x0, 0x0, 0x6, 0xb6,
    0x5, 0xff, 0x60, 0x0, 0x0, 0x0, 0x0, 0x7f,
    0xf5, 0x0, 0x0, 0x0, 0x0, 0x9, 0xff, 0x40,
    0x0, 0x0, 0x0, 0x0, 0x9f, 0xf4, 0x0, 0x0,
    0x0, 0x0, 0x9, 0xff, 0x40, 0x0, 0x0, 0x0,
    0x0, 0x7f, 0xf5, 0x0, 0x0, 0x0, 0x0, 0x5,
    0xff, 0x60, 0x0, 0x0, 0x0, 0x0, 0x1f, 0xfb,
    0x0, 0x0, 0x6, 0xb5, 0x0, 0xbf, 0xf2, 0x0,
    0x1, 0xef, 0xd0, 0x3, 0xff, 0xe7, 0x57, 0xdf,
    0xf5, 0x0, 0x6, 0xff, 0xff, 0xff, 0xf9, 0x0,
    0x0, 0x3, 0xae, 0xff, 0xb5, 0x0, 0x0,

    /* U+0044 "D" */
    0xf, 0xff, 0xff, 0xfd, 0x81, 0x0, 0x0, 0xff,
    0xff, 0xff, 0xff, 0xe2, 0x0, 0xf, 0xfb, 0x44,
    0x5a, 0xff, 0xd0, 0x0, 0xff, 0xa0, 0x0, 0x8,
    0xff, 0x60, 0xf, 0xfa, 0x0, 0x0, 0xf, 0xfc,
    0x0, 0xff, 0xa0, 0x0, 0x0, 0xbf, 0xf0, 0xf,
    0xfa, 0x0, 0x0, 0x9, 0xff, 0x20, 0xff, 0xa0,
    0x0, 0x0, 0x9f, 0xf3, 0xf, 0xfa, 0x0, 0x0,
    0x9, 0xff, 0x40, 0xff, 0xa0, 0x0, 0x0, 0x9f,
    0xf3, 0xf, 0xfa, 0x0, 0x0, 0x9, 0xff, 0x20,
    0xff, 0xa0, 0x0, 0x0, 0xbf, 0xf0, 0xf, 0xfa,
    0x0, 0x0, 0xf, 0xfc, 0x0, 0xff, 0xa0, 0x0,
    0x8, 0xff, 0x60, 0xf, 0xfb, 0x44, 0x5a, 0xff,
    0xd0, 0x0, 0xff, 0xff, 0xff, 0xff, 0xe2, 0x0,
    0xf, 0xff, 0xff, 0xfd, 0x81, 0x0, 0x0,

    /* U+0045 "E" */
    0xff, 0xff, 0xff, 0xff, 0xff, 0x8f, 0xff, 0xff,
    0xff, 0xff, 0xf8, 0xff, 0xd5, 0x55, 0x55, 0x55,
    0x2f, 0xfc, 0x0, 0x0, 0x0, 0x0, 0xff, 0xc0,
    0x0, 0x0, 0x0, 0xf, 0xfc, 0x0, 0x0, 0x0,
    0x0, 0xff, 0xc0, 0x0, 0x0, 0x0, 0xf, 0xff,
    0xff, 0xff, 0xff, 0xf4, 0xff, 0xff, 0xff, 0xff,
    0xff, 0x4f, 0xfd, 0x55, 0x55, 0x55, 0x51, 0xff,
    0xc0, 0x0, 0x0, 0x0, 0xf, 0xfc, 0x0, 0x0,
    0x0, 0x0, 0xff, 0xc0, 0x0, 0x0, 0x0, 0xf,
    0xfc, 0x0, 0x0, 0x0, 0x0, 0xff, 0xd5, 0x55,
    0x55, 0x55, 0x2f, 0xff, 0xff, 0xff, 0xff, 0xf8,
    0xff, 0xff, 0xff, 0xff, 0xff, 0x80,

    /* U+0046 "F" */
    0xff, 0xff, 0xff, 0xff, 0xff, 0xdf, 0xff, 0xff,
    0xff, 0xff, 0xfd, 0xff, 0xd5, 0x55, 0x55, 0x55,
    0x4f, 0xfc, 0x0, 0x0, 0x0, 0x0, 0xff, 0xc0,
    0x0, 0x0, 0x0, 0xf, 0xfc, 0x0, 0x0, 0x0,
    0x0, 0xff, 0xc0, 0x0, 0x0, 0x0, 0xf, 0xff,
    0xff, 0xff, 0xff, 0xf1, 0xff, 0xff, 0xff, 0xff,
    0xff, 0x1f, 0xfd, 0x55, 0x55, 0x55, 0x50, 0xff,
    0xc0, 0x0, 0x0, 0x0, 0xf, 0xfc, 0x0, 0x0,
    0x0, 0x0, 0xff, 0xc0, 0x0, 0x0, 0x0, 0xf,
    0xfc, 0x0, 0x0, 0x0, 0x0, 0xff, 0xc0, 0x0,
    0x0, 0x0, 0xf, 0xfc, 0x0, 0x0, 0x0, 0x0,
    0xff, 0xc0, 0x0, 0x0, 0x0, 0x0,

    /* U+0047 "G" */
    0x0, 0x6, 0xce, 0xfe, 0x92, 0x0, 0x0, 0xbf,
    0xff, 0xff, 0xff, 0x40, 0x8, 0xff, 0xd6, 0x59,
    0xff, 0xe1, 0x1f, 0xfd, 0x0, 0x0, 0x5f, 0xf8,
    0x5f, 0xf6, 0x0, 0x0, 0x9, 0x61, 0x9f, 0xf2,
    0x0, 0x0, 0x0, 0x0, 0xcf, 0xf0, 0x0, 0x0,
    0x0, 0x0, 0xdf, 0xf0, 0x0, 0x11, 0x11, 0x10,
    0xdf, 0xf0, 0x0, 0xef, 0xff, 0xfc, 0xdf, 0xf0,
    0x0, 0xef, 0xff, 0xfc, 0xcf, 0xf0, 0x0, 0x0,
    0xb, 0xfc, 0xaf, 0xf2, 0x0, 0x0, 0xb, 0xfc,
    0x7f, 0xf6, 0x0, 0x0, 0xd, 0xfc, 0x2f, 0xfd,
    0x0, 0x0, 0x4f, 0xfc, 0xb, 0xff, 0xc6, 0x48,
    0xed, 0xfc, 0x1, 0xef, 0xff, 0xff, 0x7b, 0xfc,
    0x0, 0x19, 0xef, 0xd6, 0xb, 0xfc,

    /* U+0048 "H" */
    0x4f, 0xf6, 0x0, 0x0, 0xf, 0xfa, 0x4f, 0xf6,
    0x0, 0x0, 0xf, 0xfa, 0x4f, 0xf6, 0x0, 0x0,
    0xf, 0xfa, 0x4f, 0xf6, 0x0, 0x0, 0xf, 0xfa,
    0x4f, 0xf6, 0x0, 0x0, 0xf, 0xfa, 0x4f, 0xf6,
    0x0, 0x0, 0xf, 0xfa, 0x4f, 0xf6, 0x0, 0x0,
    0xf, 0xfa, 0x4f, 0xff, 0xff, 0xff, 0xff, 0xfa,
    0x4f, 0xff, 0xff, 0xff, 0xff, 0xfa, 0x4f, 0xf9,
    0x55, 0x55, 0x5f, 0xfa, 0x4f, 0xf6, 0x0, 0x0,
    0xf, 0xfa, 0x4f, 0xf6, 0x0, 0x0, 0xf, 0xfa,
    0x4f, 0xf6, 0x0, 0x0, 0xf, 0xfa, 0x4f, 0xf6,
    0x0, 0x0, 0xf, 0xfa, 0x4f, 0xf6, 0x0, 0x0,
    0xf, 0xfa, 0x4f, 0xf6, 0x0, 0x0, 0xf, 0xfa,
    0x4f, 0xf6, 0x0, 0x0, 0xf, 0xfa,

    /* U+0049 "I" */
    0x1f, 0xff, 0xff, 0xff, 0xff, 0xf7, 0x1f, 0xff,
    0xff, 0xff, 0xff, 0xf7, 0x1, 0x11, 0x3f, 0xf9,
    0x11, 0x10, 0x0, 0x0, 0x2f, 0xf8, 0x0, 0x0,
    0x0, 0x0, 0x2f, 0xf8, 0x0, 0x0, 0x0, 0x0,
    0x2f, 0xf8, 0x0, 0x0, 0x0, 0x0, 0x2f, 0xf8,
    0x0, 0x0, 0x0, 0x0, 0x2f, 0xf8, 0x0, 0x0,
    0x0, 0x0, 0x2f, 0xf8, 0x0, 0x0, 0x0, 0x0,
    0x2f, 0xf8, 0x0, 0x0, 0x0, 0x0, 0x2f, 0xf8,
    0x0, 0x0, 0x0, 0x0, 0x2f, 0xf8, 0x0, 0x0,
    0x0, 0x0, 0x2f, 0xf8, 0x0, 0x0, 0x0, 0x0,
    0x2f, 0xf8, 0x0, 0x0, 0x1, 0x11, 0x3f, 0xf9,
    0x11, 0x10, 0x1f, 0xff, 0xff, 0xff, 0xff, 0xf7,
    0x1f, 0xff, 0xff, 0xff, 0xff, 0xf7,

    /* U+004A "J" */
    0x0, 0xbf, 0xff, 0xff, 0xff, 0xd0, 0xb, 0xff,
    0xff, 0xff, 0xfd, 0x0, 0x35, 0x55, 0x55, 0xef,
    0xd0, 0x0, 0x0, 0x0, 0xd, 0xfd, 0x0, 0x0,
    0x0, 0x0, 0xdf, 0xd0, 0x0, 0x0, 0x0, 0xd,
    0xfd, 0x0, 0x0, 0x0, 0x0, 0xdf, 0xd0, 0x0,
    0x0, 0x0, 0xd, 0xfd, 0x0, 0x0, 0x0, 0x0,
    0xdf, 0xd0, 0x0, 0x0, 0x0, 0xd, 0xfd, 0x0,
    0x0, 0x0, 0x0, 0xdf, 0xd0, 0x0, 0x0, 0x0,
    0xd, 0xfd, 0x26, 0x90, 0x0, 0x0, 0xff, 0xc5,
    0xff, 0x70, 0x0, 0x3f, 0xfa, 0xe, 0xff, 0x95,
    0x7e, 0xff, 0x40, 0x3f, 0xff, 0xff, 0xff, 0x90,
    0x0, 0x2a, 0xef, 0xeb, 0x40, 0x0,

    /* U+004B "K" */
    0x2f, 0xf9, 0x0, 0x0, 0x8, 0xff, 0x80, 0x2f,
    0xf9, 0x0, 0x0, 0x5f, 0xfc, 0x0, 0x2f, 0xf9,
    0x0, 0x2, 0xff, 0xe1, 0x0, 0x2f, 0xf9, 0x0,
    0xd, 0xff, 0x30, 0x0, 0x2f, 0xf9, 0x0, 0xaf,
    0xf7, 0x0, 0x0, 0x2f, 0xf9, 0x6, 0xff, 0xa0,
    0x0, 0x0, 0x2f, 0xf9, 0x2f, 0xfd, 0x0, 0x0,
    0x0, 0x2f, 0xf9, 0xdf, 0xf9, 0x0, 0x0, 0x0,
    0x2f, 0xff, 0xff, 0xff, 0x30, 0x0, 0x0, 0x2f,
    0xff, 0xf8, 0xff, 0xc0, 0x0, 0x0, 0x2f, 0xff,
    0x80, 0xaf, 0xf5, 0x0, 0x0, 0x2f, 0xfc, 0x0,
    0x1f, 0xfe, 0x0, 0x0, 0x2f, 0xf9, 0x0, 0x8,
    0xff, 0x80, 0x0, 0x2f, 0xf9, 0x0, 0x0, 0xef,
    0xf2, 0x0, 0x2f, 0xf9, 0x0, 0x0, 0x5f, 0xfa,
    0x0, 0x2f, 0xf9, 0x0, 0x0, 0xc, 0xff, 0x40,
    0x2f, 0xf9, 0x0, 0x0, 0x3, 0xff, 0xd0,

    /* U+004C "L" */
    0x6f, 0xf4, 0x0, 0x0, 0x0, 0x6, 0xff, 0x40,
    0x0, 0x0, 0x0, 0x6f, 0xf4, 0x0, 0x0, 0x0,
    0x6, 0xff, 0x40, 0x0, 0x0, 0x0, 0x6f, 0xf4,
    0x0, 0x0, 0x0, 0x6, 0xff, 0x40, 0x0, 0x0,
    0x0, 0x6f, 0xf4, 0x0, 0x0, 0x0, 0x6, 0xff,
    0x40, 0x0, 0x0, 0x0, 0x6f, 0xf4, 0x0, 0x0,
    0x0, 0x6, 0xff, 0x40, 0x0, 0x0, 0x0, 0x6f,
    0xf4, 0x0, 0x0, 0x0, 0x6, 0xff, 0x40, 0x0,
    0x0, 0x0, 0x6f, 0xf4, 0x0, 0x0, 0x0, 0x6,
    0xff, 0x40, 0x0, 0x0, 0x0, 0x6f, 0xf8, 0x55,
    0x55, 0x55, 0x46, 0xff, 0xff, 0xff, 0xff, 0xfe,
    0x6f, 0xff, 0xff, 0xff, 0xff, 0xe0,

    /* U+004D "M" */
    0xaf, 0xfd, 0x0, 0x0, 0x3f, 0xff, 0x1a, 0xff,
    0xf3, 0x0, 0x9, 0xff, 0xf1, 0xaf, 0xff, 0x90,
    0x0, 0xff, 0xff, 0x1a, 0xff, 0xfe, 0x0, 0x6f,
    0xff, 0xf1, 0xaf, 0xad, 0xf5, 0xc, 0xf8, 0xff,
    0x1a, 0xfa, 0x7f, 0xb2, 0xfe, 0x4f, 0xf1, 0xaf,
    0xa1, 0xff, 0xaf, 0x84, 0xff, 0x1a, 0xfb, 0xb,
    0xff, 0xf2, 0x4f, 0xf1, 0xaf, 0xb0, 0x5f, 0xfb,
    0x4, 0xff, 0x1a, 0xfb, 0x0, 0xef, 0x50, 0x5f,
    0xf1, 0xaf, 0xb0, 0x9, 0xe0, 0x5, 0xff, 0x1a,
    0xfb, 0x0, 0x29, 0x0, 0x5f, 0xf1, 0xaf, 0xb0,
    0x0, 0x10, 0x5, 0xff, 0x1a, 0xfb, 0x0, 0x0,
    0x0, 0x5f, 0xf1, 0xaf, 0xb0, 0x0, 0x0, 0x5,
    0xff, 0x1a, 0xfb, 0x0, 0x0, 0x0, 0x5f, 0xf1,
    0xaf, 0xb0, 0x0, 0x0, 0x5, 0xff, 0x10,

    /* U+004E "N" */
    0x4f, 0xff, 0x50, 0x0, 0xb, 0xfa, 0x4f, 0xff,
    0xc0, 0x0, 0xb, 0xfa, 0x4f, 0xff, 0xf2, 0x0,
    0xb, 0xfa, 0x4f, 0xff, 0xf8, 0x0, 0xb, 0xfa,
    0x4f, 0xf9, 0xfe, 0x0, 0xb, 0xfa, 0x4f, 0xf3,
    0xff, 0x40, 0xb, 0xfa, 0x4f, 0xf1, 0xbf, 0xa0,
    0xb, 0xfa, 0x4f, 0xf1, 0x5f, 0xf0, 0xb, 0xfa,
    0x4f, 0xf1, 0xf, 0xf6, 0xb, 0xfa, 0x4f, 0xf1,
    0x9, 0xfc, 0xb, 0xfa, 0x4f, 0xf1, 0x3, 0xff,
    0x2b, 0xfa, 0x4f, 0xf1, 0x0, 0xdf, 0x8b, 0xfa,
    0x4f, 0xf1, 0x0, 0x7f, 0xeb, 0xfa, 0x4f, 0xf1,
    0x0, 0x1f, 0xff, 0xfa, 0x4f, 0xf1, 0x0, 0xb,
    0xff, 0xfa, 0x4f, 0xf1, 0x0, 0x5, 0xff, 0xfa,
    0x4f, 0xf1, 0x0, 0x0, 0xef, 0xfa,

    /* U+004F "O" */
    0x0, 0x6, 0xce, 0xfd, 0x91, 0x0, 0x0, 0xc,
    0xff, 0xff, 0xff, 0xf3, 0x0, 0x9, 0xff, 0xc6,
    0x58, 0xff, 0xe1, 0x2, 0xff, 0xc0, 0x0, 0x6,
    0xff, 0x80, 0x7f, 0xf5, 0x0, 0x0, 0xe, 0xfd,
    0xa, 0xff, 0x0, 0x0, 0x0, 0xaf, 0xf1, 0xdf,
    0xf0, 0x0, 0x0, 0x9, 0xff, 0x3e, 0xfe, 0x0,
    0x0, 0x0, 0x8f, 0xf4, 0xef, 0xe0, 0x0, 0x0,
    0x8, 0xff, 0x5e, 0xfe, 0x0, 0x0, 0x0, 0x8f,
    0xf4, 0xdf, 0xf0, 0x0, 0x0, 0x9, 0xff, 0x3a,
    0xff, 0x0, 0x0, 0x0, 0xaf, 0xf1, 0x7f, 0xf5,
    0x0, 0x0, 0xe, 0xfd, 0x2, 0xff, 0xc0, 0x0,
    0x5, 0xff, 0x80, 0x9, 0xff, 0xc6, 0x58, 0xff,
    0xe1, 0x0, 0xc, 0xff, 0xff, 0xff, 0xf3, 0x0,
    0x0, 0x6, 0xce, 0xfd, 0x91, 0x0, 0x0,

    /* U+0050 "P" */
    0xff, 0xff, 0xff, 0xfd, 0x91, 0x0, 0xff, 0xff,
    0xff, 0xff, 0xfe, 0x10, 0xff, 0xc4, 0x44, 0x6b,
    0xff, 0xa0, 0xff, 0xb0, 0x0, 0x0, 0xdf, 0xf0,
    0xff, 0xb0, 0x0, 0x0, 0xaf, 0xf2, 0xff, 0xb0,
    0x0, 0x0, 0xaf, 0xf2, 0xff, 0xb0, 0x0, 0x0,
    0xcf, 0xf1, 0xff, 0xb0, 0x0, 0x17, 0xff, 0xc0,
    0xff, 0xff, 0xff, 0xff, 0xff, 0x40, 0xff, 0xff,
    0xff, 0xff, 0xe4, 0x0, 0xff, 0xc4, 0x44, 0x42,
    0x0, 0x0, 0xff, 0xb0, 0x0, 0x0, 0x0, 0x0,
    0xff, 0xb0, 0x0, 0x0, 0x0, 0x0, 0xff, 0xb0,
    0x0, 0x0, 0x0, 0x0, 0xff, 0xb0, 0x0, 0x0,
    0x0, 0x0, 0xff, 0xb0, 0x0, 0x0, 0x0, 0x0,
    0xff, 0xb0, 0x0, 0x0, 0x0, 0x0,

    /* U+0051 "Q" */
    0x0, 0x6, 0xce, 0xfd, 0x81, 0x0, 0x0, 0xb,
    0xff, 0xff, 0xff, 0xe2, 0x0, 0x8, 0xff, 0xc6,
    0x59, 0xff, 0xd0, 0x1, 0xff, 0xc0, 0x0, 0x6,
    0xff, 0x60, 0x6f, 0xf6, 0x0, 0x0, 0xf, 0xfc,
    0x9, 0xff, 0x10, 0x0, 0x0, 0xbf, 0xf0, 0xcf,
    0xf0, 0x0, 0x0, 0x9, 0xff, 0x2d, 0xfe, 0x0,
    0x0, 0x0, 0x8f, 0xf4, 0xef, 0xe0, 0x0, 0x0,
    0x8, 0xff, 0x5e, 0xfe, 0x0, 0x0, 0x0, 0x8f,
    0xf5, 0xef, 0xe0, 0x0, 0x0, 0x8, 0xff, 0x4c,
    0xff, 0x0, 0x0, 0x0, 0x9f, 0xf2, 0xaf, 0xf1,
    0x0, 0x0, 0xb, 0xff, 0x6, 0xff, 0x60, 0x0,
    0x0, 0xff, 0xc0, 0x1f, 0xfd, 0x0, 0x0, 0x7f,
    0xf6, 0x0, 0x7f, 0xfd, 0x76, 0xaf, 0xfd, 0x0,
    0x0, 0xaf, 0xff, 0xff, 0xfe, 0x20, 0x0, 0x0,
    0x5b, 0xff, 0xd8, 0x10, 0x0, 0x0, 0x0, 0xf,
    0xf6, 0x0, 0x0, 0x0, 0x0, 0x0, 0xef, 0x71,
    0x11, 0x0, 0x0, 0x0, 0x9, 0xff, 0xff, 0xf2,
    0x0, 0x0, 0x0, 0x1a, 0xef, 0xff, 0x20,

    /* U+0052 "R" */
    0xff, 0xff, 0xff, 0xfd, 0x91, 0x0, 0xff, 0xff,
    0xff, 0xff, 0xfe, 0x10, 0xff, 0xc4, 0x44, 0x6b,
    0xff, 0xa0, 0xff, 0xb0, 0x0, 0x0, 0xdf, 0xf0,
    0xff, 0xb0, 0x0, 0x0, 0xaf, 0xf2, 0xff, 0xb0,
    0x0, 0x0, 0xaf, 0xf2, 0xff, 0xb0, 0x0, 0x0,
    0xdf, 0xf0, 0xff, 0xc3, 0x33, 0x4a, 0xff, 0x90,
    0xff, 0xff, 0xff, 0xff, 0xfd, 0x10, 0xff, 0xff,
    0xff, 0xfe, 0x60, 0x0, 0xff, 0xb0, 0xd, 0xfe,
    0x0, 0x0, 0xff, 0xb0, 0x5, 0xff, 0x80, 0x0,
    0xff, 0xb0, 0x0, 0xdf, 0xf1, 0x0, 0xff, 0xb0,
    0x0, 0x5f, 0xf9, 0x0, 0xff, 0xb0, 0x0, 0xc,
    0xff, 0x20, 0xff, 0xb0, 0x0, 0x4, 0xff, 0xa0,
    0xff, 0xb0, 0x0, 0x0, 0xcf, 0xf2,

    /* U+0053 "S" */
    0x0, 0x1, 0x8c, 0xff, 0xeb, 0x60, 0x0, 0x0,
    0x3e, 0xff, 0xff, 0xff, 0xfd, 0x20, 0x0, 0xef,
    0xfb, 0x65, 0x6c, 0xff, 0xb0, 0x4, 0xff, 0xa0,
    0x0, 0x0, 0x6d, 0x10, 0x6, 0xff, 0x50, 0x0,
    0x0, 0x0, 0x0, 0x5, 0xff, 0x60, 0x0, 0x0,
    0x0, 0x0, 0x1, 0xff, 0xe5, 0x0, 0x0, 0x0,
    0x0, 0x0, 0x8f, 0xff, 0xfc, 0x96, 0x10, 0x0,
    0x0, 0x6, 0xef, 0xff, 0xff, 0xf7, 0x0, 0x0,
    0x0, 0x2, 0x58, 0xcf, 0xff, 0x60, 0x0, 0x0,
    0x0, 0x0, 0x3, 0xff, 0xe0, 0x0, 0x0, 0x0,
    0x0, 0x0, 0xaf, 0xf1, 0x0, 0x30, 0x0, 0x0,
    0x0, 0xaf, 0xf1, 0x6, 0xfa, 0x0, 0x0, 0x1,
    0xef, 0xe0, 0xb, 0xff, 0xe8, 0x55, 0x7e, 0xff,
    0x70, 0x0, 0xaf, 0xff, 0xff, 0xff, 0xfa, 0x0,
    0x0, 0x3, 0x9d, 0xff, 0xea, 0x40, 0x0,

    /* U+0054 "T" */
    0x6f, 0xff, 0xff, 0xff, 0xff, 0xff, 0xfc, 0x6f,
    0xff, 0xff, 0xff, 0xff, 0xff, 0xfc, 0x25, 0x55,
    0x56, 0xff, 0xb5, 0x55, 0x53, 0x0, 0x0, 0x2,
    0xff, 0x80, 0x0, 0x0, 0x0, 0x0, 0x2, 0xff,
    0x80, 0x0, 0x0, 0x0, 0x0, 0x2, 0xff, 0x80,
    0x0, 0x0, 0x0, 0x0, 0x2, 0xff, 0x80, 0x0,
    0x0, 0x0, 0x0, 0x2, 0xff, 0x80, 0x0, 0x0,
    0x0, 0x0, 0x2, 0xff, 0x80, 0x0, 0x0, 0x0,
    0x0, 0x2, 0xff, 0x80, 0x0, 0x0, 0x0, 0x0,
    0x2, 0xff, 0x80, 0x0, 0x0, 0x0, 0x0, 0x2,
    0xff, 0x80, 0x0, 0x0, 0x0, 0x0, 0x2, 0xff,
    0x80, 0x0, 0x0, 0x0, 0x0, 0x2, 0xff, 0x80,
    0x0, 0x0, 0x0, 0x0, 0x2, 0xff, 0x80, 0x0,
    0x0, 0x0, 0x0, 0x2, 0xff, 0x80, 0x0, 0x0,
    0x0, 0x0, 0x2, 0xff, 0x80, 0x0, 0x0,

    /* U+0055 "U" */
    0x5f, 0xf5, 0x0, 0x0, 0xf, 0xfc, 0x5f, 0xf5,
    0x0, 0x0, 0xf, 0xfc, 0x5f, 0xf5, 0x0, 0x0,
    0xf, 0xfc, 0x5f, 0xf5, 0x0, 0x0, 0xf, 0xfc,
    0x5f, 0xf5, 0x0, 0x0, 0xf, 0xfc, 0x5f, 0xf5,
    0x0, 0x0, 0xf, 0xfc, 0x5f, 0xf5, 0x0, 0x0,
    0xf, 0xfc, 0x5f, 0xf5, 0x0, 0x0, 0xf, 0xfc,
    0x5f, 0xf5, 0x0, 0x0, 0xf, 0xfc, 0x5f, 0xf5,
    0x0, 0x0, 0xf, 0xfb, 0x5f, 0xf5, 0x0, 0x0,
    0xf, 0xfb, 0x4f, 0xf6, 0x0, 0x0, 0xf, 0xfb,
    0x3f, 0xf8, 0x0, 0x0, 0x1f, 0xf9, 0xf, 0xfc,
    0x0, 0x0, 0x6f, 0xf6, 0xa, 0xff, 0xb5, 0x58,
    0xff, 0xf1, 0x2, 0xef, 0xff, 0xff, 0xff, 0x70,
    0x0, 0x19, 0xdf, 0xfe, 0xb4, 0x0,

    /* U+0056 "V" */
    0x4f, 0xfa, 0x0, 0x0, 0x0, 0x1f, 0xfa, 0xf,
    0xfe, 0x0, 0x0, 0x0, 0x6f, 0xf6, 0xb, 0xff,
    0x20, 0x0, 0x0, 0xaf, 0xf1, 0x6, 0xff, 0x60,
    0x0, 0x0, 0xef, 0xd0, 0x2, 0xff, 0xa0, 0x0,
    0x2, 0xff, 0x80, 0x0, 0xef, 0xe0, 0x0, 0x6,
    0xff, 0x40, 0x0, 0x9f, 0xf2, 0x0, 0xa, 0xff,
    0x0, 0x0, 0x5f, 0xf7, 0x0, 0xe, 0xfb, 0x0,
    0x0, 0xf, 0xfb, 0x0, 0x3f, 0xf6, 0x0, 0x0,
    0xc, 0xff, 0x0, 0x7f, 0xf2, 0x0, 0x0, 0x7,
    0xff, 0x30, 0xbf, 0xe0, 0x0, 0x0, 0x3, 0xff,
    0x70, 0xff, 0x90, 0x0, 0x0, 0x0, 0xef, 0xb3,
    0xff, 0x50, 0x0, 0x0, 0x0, 0xaf, 0xf7, 0xff,
    0x10, 0x0, 0x0, 0x0, 0x5f, 0xfe, 0xfc, 0x0,
    0x0, 0x0, 0x0, 0x1f, 0xff, 0xf7, 0x0, 0x0,
    0x0, 0x0, 0xd, 0xff, 0xf3, 0x0, 0x0,

    /* U+0057 "W" */
    0x5f, 0xf0, 0x0, 0x0, 0x0, 0x7, 0xfc, 0x4f,
    0xf0, 0x0, 0x0, 0x0, 0x8, 0xfb, 0x3f, 0xf1,
    0x0, 0x0, 0x0, 0x9, 0xf9, 0x2f, 0xf2, 0x0,
    0x0, 0x0, 0xa, 0xf8, 0x1f, 0xf3, 0x3, 0xff,
    0xa0, 0xb, 0xf7, 0xf, 0xf4, 0x5, 0xff, 0xd0,
    0xc, 0xf6, 0xf, 0xf5, 0x8, 0xff, 0xf0, 0xd,
    0xf5, 0xe, 0xf6, 0xb, 0xfb, 0xf3, 0xe, 0xf4,
    0xc, 0xf7, 0xe, 0xd7, 0xf6, 0xf, 0xf3, 0xb,
    0xf8, 0x1f, 0xb4, 0xf9, 0xf, 0xf1, 0xa, 0xf9,
    0x4f, 0x81, 0xfc, 0x1f, 0xf0, 0x9, 0xfa, 0x7f,
    0x50, 0xff, 0x3f, 0xf0, 0x8, 0xfb, 0xaf, 0x20,
    0xcf, 0x6f, 0xe0, 0x7, 0xfc, 0xdf, 0x0, 0x9f,
    0xaf, 0xd0, 0x6, 0xff, 0xfd, 0x0, 0x6f, 0xff,
    0xc0, 0x5, 0xff, 0xfa, 0x0, 0x4f, 0xff, 0xb0,
    0x3, 0xff, 0xf7, 0x0, 0x1f, 0xff, 0xa0,

    /* U+0058 "X" */
    0xe, 0xff, 0x10, 0x0, 0x0, 0x6f, 0xf7, 0x5,
    0xff, 0xa0, 0x0, 0x1, 0xef, 0xd0, 0x0, 0xcf,
    0xf3, 0x0, 0x9, 0xff, 0x40, 0x0, 0x3f, 0xfc,
    0x0, 0x2f, 0xfa, 0x0, 0x0, 0x9, 0xff, 0x50,
    0xbf, 0xf2, 0x0, 0x0, 0x1, 0xff, 0xd4, 0xff,
    0x80, 0x0, 0x0, 0x0, 0x7f, 0xff, 0xfe, 0x0,
    0x0, 0x0, 0x0, 0xd, 0xff, 0xf5, 0x0, 0x0,
    0x0, 0x0, 0x9, 0xff, 0xf1, 0x0, 0x0, 0x0,
    0x0, 0x2f, 0xff, 0xf9, 0x0, 0x0, 0x0, 0x0,
    0xbf, 0xfc, 0xff, 0x20, 0x0, 0x0, 0x4, 0xff,
    0x72, 0xff, 0xc0, 0x0, 0x0, 0xd, 0xfe, 0x0,
    0x9f, 0xf5, 0x0, 0x0, 0x7f, 0xf5, 0x0, 0x1f,
    0xfe, 0x0, 0x1, 0xff, 0xc0, 0x0, 0x7, 0xff,
    0x80, 0xa, 0xff, 0x30, 0x0, 0x0, 0xef, 0xf2,
    0x4f, 0xf9, 0x0, 0x0, 0x0, 0x5f, 0xfa,

    /* U+0059 "Y" */
    0x7f, 0xf8, 0x0, 0x0, 0x0, 0x1f, 0xfd, 0x0,
    0xef, 0xf1, 0x0, 0x0, 0x9, 0xff, 0x50, 0x6,
    0xff, 0x80, 0x0, 0x1, 0xff, 0xc0, 0x0, 0xd,
    0xff, 0x10, 0x0, 0x9f, 0xf4, 0x0, 0x0, 0x5f,
    0xf8, 0x0, 0x1f, 0xfb, 0x0, 0x0, 0x0, 0xdf,
    0xf1, 0x9, 0xff, 0x30, 0x0, 0x0, 0x4, 0xff,
    0x81, 0xff, 0xb0, 0x0, 0x0, 0x0, 0xc, 0xfe,
    0x9f, 0xf2, 0x0, 0x0, 0x0, 0x0, 0x3f, 0xff,
    0xfa, 0x0, 0x0, 0x0, 0x0, 0x0, 0xbf, 0xff,
    0x20, 0x0, 0x0, 0x0, 0x0, 0x3, 0xff, 0xa0,
    0x0, 0x0, 0x0, 0x0, 0x0, 0x2f, 0xf8, 0x0,
    0x0, 0x0, 0x0, 0x0, 0x2, 0xff, 0x80, 0x0,
    0x0, 0x0, 0x0, 0x0, 0x2f, 0xf8, 0x0, 0x0,
    0x0, 0x0, 0x0, 0x2, 0xff, 0x80, 0x0, 0x0,
    0x0, 0x0, 0x0, 0x2f, 0xf8, 0x0, 0x0, 0x0,
    0x0, 0x0, 0x2, 0xff, 0x80, 0x0, 0x0, 0x0,

    /* U+005A "Z" */
    0x8f, 0xff, 0xff, 0xff, 0xff, 0xfe, 0x8, 0xff,
    0xff, 0xff, 0xff, 0xff, 0xe0, 0x25, 0x55, 0x55,
    0x55, 0x8f, 0xfc, 0x0, 0x0, 0x0, 0x0, 0xd,
    0xff, 0x20, 0x0, 0x0, 0x0, 0x9, 0xff, 0x60,
    0x0, 0x0, 0x0, 0x5, 0xff, 0xb0, 0x0, 0x0,
    0x0, 0x1, 0xef, 0xe1, 0x0, 0x0, 0x0, 0x0,
    0xcf, 0xf4, 0x0, 0x0, 0x0, 0x0, 0x7f, 0xf8,
    0x0, 0x0, 0x0, 0x0, 0x3f, 0xfc, 0x0, 0x0,
    0x0, 0x0, 0xd, 0xff, 0x20, 0x0, 0x0, 0x0,
    0xa, 0xff, 0x60, 0x0, 0x0, 0x0, 0x5, 0xff,
    0xa0, 0x0, 0x0, 0x0, 0x2, 0xff, 0xe1, 0x0,
    0x0, 0x0, 0x0, 0xbf, 0xf8, 0x55, 0x55, 0x55,
    0x55, 0x1d, 0xff, 0xff, 0xff, 0xff, 0xff, 0xf4,
    0xdf, 0xff, 0xff, 0xff, 0xff, 0xff, 0x40,

    /* U+005B "[" */
    0xf, 0xff, 0xff, 0xff, 0x20, 0xff, 0xee, 0xee,
    0xe2, 0xf, 0xf2, 0x0, 0x0, 0x0, 0xff, 0x20,
    0x0, 0x0, 0xf, 0xf2, 0x0, 0x0, 0x0, 0xff,
    0x20, 0x0, 0x0, 0xf, 0xf2, 0x0, 0x0, 0x0,
    0xff, 0x20, 0x0, 0x0, 0xf, 0xf2, 0x0, 0x0,
    0x0, 0xff, 0x20, 0x0, 0x0, 0xf, 0xf2, 0x0,
    0x0, 0x0, 0xff, 0x20, 0x0, 0x0, 0xf, 0xf2,
    0x0, 0x0, 0x0, 0xff, 0x20, 0x0, 0x0, 0xf,
    0xf2, 0x0, 0x0, 0x0, 0xff, 0x20, 0x0, 0x0,
    0xf, 0xf2, 0x0, 0x0, 0x0, 0xff, 0x20, 0x0,
    0x0, 0xf, 0xf2, 0x0, 0x0, 0x0, 0xff, 0x20,
    0x0, 0x0, 0xf, 0xfe, 0xee, 0xee, 0x20, 0xff,
    0xff, 0xff, 0xf2,

    /* U+005C "\\" */
    0xd, 0xf7, 0x0, 0x0, 0x0, 0x0, 0x7, 0xfd,
    0x0, 0x0, 0x0, 0x0, 0x1, 0xff, 0x30, 0x0,
    0x0, 0x0, 0x0, 0xbf, 0x90, 0x0, 0x0, 0x0,
    0x0, 0x5f, 0xe0, 0x0, 0x0, 0x0, 0x0, 0xf,
    0xf5, 0x0, 0x0, 0x0, 0x0, 0xa, 0xfb, 0x0,
    0x0, 0x0, 0x0, 0x4, 0xff, 0x10, 0x0, 0x0,
    0x0, 0x0, 0xef, 0x70, 0x0, 0x0, 0x0, 0x0,
    0x8f, 0xc0, 0x0, 0x0, 0x0, 0x0, 0x2f, 0xf2,
    0x0, 0x0, 0x0, 0x0, 0xc, 0xf8, 0x0, 0x0,
    0x0, 0x0, 0x6, 0xfe, 0x0, 0x0, 0x0, 0x0,
    0x1, 0xff, 0x40, 0x0, 0x0, 0x0, 0x0, 0xaf,
    0xa0, 0x0, 0x0, 0x0, 0x0, 0x5f, 0xf0, 0x0,
    0x0, 0x0, 0x0, 0xe, 0xf6, 0x0, 0x0, 0x0,
    0x0, 0x9, 0xfc, 0x0, 0x0, 0x0, 0x0, 0x3,
    0xff, 0x10, 0x0, 0x0, 0x0, 0x0, 0xdf, 0x70,
    0x0, 0x0, 0x0, 0x0, 0x7f, 0xd0, 0x0, 0x0,
    0x0, 0x0, 0x1f, 0xf3,

    /* U+005D "]" */
    0xcf, 0xff, 0xff, 0xf7, 0xbe, 0xee, 0xef, 0xf7,
    0x0, 0x0, 0xb, 0xf7, 0x0, 0x0, 0xb, 0xf7,
    0x0, 0x0, 0xb, 0xf7, 0x0, 0x0, 0xb, 0xf7,
    0x0, 0x0, 0xb, 0xf7, 0x0, 0x0, 0xb, 0xf7,
    0x0, 0x0, 0xb, 0xf7, 0x0, 0x0, 0xb, 0xf7,
    0x0, 0x0, 0xb, 0xf7, 0x0, 0x0, 0xb, 0xf7,
    0x0, 0x0, 0xb, 0xf7, 0x0, 0x0, 0xb, 0xf7,
    0x0, 0x0, 0xb, 0xf7, 0x0, 0x0, 0xb, 0xf7,
    0x0, 0x0, 0xb, 0xf7, 0x0, 0x0, 0xb, 0xf7,
    0x0, 0x0, 0xb, 0xf7, 0x0, 0x0, 0xb, 0xf7,
    0xae, 0xee, 0xef, 0xf7, 0xcf, 0xff, 0xff, 0xf7,

    /* U+005E "^" */
    0x0, 0x0, 0x7, 0xff, 0xd0, 0x0, 0x0, 0x0,
    0x0, 0xe, 0xff, 0xf5, 0x0, 0x0, 0x0, 0x0,
    0x7f, 0xfc, 0xfd, 0x0, 0x0, 0x0, 0x0, 0xef,
    0x73, 0xff, 0x60, 0x0, 0x0, 0x8, 0xfe, 0x0,
    0xbf, 0xe0, 0x0, 0x0, 0x1f, 0xf7, 0x0, 0x3f,
    0xf6, 0x0, 0x0, 0x8f, 0xe0, 0x0, 0xb, 0xfe,
    0x0, 0x1, 0xff, 0x70, 0x0, 0x2, 0xff, 0x60,
    0x8, 0xfe, 0x0, 0x0, 0x0, 0xaf, 0xe0, 0xd,
    0xf7, 0x0, 0x0, 0x0, 0x2f, 0xf4, 0x0, 0x60,
    0x0, 0x0, 0x0, 0x6, 0x10,

    /* U+005F "_" */
    0x25, 0x55, 0x55, 0x55, 0x55, 0x54, 0x9f, 0xff,
    0xff, 0xff, 0xff, 0xff, 0x9f, 0xff, 0xff, 0xff,
    0xff, 0xff,

    /* U+0060 "`" */
    0x1, 0x30, 0x7, 0xfd, 0x0, 0x4f, 0xf5, 0x0,
    0x9f, 0xd0, 0x0, 0xdf, 0x50, 0x3, 0x70,

    /* U+0061 "a" */
    0x0, 0x29, 0xdf, 0xfc, 0x70, 0x0, 0x0, 0x6f,
    0xff, 0xff, 0xff, 0xc0, 0x0, 0xe, 0xfa, 0x31,
    0x3b, 0xff, 0x70, 0x0, 0x16, 0x0, 0x0, 0xe,
    0xfc, 0x0, 0x0, 0x0, 0x0, 0x0, 0xcf, 0xd0,
    0x0, 0x2, 0x79, 0xab, 0xbe, 0xfd, 0x0, 0x7,
    0xff, 0xff, 0xff, 0xff, 0xd0, 0x3, 0xff, 0xb3,
    0x0, 0xc, 0xfd, 0x0, 0x7f, 0xf2, 0x0, 0x0,
    0xcf, 0xd0, 0x8, 0xff, 0x20, 0x0, 0xe, 0xfd,
    0x0, 0x5f, 0xfa, 0x10, 0x2b, 0xff, 0xe2, 0x0,
    0xcf, 0xff, 0xff, 0xe6, 0xff, 0xf6, 0x0, 0x8e,
    0xfe, 0xa1, 0xa, 0xff, 0x60,

    /* U+0062 "b" */
    0x1f, 0xf8, 0x0, 0x0, 0x0, 0x0, 0x1, 0xff,
    0x80, 0x0, 0x0, 0x0, 0x0, 0x1f, 0xf8, 0x0,
    0x0, 0x0, 0x0, 0x1, 0xff, 0x80, 0x0, 0x0,
    0x0, 0x0, 0x1f, 0xf8, 0x0, 0x0, 0x0, 0x0,
    0x1, 0xff, 0x80, 0x8e, 0xfd, 0x70, 0x0, 0x1f,
    0xf8, 0xbf, 0xff, 0xff, 0xb0, 0x1, 0xff, 0xdb,
    0x43, 0x6e, 0xff, 0x60, 0x1f, 0xfc, 0x0, 0x0,
    0x2f, 0xfc, 0x1, 0xff, 0x80, 0x0, 0x0, 0xbf,
    0xf0, 0x1f, 0xf8, 0x0, 0x0, 0x9, 0xff, 0x11,
    0xff, 0x80, 0x0, 0x0, 0x9f, 0xf2, 0x1f, 0xf8,
    0x0, 0x0, 0x9, 0xff, 0x11, 0xff, 0x80, 0x0,
    0x0, 0xbf, 0xf0, 0x1f, 0xfc, 0x0, 0x0, 0x2f,
    0xfc, 0x1, 0xff, 0xdb, 0x43, 0x6e, 0xff, 0x60,
    0x1f, 0xf8, 0xbf, 0xff, 0xff, 0xb0, 0x1, 0xff,
    0x80, 0x8e, 0xfd, 0x70, 0x0,

    /* U+0063 "c" */
    0x0, 0x2, 0xae, 0xfe, 0xb3, 0x0, 0x0, 0x6f,
    0xff, 0xff, 0xff, 0x60, 0x3, 0xff, 0xe6, 0x45,
    0xdf, 0xf2, 0xb, 0xff, 0x20, 0x0, 0xd, 0x80,
    0xf, 0xfa, 0x0, 0x0, 0x0, 0x0, 0x2f, 0xf8,
    0x0, 0x0, 0x0, 0x0, 0x3f, 0xf8, 0x0, 0x0,
    0x0, 0x0, 0x2f, 0xf8, 0x0, 0x0, 0x0, 0x0,
    0xf, 0xfa, 0x0, 0x0, 0x0, 0x0, 0xb, 0xff,
    0x20, 0x0, 0xb, 0xb2, 0x3, 0xff, 0xe7, 0x45,
    0xbf, 0xf5, 0x0, 0x6f, 0xff, 0xff, 0xff, 0x80,
    0x0, 0x2, 0xae, 0xfe, 0xb4, 0x0,

    /* U+0064 "d" */
    0x0, 0x0, 0x0, 0x0, 0x1f, 0xf8, 0x0, 0x0,
    0x0, 0x0, 0x1f, 0xf8, 0x0, 0x0, 0x0, 0x0,
    0x1f, 0xf8, 0x0, 0x0, 0x0, 0x0, 0x1f, 0xf8,
    0x0, 0x0, 0x0, 0x0, 0x1f, 0xf8, 0x0, 0x4b,
    0xfe, 0xb2, 0x1f, 0xf8, 0x5, 0xff, 0xff, 0xff,
    0x4f, 0xf8, 0x1e, 0xff, 0x94, 0x38, 0xdf, 0xf8,
    0x6f, 0xf8, 0x0, 0x0, 0x6f, 0xf8, 0x9f, 0xf2,
    0x0, 0x0, 0x2f, 0xf8, 0xbf, 0xf0, 0x0, 0x0,
    0x1f, 0xf8, 0xcf, 0xf0, 0x0, 0x0, 0x1f, 0xf8,
    0xbf, 0xf0, 0x0, 0x0, 0x1f, 0xf8, 0x9f, 0xf2,
    0x0, 0x0, 0x2f, 0xf8, 0x6f, 0xf8, 0x0, 0x0,
    0x6f, 0xf8, 0x1e, 0xff, 0x94, 0x37, 0xdf, 0xf8,
    0x5, 0xff, 0xff, 0xff, 0x4f, 0xf8, 0x0, 0x4b,
    0xff, 0xb2, 0x1f, 0xf8,

    /* U+0065 "e" */
    0x0, 0x5, 0xbe, 0xfd, 0x91, 0x0, 0x0, 0xaf,
    0xff, 0xff, 0xff, 0x40, 0x7, 0xff, 0x93, 0x14,
    0xdf, 0xe1, 0xf, 0xf9, 0x0, 0x0, 0x2f, 0xf8,
    0x4f, 0xf3, 0x0, 0x0, 0xc, 0xfc, 0x7f, 0xfd,
    0xcc, 0xcc, 0xcf, 0xfe, 0x8f, 0xff, 0xff, 0xff,
    0xff, 0xff, 0x7f, 0xf1, 0x0, 0x0, 0x0, 0x0,
    0x5f, 0xf4, 0x0, 0x0, 0x0, 0x0, 0x1f, 0xfb,
    0x0, 0x0, 0x8, 0x90, 0x8, 0xff, 0xc5, 0x34,
    0xbf, 0xf5, 0x0, 0xaf, 0xff, 0xff, 0xff, 0x90,
    0x0, 0x5, 0xbe, 0xfe, 0xb4, 0x0,

    /* U+0066 "f" */
    0x0, 0x0, 0x2, 0xbe, 0xff, 0xff, 0x20, 0x0,
    0x0, 0xdf, 0xff, 0xff, 0xf2, 0x0, 0x0, 0x1f,
    0xf8, 0x22, 0x22, 0x0, 0x0, 0x2, 0xff, 0x70,
    0x0, 0x0, 0x0, 0x0, 0x2f, 0xf7, 0x0, 0x0,
    0x6, 0xff, 0xff, 0xff, 0xff, 0xff, 0xf2, 0x6f,
    0xff, 0xff, 0xff, 0xff, 0xff, 0x21, 0x22, 0x25,
    0xff, 0x82, 0x22, 0x20, 0x0, 0x0, 0x2f, 0xf7,
    0x0, 0x0, 0x0, 0x0, 0x2, 0xff, 0x70, 0x0,
    0x0, 0x0, 0x0, 0x2f, 0xf7, 0x0, 0x0, 0x0,
    0x0, 0x2, 0xff, 0x70, 0x0, 0x0, 0x0, 0x0,
    0x2f, 0xf7, 0x0, 0x0, 0x0, 0x0, 0x2, 0xff,
    0x70, 0x0, 0x0, 0x0, 0x0, 0x2f, 0xf7, 0x0,
    0x0, 0x0, 0x22, 0x25, 0xff, 0x82, 0x22, 0x10,
    0x2f, 0xff, 0xff, 0xff, 0xff, 0xfa, 0x2, 0xff,
    0xff, 0xff, 0xff, 0xff, 0xa0,

    /* U+0067 "g" */
    0x0, 0x0, 0x0, 0x0, 0x2d, 0xff, 0x50, 0x0,
    0x0, 0x0, 0x8, 0xff, 0xf5, 0x0, 0x6, 0xcf,
    0xff, 0xf8, 0x11, 0x0, 0xc, 0xff, 0xee, 0xff,
    0xf3, 0x0, 0x7, 0xff, 0x40, 0x2, 0xef, 0xc0,
    0x0, 0xdf, 0xb0, 0x0, 0x8, 0xff, 0x0, 0xe,
    0xfa, 0x0, 0x0, 0x6f, 0xf1, 0x0, 0xcf, 0xc0,
    0x0, 0x9, 0xff, 0x0, 0x6, 0xff, 0x71, 0x5,
    0xff, 0x90, 0x0, 0xa, 0xff, 0xff, 0xff, 0xc0,
    0x0, 0x0, 0x3d, 0xcc, 0xdb, 0x60, 0x0, 0x0,
    0x6f, 0x60, 0x0, 0x0, 0x0, 0x0, 0xc, 0xfa,
    0x54, 0x44, 0x42, 0x0, 0x0, 0x7f, 0xff, 0xff,
    0xff, 0xfe, 0x50, 0x0, 0xaf, 0xff, 0xff, 0xff,
    0xff, 0x31, 0xef, 0x20, 0x0, 0x0, 0x5f, 0xf9,
    0x7f, 0xc0, 0x0, 0x0, 0x0, 0xdf, 0xa8, 0xff,
    0x50, 0x0, 0x0, 0x7f, 0xf6, 0x2e, 0xff, 0xfe,
    0xee, 0xff, 0xfb, 0x0, 0x18, 0xce, 0xff, 0xfd,
    0xa5, 0x0,

    /* U+0068 "h" */
    0xff, 0xa0, 0x0, 0x0, 0x0, 0xf, 0xfa, 0x0,
    0x0, 0x0, 0x0, 0xff, 0xa0, 0x0, 0x0, 0x0,
    0xf, 0xfa, 0x0, 0x0, 0x0, 0x0, 0xff, 0xa0,
    0x0, 0x0, 0x0, 0xf, 0xfa, 0x8, 0xdf, 0xd6,
    0x0, 0xff, 0xab, 0xff, 0xff, 0xf7, 0xf, 0xfe,
    0xc5, 0x37, 0xff, 0xf1, 0xff, 0xd0, 0x0, 0x7,
    0xff, 0x5f, 0xfa, 0x0, 0x0, 0x3f, 0xf7, 0xff,
    0xa0, 0x0, 0x1, 0xff, 0x8f, 0xfa, 0x0, 0x0,
    0x1f, 0xf8, 0xff, 0xa0, 0x0, 0x1, 0xff, 0x8f,
    0xfa, 0x0, 0x0, 0x1f, 0xf8, 0xff, 0xa0, 0x0,
    0x1, 0xff, 0x8f, 0xfa, 0x0, 0x0, 0x1f, 0xf8,
    0xff, 0xa0, 0x0, 0x1, 0xff, 0x8f, 0xfa, 0x0,
    0x0, 0x1f, 0xf8,

    /* U+0069 "i" */
    0x0, 0x0, 0x6f, 0xe5, 0x0, 0x0, 0x0, 0x0,
    0xcf, 0xfb, 0x0, 0x0, 0x0, 0x0, 0xaf, 0xf9,
    0x0, 0x0, 0x0, 0x0, 0x5, 0x50, 0x0, 0x0,
    0x0, 0x0, 0x0, 0x0, 0x0, 0x0, 0x9f, 0xff,
    0xff, 0xf4, 0x0, 0x0, 0x9f, 0xff, 0xff, 0xf4,
    0x0, 0x0, 0x12, 0x22, 0x7f, 0xf4, 0x0, 0x0,
    0x0, 0x0, 0x5f, 0xf4, 0x0, 0x0, 0x0, 0x0,
    0x5f, 0xf4, 0x0, 0x0, 0x0, 0x0, 0x5f, 0xf4,
    0x0, 0x0, 0x0, 0x0, 0x5f, 0xf4, 0x0, 0x0,
    0x0, 0x0, 0x5f, 0xf4, 0x0, 0x0, 0x0, 0x0,
    0x5f, 0xf4, 0x0, 0x0, 0x0, 0x0, 0x5f, 0xf4,
    0x0, 0x0, 0x12, 0x22, 0x7f, 0xf6, 0x22, 0x20,
    0x9f, 0xff, 0xff, 0xff, 0xff, 0xf3, 0x9f, 0xff,
    0xff, 0xff, 0xff, 0xf3,

    /* U+006A "j" */
    0x0, 0x0, 0x4, 0xef, 0x70, 0x0, 0x0, 0xaf,
    0xfe, 0x0, 0x0, 0x8, 0xff, 0xc0, 0x0, 0x0,
    0x5, 0x51, 0x0, 0x0, 0x0, 0x0, 0xc, 0xff,
    0xff, 0xff, 0xf7, 0xcf, 0xff, 0xff, 0xff, 0x72,
    0x22, 0x22, 0x5f, 0xf7, 0x0, 0x0, 0x2, 0xff,
    0x70, 0x0, 0x0, 0x2f, 0xf7, 0x0, 0x0, 0x2,
    0xff, 0x70, 0x0, 0x0, 0x2f, 0xf7, 0x0, 0x0,
    0x2, 0xff, 0x70, 0x0, 0x0, 0x2f, 0xf7, 0x0,
    0x0, 0x2, 0xff, 0x70, 0x0, 0x0, 0x2f, 0xf7,
    0x0, 0x0, 0x2, 0xff, 0x70, 0x0, 0x0, 0x2f,
    0xf7, 0x0, 0x0, 0x2, 0xff, 0x70, 0x0, 0x0,
    0x2f, 0xf6, 0x12, 0x22, 0x25, 0xff, 0x5a, 0xff,
    0xff, 0xff, 0xe1, 0xaf, 0xff, 0xff, 0xc3, 0x0,

    /* U+006B "k" */
    0xef, 0xb0, 0x0, 0x0, 0x0, 0x0, 0xef, 0xb0,
    0x0, 0x0, 0x0, 0x0, 0xef, 0xb0, 0x0, 0x0,
    0x0, 0x0, 0xef, 0xb0, 0x0, 0x0, 0x0, 0x0,
    0xef, 0xb0, 0x0, 0x0, 0x0, 0x0, 0xef, 0xb0,
    0x0, 0x4, 0xff, 0xc1, 0xef, 0xb0, 0x0, 0x3f,
    0xfd, 0x10, 0xef, 0xb0, 0x3, 0xff, 0xd1, 0x0,
    0xef, 0xb0, 0x3f, 0xfd, 0x10, 0x0, 0xef, 0xb2,
    0xef, 0xd1, 0x0, 0x0, 0xef, 0xde, 0xff, 0xa0,
    0x0, 0x0, 0xef, 0xff, 0xef, 0xf5, 0x0, 0x0,
    0xef, 0xf9, 0x1e, 0xfe, 0x10, 0x0, 0xef, 0xc0,
    0x4, 0xff, 0xb0, 0x0, 0xef, 0xb0, 0x0, 0x9f,
    0xf7, 0x0, 0xef, 0xb0, 0x0, 0xe, 0xff, 0x20,
    0xef, 0xb0, 0x0, 0x4, 0xff, 0xd0, 0xef, 0xb0,
    0x0, 0x0, 0x9f, 0xf9,

    /* U+006C "l" */
    0x3f, 0xff, 0xff, 0xf8, 0x0, 0x0, 0x3f, 0xff,
    0xff, 0xf8, 0x0, 0x0, 0x2, 0x22, 0x3f, 0xf8,
    0x0, 0x0, 0x0, 0x0, 0x1f, 0xf8, 0x0, 0x0,
    0x0, 0x0, 0x1f, 0xf8, 0x0, 0x0, 0x0, 0x0,
    0x1f, 0xf8, 0x0, 0x0, 0x0, 0x0, 0x1f, 0xf8,
    0x0, 0x0, 0x0, 0x0, 0x1f, 0xf8, 0x0, 0x0,
    0x0, 0x0, 0x1f, 0xf8, 0x0, 0x0, 0x0, 0x0,
    0x1f, 0xf8, 0x0, 0x0, 0x0, 0x0, 0x1f, 0xf8,
    0x0, 0x0, 0x0, 0x0, 0x1f, 0xf8, 0x0, 0x0,
    0x0, 0x0, 0x1f, 0xf8, 0x0, 0x0, 0x0, 0x0,
    0x1f, 0xf8, 0x0, 0x0, 0x0, 0x0, 0x1f, 0xf8,
    0x0, 0x0, 0x2, 0x22, 0x3f, 0xf9, 0x22, 0x21,
    0x3f, 0xff, 0xff, 0xff, 0xff, 0xfa, 0x3f, 0xff,
    0xff, 0xff, 0xff, 0xfa,

    /* U+006D "m" */
    0xff, 0x49, 0xfd, 0x30, 0xaf, 0xe4, 0xf, 0xfa,
    0xff, 0xfd, 0x9f, 0xff, 0xe0, 0xff, 0xb2, 0x6f,
    0xfc, 0x26, 0xff, 0x2f, 0xf5, 0x0, 0xff, 0x50,
    0xf, 0xf4, 0xff, 0x40, 0xe, 0xf4, 0x0, 0xef,
    0x4f, 0xf4, 0x0, 0xef, 0x40, 0xe, 0xf5, 0xff,
    0x40, 0xe, 0xf4, 0x0, 0xef, 0x5f, 0xf4, 0x0,
    0xef, 0x40, 0xe, 0xf5, 0xff, 0x40, 0xe, 0xf4,
    0x0, 0xef, 0x5f, 0xf4, 0x0, 0xef, 0x40, 0xe,
    0xf5, 0xff, 0x40, 0xe, 0xf4, 0x0, 0xef, 0x5f,
    0xf4, 0x0, 0xef, 0x40, 0xe, 0xf5, 0xff, 0x40,
    0xe, 0xf4, 0x0, 0xef, 0x50,

    /* U+006E "n" */
    0xff, 0xa0, 0x8d, 0xfd, 0x60, 0xf, 0xfa, 0xbf,
    0xff, 0xff, 0x70, 0xff, 0xec, 0x53, 0x7f, 0xff,
    0x1f, 0xfd, 0x0, 0x0, 0x7f, 0xf5, 0xff, 0xa0,
    0x0, 0x3, 0xff, 0x7f, 0xfa, 0x0, 0x0, 0x1f,
    0xf8, 0xff, 0xa0, 0x0, 0x1, 0xff, 0x8f, 0xfa,
    0x0, 0x0, 0x1f, 0xf8, 0xff, 0xa0, 0x0, 0x1,
    0xff, 0x8f, 0xfa, 0x0, 0x0, 0x1f, 0xf8, 0xff,
    0xa0, 0x0, 0x1, 0xff, 0x8f, 0xfa, 0x0, 0x0,
    0x1f, 0xf8, 0xff, 0xa0, 0x0, 0x1, 0xff, 0x80,

    /* U+006F "o" */
    0x0, 0x6, 0xce, 0xfd, 0x81, 0x0, 0x0, 0xb,
    0xff, 0xff, 0xff, 0xf3, 0x0, 0xa, 0xff, 0x93,
    0x26, 0xef, 0xe1, 0x2, 0xff, 0x90, 0x0, 0x3,
    0xff, 0x80, 0x7f, 0xf3, 0x0, 0x0, 0xd, 0xfd,
    0x9, 0xff, 0x10, 0x0, 0x0, 0xaf, 0xf0, 0xaf,
    0xf1, 0x0, 0x0, 0xa, 0xff, 0x9, 0xff, 0x10,
    0x0, 0x0, 0xaf, 0xf0, 0x7f, 0xf3, 0x0, 0x0,
    0xd, 0xfd, 0x2, 0xff, 0x90, 0x0, 0x3, 0xff,
    0x80, 0xa, 0xff, 0x93, 0x26, 0xef, 0xe1, 0x0,
    0xc, 0xff, 0xff, 0xff, 0xf4, 0x0, 0x0, 0x6,
    0xcf, 0xfd, 0x91, 0x0, 0x0,

    /* U+0070 "p" */
    0x1f, 0xf8, 0x8, 0xef, 0xd7, 0x0, 0x1, 0xff,
    0x8b, 0xff, 0xff, 0xfb, 0x0, 0x1f, 0xfd, 0xb4,
    0x36, 0xef, 0xf6, 0x1, 0xff, 0xc0, 0x0, 0x2,
    0xff, 0xc0, 0x1f, 0xf8, 0x0, 0x0, 0xb, 0xff,
    0x1, 0xff, 0x80, 0x0, 0x0, 0x9f, 0xf1, 0x1f,
    0xf8, 0x0, 0x0, 0x9, 0xff, 0x21, 0xff, 0x80,
    0x0, 0x0, 0x9f, 0xf1, 0x1f, 0xf8, 0x0, 0x0,
    0xb, 0xff, 0x1, 0xff, 0xc0, 0x0, 0x2, 0xff,
    0xc0, 0x1f, 0xfd, 0xb4, 0x36, 0xef, 0xf6, 0x1,
    0xff, 0x8b, 0xff, 0xff, 0xfb, 0x0, 0x1f, 0xf8,
    0x8, 0xef, 0xd7, 0x0, 0x1, 0xff, 0x80, 0x0,
    0x0, 0x0, 0x0, 0x1f, 0xf8, 0x0, 0x0, 0x0,
    0x0, 0x1, 0xff, 0x80, 0x0, 0x0, 0x0, 0x0,
    0x1f, 0xf8, 0x0, 0x0, 0x0, 0x0, 0x1, 0xff,
    0x80, 0x0, 0x0, 0x0, 0x0,

    /* U+0071 "q" */
    0x0, 0x4b, 0xfe, 0xb2, 0x1f, 0xf8, 0x5, 0xff,
    0xff, 0xff, 0x4f, 0xf8, 0x1e, 0xff, 0x94, 0x38,
    0xdf, 0xf8, 0x6f, 0xf8, 0x0, 0x0, 0x6f, 0xf8,
    0x9f, 0xf2, 0x0, 0x0, 0x2f, 0xf8, 0xbf, 0xf0,
    0x0, 0x0, 0x1f, 0xf8, 0xcf, 0xf0, 0x0, 0x0,
    0x1f, 0xf8, 0xbf, 0xf0, 0x0, 0x0, 0x1f, 0xf8,
    0x9f, 0xf2, 0x0, 0x0, 0x2f, 0xf8, 0x6f, 0xf8,
    0x0, 0x0, 0x6f, 0xf8, 0x1e, 0xff, 0x94, 0x37,
    0xdf, 0xf8, 0x5, 0xff, 0xff, 0xff, 0x4f, 0xf8,
    0x0, 0x4b, 0xff, 0xb2, 0x1f, 0xf8, 0x0, 0x0,
    0x0, 0x0, 0x1f, 0xf8, 0x0, 0x0, 0x0, 0x0,
    0x1f, 0xf8, 0x0, 0x0, 0x0, 0x0, 0x1f, 0xf8,
    0x0, 0x0, 0x0, 0x0, 0x1f, 0xf8, 0x0, 0x0,
    0x0, 0x0, 0x1f, 0xf8,

    /* U+0072 "r" */
    0x2f, 0xff, 0xff, 0xb0, 0x3c, 0xff, 0x72, 0xff,
    0xff, 0xfb, 0x3f, 0xff, 0xf7, 0x2, 0x22, 0xef,
    0xbc, 0xea, 0x99, 0x30, 0x0, 0xe, 0xfe, 0xa0,
    0x0, 0x0, 0x0, 0x0, 0xef, 0xf1, 0x0, 0x0,
    0x0, 0x0, 0xe, 0xfc, 0x0, 0x0, 0x0, 0x0,
    0x0, 0xef, 0xb0, 0x0, 0x0, 0x0, 0x0, 0xe,
    0xfb, 0x0, 0x0, 0x0, 0x0, 0x0, 0xef, 0xb0,
    0x0, 0x0, 0x0, 0x0, 0xe, 0xfb, 0x0, 0x0,
    0x0, 0x2, 0x22, 0xef, 0xc2, 0x22, 0x0, 0x2,
    0xff, 0xff, 0xff, 0xff, 0xf4, 0x0, 0x2f, 0xff,
    0xff, 0xff, 0xff, 0x40, 0x0,

    /* U+0073 "s" */
    0x0, 0x6, 0xce, 0xfe, 0xb6, 0x0, 0x1, 0xdf,
    0xff, 0xff, 0xff, 0xc1, 0xa, 0xff, 0x72, 0x12,
    0x7f, 0xe1, 0xd, 0xfb, 0x0, 0x0, 0x2, 0x20,
    0xd, 0xfe, 0x20, 0x0, 0x0, 0x0, 0x6, 0xff,
    0xfd, 0xa8, 0x40, 0x0, 0x0, 0x7e, 0xff, 0xff,
    0xfe, 0x60, 0x0, 0x0, 0x36, 0x9c, 0xff, 0xf4,
    0x0, 0x0, 0x0, 0x0, 0x2f, 0xf9, 0x6, 0x60,
    0x0, 0x0, 0xf, 0xf9, 0x4f, 0xfb, 0x41, 0x13,
    0xaf, 0xf5, 0x9, 0xff, 0xff, 0xff, 0xff, 0xa0,
    0x0, 0x39, 0xdf, 0xfe, 0xb5, 0x0,

    /* U+0074 "t" */
    0x0, 0x0, 0x1f, 0xf6, 0x0, 0x0, 0x0, 0x0,
    0x1, 0xff, 0x60, 0x0, 0x0, 0x0, 0x0, 0x1f,
    0xf6, 0x0, 0x0, 0x0, 0x0, 0x4, 0xff, 0x60,
    0x0, 0x0, 0xf, 0xff, 0xff, 0xff, 0xff, 0xff,
    0xa0, 0xff, 0xff, 0xff, 0xff, 0xff, 0xfa, 0x2,
    0x22, 0x5f, 0xf7, 0x22, 0x22, 0x10, 0x0, 0x3,
    0xff, 0x60, 0x0, 0x0, 0x0, 0x0, 0x3f, 0xf6,
    0x0, 0x0, 0x0, 0x0, 0x3, 0xff, 0x60, 0x0,
    0x0, 0x0, 0x0, 0x3f, 0xf6, 0x0, 0x0, 0x0,
    0x0, 0x3, 0xff, 0x60, 0x0, 0x0, 0x0, 0x0,
    0x3f, 0xf6, 0x0, 0x0, 0x0, 0x0, 0x3, 0xff,
    0x60, 0x0, 0x0, 0x0, 0x0, 0x1f, 0xf7, 0x22,
    0x22, 0x10, 0x0, 0x0, 0xcf, 0xff, 0xff, 0xfa,
    0x0, 0x0, 0x1, 0xbe, 0xff, 0xff, 0xa0,

    /* U+0075 "u" */
    0x1f, 0xf8, 0x0, 0x0, 0x3f, 0xf6, 0x1f, 0xf8,
    0x0, 0x0, 0x3f, 0xf6, 0x1f, 0xf8, 0x0, 0x0,
    0x3f, 0xf6, 0x1f, 0xf8, 0x0, 0x0, 0x3f, 0xf6,
    0x1f, 0xf8, 0x0, 0x0, 0x3f, 0xf6, 0x1f, 0xf8,
    0x0, 0x0, 0x3f, 0xf6, 0x1f, 0xf8, 0x0, 0x0,
    0x3f, 0xf6, 0x1f, 0xf8, 0x0, 0x0, 0x3f, 0xf6,
    0x1f, 0xf9, 0x0, 0x0, 0x4f, 0xf6, 0xf, 0xfd,
    0x0, 0x0, 0x8f, 0xf6, 0xb, 0xff, 0xb4, 0x38,
    0xef, 0xf6, 0x2, 0xff, 0xff, 0xff, 0x6f, 0xf6,
    0x0, 0x2b, 0xff, 0xb3, 0x3f, 0xf6,

    /* U+0076 "v" */
    0xaf, 0xf0, 0x0, 0x0, 0x8, 0xff, 0x15, 0xff,
    0x50, 0x0, 0x0, 0xdf, 0xb0, 0xf, 0xfa, 0x0,
    0x0, 0x2f, 0xf6, 0x0, 0xaf, 0xe0, 0x0, 0x7,
    0xff, 0x10, 0x4, 0xff, 0x40, 0x0, 0xcf, 0xb0,
    0x0, 0xf, 0xf9, 0x0, 0x1f, 0xf5, 0x0, 0x0,
    0xaf, 0xd0, 0x6, 0xff, 0x0, 0x0, 0x4, 0xff,
    0x20, 0xbf, 0xb0, 0x0, 0x0, 0xe, 0xf7, 0xf,
    0xf5, 0x0, 0x0, 0x0, 0x9f, 0xc5, 0xff, 0x0,
    0x0, 0x0, 0x4, 0xff, 0xcf, 0xa0, 0x0, 0x0,
    0x0, 0xe, 0xff, 0xf5, 0x0, 0x0, 0x0, 0x0,
    0x9f, 0xff, 0x0, 0x0, 0x0,

    /* U+0077 "w" */
    0x7f, 0xc0, 0x1, 0xff, 0x90, 0x4, 0xfd, 0x5f,
    0xe0, 0x4, 0xff, 0xc0, 0x6, 0xfb, 0x3f, 0xf0,
    0x7, 0xff, 0xe0, 0x7, 0xf9, 0xf, 0xf1, 0x9,
    0xf9, 0xf1, 0x9, 0xf7, 0xe, 0xf3, 0xc, 0xd6,
    0xf4, 0xb, 0xf5, 0xc, 0xf5, 0xf, 0xa4, 0xf6,
    0xd, 0xf3, 0xa, 0xf6, 0x1f, 0x81, 0xf9, 0xf,
    0xf0, 0x8, 0xf8, 0x4f, 0x50, 0xec, 0xf, 0xe0,
    0x6, 0xfa, 0x7f, 0x20, 0xce, 0x2f, 0xc0, 0x4,
    0xfb, 0xaf, 0x0, 0x9f, 0x5f, 0xa0, 0x2, 0xfd,
    0xcd, 0x0, 0x7f, 0xaf, 0x80, 0x0, 0xff, 0xfa,
    0x0, 0x4f, 0xff, 0x60, 0x0, 0xdf, 0xf8, 0x0,
    0x1f, 0xff, 0x40,

    /* U+0078 "x" */
    0x6f, 0xfa, 0x0, 0x0, 0x1e, 0xfc, 0x0, 0xbf,
    0xf4, 0x0, 0xb, 0xff, 0x10, 0x1, 0xef, 0xe1,
    0x5, 0xff, 0x50, 0x0, 0x5, 0xff, 0xa1, 0xef,
    0xa0, 0x0, 0x0, 0xa, 0xff, 0xdf, 0xe1, 0x0,
    0x0, 0x0, 0xe, 0xff, 0xf4, 0x0, 0x0, 0x0,
    0x0, 0x7f, 0xfd, 0x0, 0x0, 0x0, 0x0, 0x2f,
    0xff, 0xf8, 0x0, 0x0, 0x0, 0xc, 0xfd, 0xbf,
    0xf3, 0x0, 0x0, 0x7, 0xff, 0x31, 0xff, 0xd0,
    0x0, 0x3, 0xff, 0x90, 0x6, 0xff, 0x90, 0x0,
    0xdf, 0xd0, 0x0, 0xb, 0xff, 0x40, 0x9f, 0xf4,
    0x0, 0x0, 0x1f, 0xfe, 0x10,

    /* U+0079 "y" */
    0xd, 0xfd, 0x0, 0x0, 0x0, 0x5f, 0xf4, 0x7,
    0xff, 0x30, 0x0, 0x0, 0xbf, 0xe0, 0x1, 0xff,
    0x90, 0x0, 0x1, 0xff, 0x70, 0x0, 0xbf, 0xe0,
    0x0, 0x7, 0xff, 0x10, 0x0, 0x5f, 0xf4, 0x0,
    0xc, 0xfb, 0x0, 0x0, 0xe, 0xfa, 0x0, 0x2f,
    0xf5, 0x0, 0x0, 0x8, 0xff, 0x0, 0x8f, 0xe0,
    0x0, 0x0, 0x2, 0xff, 0x50, 0xdf, 0x90, 0x0,
    0x0, 0x0, 0xcf, 0xb3, 0xff, 0x20, 0x0, 0x0,
    0x0, 0x5f, 0xf9, 0xfc, 0x0, 0x0, 0x0, 0x0,
    0xf, 0xff, 0xf6, 0x0, 0x0, 0x0, 0x0, 0x9,
    0xff, 0xf0, 0x0, 0x0, 0x0, 0x0, 0x3, 0xff,
    0xa0, 0x0, 0x0, 0x0, 0x0, 0x5, 0xff, 0x30,
    0x0, 0x0, 0x0, 0x0, 0xb, 0xfd, 0x0, 0x0,
    0x0, 0x0, 0x22, 0x3f, 0xf7, 0x0, 0x0, 0x0,
    0x2, 0xff, 0xff, 0xe0, 0x0, 0x0, 0x0, 0x2,
    0xff, 0xeb, 0x20, 0x0, 0x0, 0x0,

    /* U+007A "z" */
    0xe, 0xff, 0xff, 0xff, 0xff, 0xf5, 0xe, 0xff,
    0xff, 0xff, 0xff, 0xf5, 0x2, 0x22, 0x22, 0x23,
    0xef, 0xf2, 0x0, 0x0, 0x0, 0xc, 0xff, 0x50,
    0x0, 0x0, 0x0, 0xaf, 0xf6, 0x0, 0x0, 0x0,
    0x9, 0xff, 0x80, 0x0, 0x0, 0x0, 0x7f, 0xfa,
    0x0, 0x0, 0x0, 0x5, 0xff, 0xb0, 0x0, 0x0,
    0x0, 0x4f, 0xfc, 0x0, 0x0, 0x0, 0x3, 0xff,
    0xd1, 0x0, 0x0, 0x0, 0x1e, 0xff, 0x52, 0x22,
    0x22, 0x21, 0x2f, 0xff, 0xff, 0xff, 0xff, 0xf8,
    0x2f, 0xff, 0xff, 0xff, 0xff, 0xf8,

    /* U+007B "{" */
    0x0, 0x1, 0xbf, 0xff, 0xff, 0x0, 0x8, 0xff,
    0xee, 0xee, 0x0, 0xa, 0xf7, 0x0, 0x0, 0x0,
    0xa, 0xf7, 0x0, 0x0, 0x0, 0x9, 0xf9, 0x0,
    0x0, 0x0, 0x3, 0xff, 0x20, 0x0, 0x0, 0x0,
    0x9f, 0xc0, 0x0, 0x0, 0x0, 0xe, 0xf6, 0x0,
    0x0, 0x0, 0xa, 0xf8, 0x0, 0x0, 0x1, 0x6f,
    0xf4, 0x0, 0x9f, 0xff, 0xfb, 0x50, 0x0, 0x8e,
    0xef, 0xfc, 0x50, 0x0, 0x0, 0x0, 0x5f, 0xf4,
    0x0, 0x0, 0x0, 0xa, 0xf8, 0x0, 0x0, 0x0,
    0xe, 0xf5, 0x0, 0x0, 0x0, 0xaf, 0xc0, 0x0,
    0x0, 0x4, 0xff, 0x10, 0x0, 0x0, 0x9, 0xf9,
    0x0, 0x0, 0x0, 0xa, 0xf7, 0x0, 0x0, 0x0,
    0xa, 0xf7, 0x0, 0x0, 0x0, 0x8, 0xff, 0xee,
    0xee, 0x0, 0x1, 0xbf, 0xff, 0xff,

    /* U+007C "|" */
    0x11, 0xe, 0xf5, 0xef, 0x5e, 0xf5, 0xef, 0x5e,
    0xf5, 0xef, 0x5e, 0xf5, 0xef, 0x5e, 0xf5, 0xef,
    0x5e, 0xf5, 0xef, 0x5e, 0xf5, 0xef, 0x5e, 0xf5,
    0xef, 0x5e, 0xf5, 0xef, 0x5e, 0xf5, 0xef, 0x5e,
    0xf5, 0xef, 0x50,

    /* U+007D "}" */
    0x9f, 0xff, 0xfd, 0x40, 0x0, 0x8e, 0xee, 0xef,
    0xe0, 0x0, 0x0, 0x0, 0x1f, 0xf1, 0x0, 0x0,
    0x0, 0x1f, 0xf1, 0x0, 0x0, 0x0, 0x3f, 0xf0,
    0x0, 0x0, 0x0, 0xbf, 0x90, 0x0, 0x0, 0x6,
    0xfe, 0x10, 0x0, 0x0, 0xf, 0xf4, 0x0, 0x0,
    0x0, 0x2f, 0xf1, 0x0, 0x0, 0x0, 0xd, 0xfa,
    0x20, 0x0, 0x0, 0x1, 0x9e, 0xff, 0xff, 0x0,
    0x2, 0xaf, 0xff, 0xee, 0x0, 0xe, 0xf9, 0x10,
    0x0, 0x0, 0x2f, 0xf1, 0x0, 0x0, 0x0, 0xe,
    0xf4, 0x0, 0x0, 0x0, 0x6, 0xfe, 0x10, 0x0,
    0x0, 0x0, 0xbf, 0xa0, 0x0, 0x0, 0x0, 0x3f,
    0xf0, 0x0, 0x0, 0x0, 0x1f, 0xf1, 0x0, 0x0,
    0x0, 0x1f, 0xf1, 0x0, 0x8e, 0xee, 0xef, 0xe0,
    0x0, 0x9f, 0xff, 0xfd, 0x40, 0x0,

    /* U+007E "~" */
    0x0, 0xaf, 0xe6, 0x0, 0x0, 0x78, 0x10, 0xaf,
    0xff, 0xf6, 0x0, 0xd, 0xf2, 0x3f, 0xf6, 0xaf,
    0xf2, 0x2, 0xfe, 0x8, 0xf9, 0x0, 0xcf, 0xd5,
    0xcf, 0x90, 0xcf, 0x40, 0x1, 0xef, 0xff, 0xf2,
    0x6, 0xa0, 0x0, 0x2, 0xcf, 0xd4, 0x0,

    /* U+00A0 " " */

    /* U+00A1 "¡" */
    0x5e, 0xfa, 0xc, 0xff, 0xf2, 0xcf, 0xff, 0x23,
    0xcd, 0x80, 0x0, 0x0, 0x0, 0x0, 0x0, 0x1,
    0x30, 0x0, 0x6c, 0x0, 0x8, 0xf0, 0x0, 0xbf,
    0x10, 0xd, 0xf4, 0x0, 0xff, 0x60, 0x2f, 0xf9,
    0x3, 0xff, 0xa0, 0x3f, 0xfa, 0x3, 0xff, 0xa0,
    0x3f, 0xfa, 0x3, 0xff, 0xa0,

    /* U+00A2 "¢" */
    0x0, 0x0, 0x2, 0x52, 0x0, 0x0, 0x0, 0x0,
    0x8, 0xf8, 0x0, 0x0, 0x0, 0x0, 0x8, 0xf8,
    0x0, 0x0, 0x0, 0x1, 0x7d, 0xfd, 0x81, 0x0,
    0x0, 0x3e, 0xff, 0xff, 0xff, 0x40, 0x1, 0xef,
    0xec, 0xfb, 0xef, 0xf1, 0x9, 0xff, 0x26, 0xf6,
    0x1e, 0xb2, 0xe, 0xf9, 0x6, 0xf6, 0x1, 0x0,
    0x1f, 0xf6, 0x6, 0xf6, 0x0, 0x0, 0x3f, 0xf6,
    0x6, 0xf6, 0x0, 0x0, 0x2f, 0xf6, 0x6, 0xf6,
    0x0, 0x0, 0x1f, 0xf7, 0x6, 0xf6, 0x0, 0x0,
    0xd, 0xfb, 0x6, 0xf6, 0x4, 0x40, 0x7, 0xff,
    0x66, 0xf6, 0x3f, 0xf6, 0x0, 0xcf, 0xff, 0xfe,
    0xff, 0xe1, 0x0, 0x1a, 0xff, 0xff, 0xfc, 0x20,
    0x0, 0x0, 0x2a, 0xfb, 0x30, 0x0, 0x0, 0x0,
    0x8, 0xf8, 0x0, 0x0, 0x0, 0x0, 0x8, 0xf8,
    0x0, 0x0,

    /* U+00A3 "£" */
    0x0, 0x2, 0x9d, 0xff, 0xd8, 0x10, 0x0, 0x5,
    0xff, 0xff, 0xff, 0xfe, 0x40, 0x2, 0xff, 0xfb,
    0x77, 0xaf, 0xff, 0x10, 0x8f, 0xf7, 0x0, 0x0,
    0x4e, 0x50, 0xb, 0xff, 0x10, 0x0, 0x0, 0x0,
    0x0, 0xaf, 0xf0, 0x0, 0x0, 0x0, 0x0, 0x8,
    0xff, 0x20, 0x0, 0x0, 0x0, 0x0, 0x2f, 0xf7,
    0x0, 0x0, 0x0, 0x0, 0xdf, 0xff, 0xff, 0xff,
    0xf3, 0x0, 0xd, 0xff, 0xff, 0xff, 0xff, 0x30,
    0x0, 0x11, 0x6f, 0xf6, 0x11, 0x10, 0x0, 0x0,
    0x5, 0xff, 0x30, 0x0, 0x0, 0x0, 0x0, 0xaf,
    0xe0, 0x0, 0x0, 0x0, 0x0, 0x6f, 0xf6, 0x0,
    0x0, 0x0, 0x0, 0x4f, 0xfd, 0x88, 0x88, 0x88,
    0x88, 0x4, 0xff, 0xff, 0xff, 0xff, 0xff, 0xf1,
    0x4f, 0xff, 0xff, 0xff, 0xff, 0xff, 0x10,

    /* U+00A4 "¤" */
    0x0, 0x10, 0x0, 0x0, 0x0, 0x10, 0x2c, 0xd0,
    0x0, 0x0, 0x7, 0xf6, 0x1f, 0xf7, 0x0, 0x0,
    0x1f, 0xf7, 0x7, 0xfe, 0xbe, 0xfd, 0xcf, 0xd0,
    0x0, 0xef, 0xff, 0xff, 0xff, 0x50, 0x4, 0xff,
    0xb3, 0x27, 0xff, 0xa0, 0xa, 0xfe, 0x0, 0x0,
    0x9f, 0xf1, 0xe, 0xfb, 0x0, 0x0, 0x5f, 0xf4,
    0xf, 0xfa, 0x0, 0x0, 0x3f, 0xf6, 0xf, 0xfa,
    0x0, 0x0, 0x3f, 0xf6, 0xe, 0xfb, 0x0, 0x0,
    0x5f, 0xf4, 0xa, 0xfe, 0x0, 0x0, 0x9f, 0xf1,
    0x4, 0xff, 0xb3, 0x27, 0xff, 0xa0, 0x0, 0xef,
    0xff, 0xff, 0xff, 0x50, 0x7, 0xfe, 0xbf, 0xfd,
    0xcf, 0xd0, 0x1f, 0xf7, 0x0, 0x0, 0x1f, 0xf7,
    0x2c, 0xd0, 0x0, 0x0, 0x7, 0xf6, 0x0, 0x10,
    0x0, 0x0, 0x0, 0x10,

    /* U+00A5 "¥" */
    0x7f, 0xf6, 0x0, 0x0, 0x0, 0xe, 0xfd, 0x0,
    0xef, 0xd0, 0x0, 0x0, 0x6, 0xff, 0x50, 0x7,
    0xff, 0x40, 0x0, 0x0, 0xdf, 0xd0, 0x0, 0xe,
    0xfb, 0x0, 0x0, 0x4f, 0xf6, 0x0, 0x0, 0x8f,
    0xf3, 0x0, 0xb, 0xfe, 0x0, 0x0, 0x1, 0xff,
    0xa0, 0x2, 0xff, 0x60, 0x0, 0x0, 0x8, 0xff,
    0x10, 0xaf, 0xe0, 0x0, 0x0, 0x0, 0x1f, 0xf8,
    0x1f, 0xf7, 0x0, 0x0, 0x0, 0x22, 0xaf, 0xf9,
    0xff, 0x22, 0x10, 0x0, 0x6f, 0xff, 0xff, 0xff,
    0xff, 0xfc, 0x0, 0x6, 0xff, 0xff, 0xff, 0xff,
    0xff, 0xc0, 0x0, 0x0, 0x0, 0x1f, 0xf7, 0x0,
    0x0, 0x0, 0x0, 0x0, 0x1, 0xff, 0x70, 0x0,
    0x0, 0x0, 0x0, 0x0, 0x1f, 0xf7, 0x0, 0x0,
    0x0, 0x0, 0x22, 0x23, 0xff, 0x82, 0x22, 0x10,
    0x0, 0x6f, 0xff, 0xff, 0xff, 0xff, 0xfc, 0x0,
    0x6, 0xff, 0xff, 0xff, 0xff, 0xff, 0xc0, 0x0,

    /* U+00A6 "¦" */
    0xef, 0x5e, 0xf5, 0xef, 0x5e, 0xf5, 0xef, 0x5e,
    0xf5, 0xef, 0x5e, 0xf5, 0xcd, 0x40, 0x0, 0x0,
    0x0, 0x0, 0x0, 0xc, 0xd4, 0xef, 0x5e, 0xf5,
    0xef, 0x5e, 0xf5, 0xef, 0x5e, 0xf5, 0xef, 0x5e,
    0xf5,

    /* U+00A7 "§" */
    0x0, 0x2, 0xae, 0xfe, 0xc6, 0x0, 0x0, 0x6f,
    0xff, 0xff, 0xff, 0xb0, 0x1, 0xff, 0xc4, 0x12,
    0x8f, 0x40, 0x5, 0xff, 0x10, 0x0, 0x0, 0x0,
    0x5, 0xff, 0x10, 0x0, 0x0, 0x0, 0x1, 0xff,
    0xc4, 0x0, 0x0, 0x0, 0x0, 0x7f, 0xff, 0xea,
    0x50, 0x0, 0x0, 0xc, 0xff, 0xff, 0xfe, 0x40,
    0x2, 0xec, 0x2, 0x6b, 0xff, 0xf3, 0xd, 0xf3,
    0x0, 0x0, 0x4f, 0xf9, 0x2f, 0xf2, 0x0, 0x0,
    0xa, 0xfb, 0x1f, 0xfa, 0x0, 0x0, 0xb, 0xf6,
    0xb, 0xff, 0xd7, 0x30, 0x3f, 0xa0, 0x1, 0xbf,
    0xff, 0xfe, 0xf5, 0x0, 0x0, 0x3, 0x9d, 0xff,
    0xfd, 0x10, 0x0, 0x0, 0x0, 0x29, 0xff, 0x90,
    0x0, 0x0, 0x0, 0x0, 0x9f, 0xd0, 0x0, 0x0,
    0x0, 0x0, 0x8f, 0xd0, 0x0, 0xab, 0x30, 0x15,
    0xff, 0x90, 0x3, 0xff, 0xff, 0xff, 0xfe, 0x10,
    0x0, 0x3a, 0xef, 0xfe, 0x81, 0x0, 0x0, 0x0,
    0x0, 0x0, 0x0, 0x0,

    /* U+00A8 "¨" */
    0x0, 0x0, 0x0, 0x0, 0x8, 0xfe, 0x20, 0xbf,
    0xd0, 0xcf, 0xf6, 0xf, 0xff, 0x37, 0xfd, 0x20,
    0xaf, 0xc0,

    /* U+00A9 "©" */
    0x0, 0x0, 0x0, 0x0, 0x0, 0x0, 0x0, 0x0,
    0x0, 0x18, 0xdf, 0xfe, 0xa3, 0x0, 0x0, 0x0,
    0x4e, 0xe8, 0x54, 0x7c, 0xf9, 0x0, 0x0, 0x3f,
    0xb1, 0x0, 0x0, 0x6, 0xf9, 0x0, 0xd, 0xc0,
    0x5, 0xac, 0x92, 0x6, 0xf4, 0x5, 0xf2, 0x7,
    0xff, 0xff, 0xe2, 0xc, 0xb0, 0xac, 0x2, 0xff,
    0x40, 0x8f, 0x50, 0x6f, 0xd, 0x90, 0x7f, 0xb0,
    0x0, 0x20, 0x2, 0xf4, 0xf8, 0x9, 0xf9, 0x0,
    0x0, 0x0, 0x1f, 0x5f, 0x80, 0x9f, 0x90, 0x0,
    0x0, 0x1, 0xf5, 0xe9, 0x7, 0xfb, 0x0, 0x3,
    0x0, 0x2f, 0x4b, 0xb0, 0x2f, 0xf4, 0x7, 0xf7,
    0x5, 0xf1, 0x6f, 0x10, 0x8f, 0xff, 0xff, 0x30,
    0xbc, 0x0, 0xea, 0x0, 0x5b, 0xc9, 0x20, 0x4f,
    0x50, 0x5, 0xf8, 0x0, 0x0, 0x0, 0x3e, 0xb0,
    0x0, 0x6, 0xfc, 0x62, 0x24, 0x9f, 0xc1, 0x0,
    0x0, 0x3, 0xbf, 0xff, 0xfd, 0x60, 0x0, 0x0,
    0x0, 0x0, 0x3, 0x32, 0x0, 0x0, 0x0,

    /* U+00AA "ª" */
    0x5, 0xcf, 0xeb, 0x30, 0x4, 0xfd, 0x8a, 0xff,
    0x10, 0x8, 0x0, 0xa, 0xf5, 0x0, 0x0, 0x0,
    0x8f, 0x70, 0x19, 0xef, 0xff, 0xf7, 0xa, 0xf8,
    0x33, 0x9f, 0x70, 0xbf, 0x40, 0x2c, 0xfa, 0x23,
    0xef, 0xfd, 0x4f, 0xf6, 0x0, 0x22, 0x0, 0x2,
    0x10,

    /* U+00AB "«" */
    0x0, 0x0, 0x0, 0x0, 0x0, 0x0, 0x0, 0x0,
    0x4b, 0x0, 0x0, 0x87, 0x0, 0x6, 0xff, 0x20,
    0xa, 0xfd, 0x0, 0x8f, 0xf8, 0x1, 0xcf, 0xf3,
    0xa, 0xff, 0xa0, 0x2d, 0xff, 0x50, 0x5f, 0xfb,
    0x0, 0xbf, 0xf6, 0x0, 0x6f, 0xf3, 0x0, 0xbf,
    0xd0, 0x0, 0x4f, 0xfe, 0x10, 0x9f, 0xfa, 0x0,
    0x5, 0xff, 0xd1, 0xa, 0xff, 0x90, 0x0, 0x4e,
    0xfc, 0x0, 0x8f, 0xf7, 0x0, 0x2, 0xdf, 0x20,
    0x6, 0xfc, 0x0, 0x0, 0x17, 0x0, 0x0, 0x44,

    /* U+00AC "¬" */
    0x13, 0x33, 0x33, 0x33, 0x33, 0x31, 0x8f, 0xff,
    0xff, 0xff, 0xff, 0xf8, 0x8f, 0xff, 0xff, 0xff,
    0xff, 0xf8, 0x0, 0x0, 0x0, 0x0, 0xa, 0xf8,
    0x0, 0x0, 0x0, 0x0, 0xa, 0xf8, 0x0, 0x0,
    0x0, 0x0, 0xa, 0xf8, 0x0, 0x0, 0x0, 0x0,
    0xa, 0xf8, 0x0, 0x0, 0x0, 0x0, 0x5, 0x84,

    /* U+00AD "­" */

    /* U+00AE "®" */
    0x0, 0x8, 0xdd, 0xa2, 0x0, 0x1, 0xd9, 0x32,
    0x6e, 0x50, 0xa, 0x88, 0xee, 0x92, 0xe1, 0xf,
    0x18, 0x82, 0xf0, 0xb7, 0x2f, 0x8, 0xef, 0x90,
    0x99, 0x1f, 0x18, 0x88, 0xa0, 0xb7, 0xc, 0x66,
    0x61, 0xb2, 0xe2, 0x2, 0xe6, 0x0, 0x3d, 0x70,
    0x0, 0x2b, 0xff, 0xd5, 0x0, 0x0, 0x0, 0x0,
    0x0, 0x0,

    /* U+00AF "¯" */
    0x0, 0x0, 0x0, 0x0, 0x4f, 0xff, 0xff, 0xfb,
    0x4f, 0xff, 0xff, 0xfb,

    /* U+00B0 "°" */
    0x0, 0x8, 0xdd, 0xa2, 0x0, 0x0, 0xdf, 0xff,
    0xff, 0x40, 0x8, 0xfc, 0x21, 0x7f, 0xe0, 0xf,
    0xf2, 0x0, 0xb, 0xf5, 0xf, 0xf0, 0x0, 0x8,
    0xf7, 0xf, 0xf1, 0x0, 0xb, 0xf5, 0x9, 0xfb,
    0x10, 0x5f, 0xe1, 0x1, 0xef, 0xff, 0xff, 0x50,
    0x0, 0x19, 0xef, 0xc3, 0x0,

    /* U+00B1 "±" */
    0x0, 0x0, 0x5, 0x52, 0x0, 0x0, 0x0, 0x0,
    0xf, 0xf6, 0x0, 0x0, 0x0, 0x0, 0xf, 0xf6,
    0x0, 0x0, 0x0, 0x0, 0xf, 0xf6, 0x0, 0x0,
    0x0, 0x0, 0xf, 0xf6, 0x0, 0x0, 0x8f, 0xff,
    0xff, 0xff, 0xff, 0xfe, 0x8f, 0xff, 0xff, 0xff,
    0xff, 0xfe, 0x13, 0x33, 0x3f, 0xf7, 0x33, 0x32,
    0x0, 0x0, 0xf, 0xf6, 0x0, 0x0, 0x0, 0x0,
    0xf, 0xf6, 0x0, 0x0, 0x0, 0x0, 0xf, 0xf6,
    0x0, 0x0, 0x0, 0x0, 0xf, 0xf6, 0x0, 0x0,
    0x0, 0x0, 0x0, 0x0, 0x0, 0x0, 0x13, 0x33,
    0x33, 0x33, 0x33, 0x32, 0x8f, 0xff, 0xff, 0xff,
    0xff, 0xfe, 0x8f, 0xff, 0xff, 0xff, 0xff, 0xfe,

    /* U+00B2 "²" */
    0x1, 0xae, 0xfc, 0x40, 0xd, 0xfb, 0xaf, 0xf2,
    0x8, 0x80, 0xb, 0xf5, 0x0, 0x0, 0xc, 0xf3,
    0x0, 0x0, 0x9f, 0xb0, 0x0, 0x1b, 0xfa, 0x0,
    0x2, 0xdf, 0x60, 0x0, 0xf, 0xfb, 0x88, 0x85,
    0x1f, 0xff, 0xff, 0xfa,

    /* U+00B3 "³" */
    0x3, 0xbf, 0xfc, 0x40, 0xe, 0xe9, 0x9f, 0xf2,
    0x1, 0x20, 0xb, 0xf4, 0x0, 0x8, 0xaf, 0xb0,
    0x0, 0x1f, 0xfe, 0x60, 0x0, 0x0, 0x1c, 0xf4,
    0x7, 0x30, 0x8, 0xf7, 0x3f, 0xe8, 0x9f, 0xf2,
    0x4, 0xcf, 0xeb, 0x40,

    /* U+00B4 "´" */
    0x0, 0x3, 0x0, 0x0, 0x6f, 0xb1, 0x0, 0xef,
    0xb0, 0x6, 0xfe, 0x10, 0xe, 0xf5, 0x0, 0x4,
    0x70, 0x0,

    /* U+00B5 "µ" */
    0xff, 0xa0, 0x0, 0x3, 0xff, 0x6f, 0xfa, 0x0,
    0x0, 0x3f, 0xf6, 0xff, 0xa0, 0x0, 0x3, 0xff,
    0x6f, 0xfa, 0x0, 0x0, 0x3f, 0xf6, 0xff, 0xa0,
    0x0, 0x3, 0xff, 0x6f, 0xfa, 0x0, 0x0, 0x3f,
    0xf6, 0xff, 0xa0, 0x0, 0x3, 0xff, 0x6f, 0xfa,
    0x0, 0x0, 0x3f, 0xf6, 0xff, 0xb0, 0x0, 0x4,
    0xff, 0x6f, 0xff, 0x0, 0x0, 0x7f, 0xf6, 0xff,
    0xfc, 0x43, 0x8e, 0xff, 0x6f, 0xff, 0xff, 0xff,
    0x6f, 0xf6, 0xff, 0x8c, 0xfd, 0x43, 0xff, 0x6f,
    0xf7, 0x0, 0x0, 0x0, 0x0, 0xff, 0x90, 0x0,
    0x0, 0x0, 0xf, 0xfa, 0x0, 0x0, 0x0, 0x0,
    0xff, 0xa0, 0x0, 0x0, 0x0, 0xf, 0xfa, 0x0,
    0x0, 0x0, 0x0,

    /* U+00B6 "¶" */
    0x0, 0x3, 0xbe, 0xff, 0xff, 0xff, 0x90, 0x7,
    0xff, 0xff, 0xff, 0xff, 0xf9, 0x4, 0xff, 0xff,
    0xff, 0x82, 0xaf, 0x90, 0xcf, 0xff, 0xff, 0xf7,
    0xa, 0xf9, 0xf, 0xff, 0xff, 0xff, 0x70, 0xaf,
    0x92, 0xff, 0xff, 0xff, 0xf7, 0xa, 0xf9, 0xf,
    0xff, 0xff, 0xff, 0x70, 0xaf, 0x90, 0xcf, 0xff,
    0xff, 0xf7, 0xa, 0xf9, 0x4, 0xff, 0xff, 0xff,
    0x70, 0xaf, 0x90, 0x7, 0xff, 0xff, 0xf7, 0xa,
    0xf9, 0x0, 0x4, 0xbf, 0xff, 0x70, 0xaf, 0x90,
    0x0, 0x0, 0xc, 0xf7, 0xa, 0xf9, 0x0, 0x0,
    0x0, 0xcf, 0x70, 0xaf, 0x90, 0x0, 0x0, 0xc,
    0xf7, 0xa, 0xf9, 0x0, 0x0, 0x0, 0xcf, 0x70,
    0xaf, 0x90, 0x0, 0x0, 0xc, 0xf7, 0xa, 0xf9,
    0x0, 0x0, 0x0, 0xcf, 0x70, 0xaf, 0x90, 0x0,
    0x0, 0xc, 0xf7, 0xa, 0xf9, 0x0, 0x0, 0x0,
    0xcf, 0x70, 0xaf, 0x90, 0x0, 0x0, 0xc, 0xf7,
    0xa, 0xf9, 0x0, 0x0, 0x0, 0x7a, 0x40, 0x6a,
    0x50,

    /* U+00B7 "·" */
    0x0, 0x0, 0x5, 0xef, 0xb0, 0xdf, 0xff, 0x3d,
    0xff, 0xf3, 0x5e, 0xfa, 0x0,

    /* U+00B8 "¸" */
    0x0, 0x37, 0x0, 0x0, 0x9, 0xc0, 0x0, 0x0,
    0xbc, 0x74, 0x0, 0x0, 0x1c, 0xf4, 0xb, 0xb8,
    0xef, 0x40, 0x7d, 0xfe, 0x70,

    /* U+00B9 "¹" */
    0x0, 0x8f, 0xfb, 0x0, 0x6, 0xfd, 0xfb, 0x0,
    0x2f, 0xc3, 0xfb, 0x0, 0x6, 0x13, 0xfb, 0x0,
    0x0, 0x3, 0xfb, 0x0, 0x0, 0x3, 0xfb, 0x0,
    0x0, 0x3, 0xfb, 0x0, 0x5, 0x89, 0xfd, 0x87,
    0xa, 0xff, 0xff, 0xfe,

    /* U+00BA "º" */
    0x2, 0xae, 0xfc, 0x50, 0x1, 0xef, 0xa9, 0xef,
    0x50, 0x8f, 0x80, 0x2, 0xfe, 0xc, 0xf3, 0x0,
    0xd, 0xf2, 0xdf, 0x30, 0x0, 0xcf, 0x3c, 0xf3,
    0x0, 0xd, 0xf2, 0x8f, 0x80, 0x2, 0xfe, 0x1,
    0xef, 0xa9, 0xef, 0x50, 0x2, 0xae, 0xfc, 0x50,
    0x0,

    /* U+00BB "»" */
    0x0, 0x0, 0x0, 0x0, 0x0, 0x0, 0x1c, 0x20,
    0x0, 0x69, 0x0, 0x0, 0x6f, 0xe3, 0x0, 0xbf,
    0xb0, 0x0, 0xc, 0xff, 0x50, 0x2f, 0xfd, 0x10,
    0x1, 0xdf, 0xf7, 0x3, 0xff, 0xe3, 0x0, 0x1e,
    0xff, 0x10, 0x5f, 0xfc, 0x0, 0x7, 0xff, 0x20,
    0xc, 0xfc, 0x0, 0x4f, 0xff, 0x10, 0x9f, 0xfb,
    0x3, 0xff, 0xe3, 0x7, 0xff, 0xb0, 0x2e, 0xfd,
    0x10, 0x6f, 0xf9, 0x0, 0x5f, 0xb0, 0x0, 0xbf,
    0x70, 0x0, 0x8, 0x0, 0x0, 0x35, 0x0, 0x0,

    /* U+00BC "¼" */
    0x0, 0x34, 0x30, 0x0, 0x0, 0x0, 0x44, 0x0,
    0x6f, 0xfd, 0x0, 0x0, 0x0, 0x4f, 0xb0, 0x3f,
    0xce, 0xd0, 0x0, 0x0, 0xc, 0xf3, 0x6, 0xd1,
    0xed, 0x0, 0x0, 0x5, 0xfb, 0x0, 0x0, 0xe,
    0xd0, 0x0, 0x0, 0xdf, 0x30, 0x0, 0x0, 0xed,
    0x0, 0x0, 0x5f, 0xb0, 0x0, 0x0, 0xe, 0xd0,
    0x0, 0xd, 0xf2, 0x0, 0x0, 0x11, 0xed, 0x11,
    0x5, 0xfa, 0x0, 0x0, 0x1f, 0xff, 0xff, 0xc0,
    0x57, 0x20, 0x0, 0x0, 0x44, 0x44, 0x43, 0x0,
    0x0, 0x10, 0x0, 0x0, 0x0, 0x34, 0x0, 0x0,
    0x9f, 0xf0, 0x0, 0x0, 0x3f, 0xd0, 0x0, 0x4f,
    0xdf, 0x0, 0x0, 0xc, 0xf4, 0x0, 0x1e, 0x7b,
    0xf0, 0x0, 0x5, 0xfb, 0x0, 0xa, 0xc0, 0xbf,
    0x0, 0x0, 0xef, 0x20, 0x5, 0xf3, 0x1b, 0xf1,
    0x0, 0x7f, 0x80, 0x0, 0x7f, 0xff, 0xff, 0xf1,
    0x1f, 0xe1, 0x0, 0x1, 0x33, 0x3c, 0xf3, 0x6,
    0xb5, 0x0, 0x0, 0x0, 0x0, 0x8b, 0x0,

    /* U+00BD "½" */
    0x1, 0xab, 0x90, 0x0, 0x0, 0x1, 0xba, 0x0,
    0xcf, 0xfd, 0x0, 0x0, 0x0, 0x9f, 0x70, 0x8f,
    0x4e, 0xd0, 0x0, 0x0, 0x2f, 0xe0, 0x0, 0x30,
    0xed, 0x0, 0x0, 0xa, 0xf5, 0x0, 0x0, 0xe,
    0xd0, 0x0, 0x3, 0xfc, 0x0, 0x0, 0x0, 0xed,
    0x0, 0x0, 0xcf, 0x40, 0x0, 0x1, 0x1e, 0xd1,
    0x10, 0x5f, 0xb0, 0x0, 0x1, 0xff, 0xff, 0xfc,
    0x5, 0x72, 0x0, 0x0, 0x4, 0x44, 0x44, 0x30,
    0x0, 0x10, 0x0, 0x0, 0x0, 0x1, 0x20, 0x5,
    0xef, 0xfa, 0x0, 0x0, 0x2, 0xfe, 0x2, 0xfd,
    0x5b, 0xf7, 0x0, 0x0, 0xaf, 0x60, 0x5, 0x20,
    0x4f, 0x90, 0x0, 0x3f, 0xd0, 0x0, 0x0, 0x9,
    0xf5, 0x0, 0xb, 0xf5, 0x0, 0x0, 0x7, 0xf9,
    0x0, 0x3, 0xfc, 0x0, 0x0, 0xa, 0xf7, 0x0,
    0x0, 0xcf, 0x40, 0x0, 0x1c, 0xf6, 0x22, 0x10,
    0x5f, 0xb0, 0x0, 0x2, 0xff, 0xff, 0xfe, 0x3,
    0x41, 0x0, 0x0, 0x4, 0x44, 0x44, 0x40,

    /* U+00BE "¾" */
    0x0, 0x1, 0x0, 0x0, 0x0, 0x0, 0x11, 0x0,
    0x8f, 0xff, 0x90, 0x0, 0x0, 0x3f, 0xd0, 0x2d,
    0x85, 0xbf, 0x60, 0x0, 0xc, 0xf4, 0x0, 0x0,
    0x18, 0xf5, 0x0, 0x4, 0xfb, 0x0, 0x0, 0x7f,
    0xf7, 0x0, 0x0, 0xdf, 0x30, 0x0, 0x2, 0x4b,
    0xf4, 0x0, 0x5f, 0xa0, 0x0, 0x3, 0x0, 0x3f,
    0x90, 0xd, 0xf2, 0x0, 0x5, 0xf7, 0x28, 0xf7,
    0x6, 0xf9, 0x0, 0x0, 0xb, 0xff, 0xfb, 0x0,
    0x34, 0x10, 0x0, 0x0, 0x2, 0x42, 0x0, 0x0,
    0x0, 0x33, 0x0, 0x0, 0x0, 0x56, 0x0, 0x0,
    0xaf, 0xf0, 0x0, 0x0, 0x4f, 0xc0, 0x0, 0x5f,
    0xdf, 0x0, 0x0, 0xd, 0xf3, 0x0, 0x1e, 0x6b,
    0xf0, 0x0, 0x6, 0xfa, 0x0, 0xb, 0xb0, 0xbf,
    0x0, 0x0, 0xef, 0x20, 0x5, 0xf2, 0x1b, 0xf1,
    0x0, 0x7f, 0x80, 0x0, 0x7f, 0xff, 0xff, 0xf1,
    0x1f, 0xe0, 0x0, 0x1, 0x33, 0x3c, 0xf3, 0x6,
    0xb5, 0x0, 0x0, 0x0, 0x0, 0x8b, 0x0,

    /* U+00BF "¿" */
    0x0, 0x0, 0xb, 0xfd, 0x30, 0x0, 0x0, 0x0,
    0x5f, 0xff, 0xa0, 0x0, 0x0, 0x0, 0x4f, 0xff,
    0x90, 0x0, 0x0, 0x0, 0xa, 0xdc, 0x20, 0x0,
    0x0, 0x0, 0x0, 0x0, 0x0, 0x0, 0x0, 0x0,
    0x0, 0x0, 0x0, 0x0, 0x0, 0x0, 0x8, 0xff,
    0x0, 0x0, 0x0, 0x0, 0x8, 0xff, 0x0, 0x0,
    0x0, 0x1, 0x8e, 0xff, 0x0, 0x0, 0x0, 0x5e,
    0xff, 0xfe, 0x0, 0x0, 0x2, 0xff, 0xd5, 0x0,
    0x0, 0x0, 0xb, 0xff, 0x20, 0x0, 0x0, 0x0,
    0xf, 0xfd, 0x0, 0x0, 0x0, 0x0, 0xf, 0xfd,
    0x0, 0x0, 0x9, 0x71, 0xd, 0xff, 0x20, 0x0,
    0x4f, 0xf8, 0x7, 0xff, 0xe7, 0x69, 0xff, 0xe1,
    0x0, 0xbf, 0xff, 0xff, 0xff, 0x30, 0x0, 0x6,
    0xcf, 0xfe, 0x92, 0x0,

    /* U+00C0 "À" */
    0x0, 0x0, 0x1, 0x30, 0x0, 0x0, 0x0, 0x0,
    0x0, 0x7f, 0xd0, 0x0, 0x0, 0x0, 0x0, 0x0,
    0x4f, 0xf5, 0x0, 0x0, 0x0, 0x0, 0x0, 0x9,
    0xfd, 0x0, 0x0, 0x0, 0x0, 0x0, 0x0, 0xdf,
    0x50, 0x0, 0x0, 0x0, 0x0, 0x0, 0x37, 0x0,
    0x0, 0x0, 0x0, 0x0, 0x0, 0x0, 0x0, 0x0,
    0x0, 0x0, 0x0, 0xc, 0xff, 0xf3, 0x0, 0x0,
    0x0, 0x0, 0x1f, 0xff, 0xf7, 0x0, 0x0, 0x0,
    0x0, 0x5f, 0xfd, 0xfc, 0x0, 0x0, 0x0, 0x0,
    0xaf, 0xc7, 0xff, 0x10, 0x0, 0x0, 0x0, 0xef,
    0x83, 0xff, 0x50, 0x0, 0x0, 0x3, 0xff, 0x30,
    0xef, 0xa0, 0x0, 0x0, 0x7, 0xfe, 0x0, 0xaf,
    0xe0, 0x0, 0x0, 0xc, 0xfa, 0x0, 0x6f, 0xf3,
    0x0, 0x0, 0x1f, 0xf6, 0x0, 0x1f, 0xf7, 0x0,
    0x0, 0x5f, 0xf1, 0x0, 0xd, 0xfc, 0x0, 0x0,
    0xaf, 0xff, 0xff, 0xff, 0xff, 0x10, 0x0, 0xef,
    0xff, 0xff, 0xff, 0xff, 0x50, 0x3, 0xff, 0x94,
    0x44, 0x45, 0xff, 0xa0, 0x8, 0xff, 0x20, 0x0,
    0x0, 0xdf, 0xe0, 0xc, 0xfe, 0x0, 0x0, 0x0,
    0x9f, 0xf3, 0x1f, 0xf9, 0x0, 0x0, 0x0, 0x5f,
    0xf8, 0x5f, 0xf5, 0x0, 0x0, 0x0, 0xf, 0xfc,

    /* U+00C1 "Á" */
    0x0, 0x0, 0x0, 0x0, 0x30, 0x0, 0x0, 0x0,
    0x0, 0x0, 0x6, 0xfb, 0x10, 0x0, 0x0, 0x0,
    0x0, 0xe, 0xfb, 0x0, 0x0, 0x0, 0x0, 0x0,
    0x6f, 0xe1, 0x0, 0x0, 0x0, 0x0, 0x0, 0xef,
    0x50, 0x0, 0x0, 0x0, 0x0, 0x0, 0x47, 0x0,
    0x0, 0x0, 0x0, 0x0, 0x0, 0x0, 0x0, 0x0,
    0x0, 0x0, 0x0, 0xc, 0xff, 0xf3, 0x0, 0x0,
    0x0, 0x0, 0x1f, 0xff, 0xf7, 0x0, 0x0, 0x0,
    0x0, 0x5f, 0xfd, 0xfc, 0x0, 0x0, 0x0, 0x0,
    0xaf, 0xc7, 0xff, 0x10, 0x0, 0x0, 0x0, 0xef,
    0x83, 0xff, 0x50, 0x0, 0x0, 0x3, 0xff, 0x30,
    0xef, 0xa0, 0x0, 0x0, 0x7, 0xfe, 0x0, 0xaf,
    0xe0, 0x0, 0x0, 0xc, 0xfa, 0x0, 0x6f, 0xf3,
    0x0, 0x0, 0x1f, 0xf6, 0x0, 0x1f, 0xf7, 0x0,
    0x0, 0x5f, 0xf1, 0x0, 0xd, 0xfc, 0x0, 0x0,
    0xaf, 0xff, 0xff, 0xff, 0xff, 0x10, 0x0, 0xef,
    0xff, 0xff, 0xff, 0xff, 0x50, 0x3, 0xff, 0x94,
    0x44, 0x45, 0xff, 0xa0, 0x8, 0xff, 0x20, 0x0,
    0x0, 0xdf, 0xe0, 0xc, 0xfe, 0x0, 0x0, 0x0,
    0x9f, 0xf3, 0x1f, 0xf9, 0x0, 0x0, 0x0, 0x5f,
    0xf8, 0x5f, 0xf5, 0x0, 0x0, 0x0, 0xf, 0xfc,

    /* U+00C2 "Â" */
    0x0, 0x0, 0x2, 0x88, 0x50, 0x0, 0x0, 0x0,
    0x0, 0xd, 0xff, 0xf4, 0x0, 0x0, 0x0, 0x0,
    0x9f, 0xfd, 0xfe, 0x10, 0x0, 0x0, 0x4, 0xff,
    0x41, 0xdf, 0xb0, 0x0, 0x0, 0xc, 0xf5, 0x0,
    0x1e, 0xf2, 0x0, 0x0, 0x0, 0x40, 0x0, 0x2,
    0x30, 0x0, 0x0, 0x0, 0x0, 0x0, 0x0, 0x0,
    0x0, 0x0, 0x0, 0xc, 0xff, 0xf3, 0x0, 0x0,
    0x0, 0x0, 0x1f, 0xff, 0xf7, 0x0, 0x0, 0x0,
    0x0, 0x5f, 0xfd, 0xfc, 0x0, 0x0, 0x0, 0x0,
    0xaf, 0xc7, 0xff, 0x10, 0x0, 0x0, 0x0, 0xef,
    0x83, 0xff, 0x50, 0x0, 0x0, 0x3, 0xff, 0x30,
    0xef, 0xa0, 0x0, 0x0, 0x7, 0xfe, 0x0, 0xaf,
    0xe0, 0x0, 0x0, 0xc, 0xfa, 0x0, 0x6f, 0xf3,
    0x0, 0x0, 0x1f, 0xf6, 0x0, 0x1f, 0xf7, 0x0,
    0x0, 0x5f, 0xf1, 0x0, 0xd, 0xfc, 0x0, 0x0,
    0xaf, 0xff, 0xff, 0xff, 0xff, 0x10, 0x0, 0xef,
    0xff, 0xff, 0xff, 0xff, 0x50, 0x3, 0xff, 0x94,
    0x44, 0x45, 0xff, 0xa0, 0x8, 0xff, 0x20, 0x0,
    0x0, 0xdf, 0xe0, 0xc, 0xfe, 0x0, 0x0, 0x0,
    0x9f, 0xf3, 0x1f, 0xf9, 0x0, 0x0, 0x0, 0x5f,
    0xf8, 0x5f, 0xf5, 0x0, 0x0, 0x0, 0xf, 0xfc,

    /* U+00C3 "Ã" */
    0x0, 0x0, 0x0, 0x0, 0x0, 0x0, 0x0, 0x0,
    0x4, 0xdf, 0xd7, 0x21, 0x50, 0x0, 0x0, 0xc,
    0xff, 0xff, 0xff, 0xf3, 0x0, 0x0, 0x2, 0x30,
    0x4a, 0xee, 0x80, 0x0, 0x0, 0x0, 0x0, 0x0,
    0x0, 0x0, 0x0, 0x0, 0x0, 0x0, 0x0, 0x0,
    0x0, 0x0, 0x0, 0x0, 0xc, 0xff, 0xf3, 0x0,
    0x0, 0x0, 0x0, 0x1f, 0xff, 0xf7, 0x0, 0x0,
    0x0, 0x0, 0x5f, 0xfd, 0xfc, 0x0, 0x0, 0x0,
    0x0, 0xaf, 0xc7, 0xff, 0x10, 0x0, 0x0, 0x0,
    0xef, 0x83, 0xff, 0x50, 0x0, 0x0, 0x3, 0xff,
    0x30, 0xef, 0xa0, 0x0, 0x0, 0x7, 0xfe, 0x0,
    0xaf, 0xe0, 0x0, 0x0, 0xc, 0xfa, 0x0, 0x6f,
    0xf3, 0x0, 0x0, 0x1f, 0xf6, 0x0, 0x1f, 0xf7,
    0x0, 0x0, 0x5f, 0xf1, 0x0, 0xd, 0xfc, 0x0,
    0x0, 0xaf, 0xff, 0xff, 0xff, 0xff, 0x10, 0x0,
    0xef, 0xff, 0xff, 0xff, 0xff, 0x50, 0x3, 0xff,
    0x94, 0x44, 0x45, 0xff, 0xa0, 0x8, 0xff, 0x20,
    0x0, 0x0, 0xdf, 0xe0, 0xc, 0xfe, 0x0, 0x0,
    0x0, 0x9f, 0xf3, 0x1f, 0xf9, 0x0, 0x0, 0x0,
    0x5f, 0xf8, 0x5f, 0xf5, 0x0, 0x0, 0x0, 0xf,
    0xfc,

    /* U+00C4 "Ä" */
    0x0, 0x0, 0x0, 0x0, 0x0, 0x0, 0x0, 0x0,
    0x8, 0xfe, 0x20, 0xbf, 0xd0, 0x0, 0x0, 0xc,
    0xff, 0x60, 0xff, 0xf3, 0x0, 0x0, 0x7, 0xfd,
    0x20, 0xaf, 0xc0, 0x0, 0x0, 0x0, 0x0, 0x0,
    0x0, 0x0, 0x0, 0x0, 0x0, 0x0, 0x0, 0x0,
    0x0, 0x0, 0x0, 0x0, 0xc, 0xff, 0xf3, 0x0,
    0x0, 0x0, 0x0, 0x1f, 0xff, 0xf7, 0x0, 0x0,
    0x0, 0x0, 0x5f, 0xfd, 0xfc, 0x0, 0x0, 0x0,
    0x0, 0xaf, 0xc7, 0xff, 0x10, 0x0, 0x0, 0x0,
    0xef, 0x83, 0xff, 0x50, 0x0, 0x0, 0x3, 0xff,
    0x30, 0xef, 0xa0, 0x0, 0x0, 0x7, 0xfe, 0x0,
    0xaf, 0xe0, 0x0, 0x0, 0xc, 0xfa, 0x0, 0x6f,
    0xf3, 0x0, 0x0, 0x1f, 0xf6, 0x0, 0x1f, 0xf7,
    0x0, 0x0, 0x5f, 0xf1, 0x0, 0xd, 0xfc, 0x0,
    0x0, 0xaf, 0xff, 0xff, 0xff, 0xff, 0x10, 0x0,
    0xef, 0xff, 0xff, 0xff, 0xff, 0x50, 0x3, 0xff,
    0x94, 0x44, 0x45, 0xff, 0xa0, 0x8, 0xff, 0x20,
    0x0, 0x0, 0xdf, 0xe0, 0xc, 0xfe, 0x0, 0x0,
    0x0, 0x9f, 0xf3, 0x1f, 0xf9, 0x0, 0x0, 0x0,
    0x5f, 0xf8, 0x5f, 0xf5, 0x0, 0x0, 0x0, 0xf,
    0xfc,

    /* U+00C5 "Å" */
    0x0, 0x0, 0x0, 0x1, 0x0, 0x0, 0x0, 0x0,
    0x0, 0x9, 0xff, 0xc2, 0x0, 0x0, 0x0, 0x0,
    0x7f, 0x86, 0xed, 0x0, 0x0, 0x0, 0x0, 0xce,
    0x0, 0x8f, 0x20, 0x0, 0x0, 0x0, 0xde, 0x0,
    0x8f, 0x30, 0x0, 0x0, 0x0, 0x8f, 0x53, 0xde,
    0x0, 0x0, 0x0, 0x0, 0x1c, 0xff, 0xe4, 0x0,
    0x0, 0x0, 0x0, 0x0, 0x34, 0x10, 0x0, 0x0,
    0x0, 0x0, 0xc, 0xff, 0xf3, 0x0, 0x0, 0x0,
    0x0, 0x1f, 0xff, 0xf7, 0x0, 0x0, 0x0, 0x0,
    0x5f, 0xfd, 0xfc, 0x0, 0x0, 0x0, 0x0, 0xaf,
    0xc7, 0xff, 0x10, 0x0, 0x0, 0x0, 0xef, 0x83,
    0xff, 0x50, 0x0, 0x0, 0x3, 0xff, 0x30, 0xef,
    0xa0, 0x0, 0x0, 0x7, 0xfe, 0x0, 0xaf, 0xe0,
    0x0, 0x0, 0xc, 0xfa, 0x0, 0x6f, 0xf3, 0x0,
    0x0, 0x1f, 0xf6, 0x0, 0x1f, 0xf7, 0x0, 0x0,
    0x5f, 0xf1, 0x0, 0xd, 0xfc, 0x0, 0x0, 0xaf,
    0xff, 0xff, 0xff, 0xff, 0x10, 0x0, 0xef, 0xff,
    0xff, 0xff, 0xff, 0x50, 0x3, 0xff, 0x94, 0x44,
    0x45, 0xff, 0xa0, 0x8, 0xff, 0x20, 0x0, 0x0,
    0xdf, 0xe0, 0xc, 0xfe, 0x0, 0x0, 0x0, 0x9f,
    0xf3, 0x1f, 0xf9, 0x0, 0x0, 0x0, 0x5f, 0xf8,
    0x5f, 0xf5, 0x0, 0x0, 0x0, 0xf, 0xfc,

    /* U+00C6 "Æ" */
    0x0, 0x0, 0x6f, 0xff, 0xff, 0xff, 0xf9, 0x0,
    0x0, 0xbf, 0xff, 0xff, 0xff, 0xf9, 0x0, 0x0,
    0xff, 0x7d, 0xfb, 0x22, 0x21, 0x0, 0x3, 0xff,
    0x2d, 0xfa, 0x0, 0x0, 0x0, 0x7, 0xfe, 0xd,
    0xfa, 0x0, 0x0, 0x0, 0xb, 0xfa, 0xd, 0xfa,
    0x0, 0x0, 0x0, 0xf, 0xf5, 0xd, 0xfa, 0x0,
    0x0, 0x0, 0x4f, 0xf1, 0xd, 0xff, 0xff, 0xf4,
    0x0, 0x8f, 0xd0, 0xd, 0xff, 0xff, 0xf4, 0x0,
    0xcf, 0x90, 0xd, 0xfb, 0x22, 0x20, 0x1, 0xff,
    0xff, 0xff, 0xfa, 0x0, 0x0, 0x5, 0xff, 0xff,
    0xff, 0xfa, 0x0, 0x0, 0x9, 0xfe, 0x22, 0x2d,
    0xfa, 0x0, 0x0, 0xd, 0xfa, 0x0, 0xd, 0xfa,
    0x0, 0x0, 0x1f, 0xf7, 0x0, 0xd, 0xfb, 0x22,
    0x21, 0x5f, 0xf3, 0x0, 0xd, 0xff, 0xff, 0xf9,
    0xaf, 0xf0, 0x0, 0xd, 0xff, 0xff, 0xf9,

    /* U+00C7 "Ç" */
    0x0, 0x3, 0xae, 0xff, 0xb5, 0x0, 0x0, 0x6,
    0xff, 0xff, 0xff, 0xf9, 0x0, 0x3, 0xff, 0xf7,
    0x57, 0xdf, 0xf5, 0x0, 0xbf, 0xf3, 0x0, 0x1,
    0xef, 0xd0, 0x1f, 0xfb, 0x0, 0x0, 0x6, 0xb6,
    0x5, 0xff, 0x60, 0x0, 0x0, 0x0, 0x0, 0x7f,
    0xf5, 0x0, 0x0, 0x0, 0x0, 0x8, 0xff, 0x40,
    0x0, 0x0, 0x0, 0x0, 0x9f, 0xf4, 0x0, 0x0,
    0x0, 0x0, 0x9, 0xff, 0x40, 0x0, 0x0, 0x0,
    0x0, 0x8f, 0xf4, 0x0, 0x0, 0x0, 0x0, 0x5,
    0xff, 0x60, 0x0, 0x0, 0x0, 0x0, 0x2f, 0xfa,
    0x0, 0x0, 0x6, 0xa5, 0x0, 0xdf, 0xf2, 0x0,
    0x0, 0xef, 0xe0, 0x5, 0xff, 0xe7, 0x46, 0xdf,
    0xf6, 0x0, 0x9, 0xff, 0xff, 0xff, 0xf9, 0x0,
    0x0, 0x5, 0xcf, 0xff, 0xc5, 0x0, 0x0, 0x0,
    0x0, 0x8d, 0x0, 0x0, 0x0, 0x0, 0x0, 0x7,
    0xcb, 0x90, 0x0, 0x0, 0x0, 0x0, 0x0, 0x9f,
    0x70, 0x0, 0x0, 0x0, 0x9d, 0x8d, 0xf6, 0x0,
    0x0, 0x0, 0x5, 0xdf, 0xe8, 0x0, 0x0,

    /* U+00C8 "È" */
    0x0, 0x0, 0x30, 0x0, 0x0, 0x0, 0x6, 0xee,
    0x0, 0x0, 0x0, 0x0, 0x3f, 0xf6, 0x0, 0x0,
    0x0, 0x0, 0x8f, 0xe0, 0x0, 0x0, 0x0, 0x0,
    0xcf, 0x60, 0x0, 0x0, 0x0, 0x2, 0x81, 0x0,
    0x0, 0x0, 0x0, 0x0, 0x0, 0x0, 0xf, 0xff,
    0xff, 0xff, 0xff, 0xf8, 0xff, 0xff, 0xff, 0xff,
    0xff, 0x8f, 0xfd, 0x55, 0x55, 0x55, 0x52, 0xff,
    0xc0, 0x0, 0x0, 0x0, 0xf, 0xfc, 0x0, 0x0,
    0x0, 0x0, 0xff, 0xc0, 0x0, 0x0, 0x0, 0xf,
    0xfc, 0x0, 0x0, 0x0, 0x0, 0xff, 0xff, 0xff,
    0xff, 0xff, 0x4f, 0xff, 0xff, 0xff, 0xff, 0xf4,
    0xff, 0xd5, 0x55, 0x55, 0x55, 0x1f, 0xfc, 0x0,
    0x0, 0x0, 0x0, 0xff, 0xc0, 0x0, 0x0, 0x0,
    0xf, 0xfc, 0x0, 0x0, 0x0, 0x0, 0xff, 0xc0,
    0x0, 0x0, 0x0, 0xf, 0xfd, 0x55, 0x55, 0x55,
    0x52, 0xff, 0xff, 0xff, 0xff, 0xff, 0x8f, 0xff,
    0xff, 0xff, 0xff, 0xf8,

    /* U+00C9 "É" */
    0x0, 0x0, 0x0, 0x40, 0x0, 0x0, 0x0, 0x0,
    0x5f, 0xc2, 0x0, 0x0, 0x0, 0xd, 0xfc, 0x0,
    0x0, 0x0, 0x5, 0xff, 0x20, 0x0, 0x0, 0x0,
    0xdf, 0x60, 0x0, 0x0, 0x0, 0x3, 0x80, 0x0,
    0x0, 0x0, 0x0, 0x0, 0x0, 0x0, 0xf, 0xff,
    0xff, 0xff, 0xff, 0xf8, 0xff, 0xff, 0xff, 0xff,
    0xff, 0x8f, 0xfd, 0x55, 0x55, 0x55, 0x52, 0xff,
    0xc0, 0x0, 0x0, 0x0, 0xf, 0xfc, 0x0, 0x0,
    0x0, 0x0, 0xff, 0xc0, 0x0, 0x0, 0x0, 0xf,
    0xfc, 0x0, 0x0, 0x0, 0x0, 0xff, 0xff, 0xff,
    0xff, 0xff, 0x4f, 0xff, 0xff, 0xff, 0xff, 0xf4,
    0xff, 0xd5, 0x55, 0x55, 0x55, 0x1f, 0xfc, 0x0,
    0x0, 0x0, 0x0, 0xff, 0xc0, 0x0, 0x0, 0x0,
    0xf, 0xfc, 0x0, 0x0, 0x0, 0x0, 0xff, 0xc0,
    0x0, 0x0, 0x0, 0xf, 0xfd, 0x55, 0x55, 0x55,
    0x52, 0xff, 0xff, 0xff, 0xff, 0xff, 0x8f, 0xff,
    0xff, 0xff, 0xff, 0xf8,

    /* U+00CA "Ê" */
    0x0, 0x1, 0x88, 0x60, 0x0, 0x0, 0x0, 0xbf,
    0xff, 0x50, 0x0, 0x0, 0x7f, 0xfc, 0xff, 0x20,
    0x0, 0x3f, 0xf5, 0xc, 0xfc, 0x0, 0xa, 0xf6,
    0x0, 0x1d, 0xf4, 0x0, 0x5, 0x0, 0x0, 0x14,
    0x0, 0x0, 0x0, 0x0, 0x0, 0x0, 0xf, 0xff,
    0xff, 0xff, 0xff, 0xf8, 0xff, 0xff, 0xff, 0xff,
    0xff, 0x8f, 0xfd, 0x55, 0x55, 0x55, 0x52, 0xff,
    0xc0, 0x0, 0x0, 0x0, 0xf, 0xfc, 0x0, 0x0,
    0x0, 0x0, 0xff, 0xc0, 0x0, 0x0, 0x0, 0xf,
    0xfc, 0x0, 0x0, 0x0, 0x0, 0xff, 0xff, 0xff,
    0xff, 0xff, 0x4f, 0xff, 0xff, 0xff, 0xff, 0xf4,
    0xff, 0xd5, 0x55, 0x55, 0x55, 0x1f, 0xfc, 0x0,
    0x0, 0x0, 0x0, 0xff, 0xc0, 0x0, 0x0, 0x0,
    0xf, 0xfc, 0x0, 0x0, 0x0, 0x0, 0xff, 0xc0,
    0x0, 0x0, 0x0, 0xf, 0xfd, 0x55, 0x55, 0x55,
    0x52, 0xff, 0xff, 0xff, 0xff, 0xff, 0x8f, 0xff,
    0xff, 0xff, 0xff, 0xf8,

    /* U+00CB "Ë" */
    0x0, 0x0, 0x0, 0x0, 0x0, 0x0, 0x6f, 0xf3,
    0x9, 0xfe, 0x10, 0xb, 0xff, 0x70, 0xef, 0xf4,
    0x0, 0x6f, 0xe3, 0x8, 0xfd, 0x10, 0x0, 0x0,
    0x0, 0x0, 0x0, 0x0, 0x0, 0x0, 0x0, 0x0,
    0x0, 0xff, 0xff, 0xff, 0xff, 0xff, 0x8f, 0xff,
    0xff, 0xff, 0xff, 0xf8, 0xff, 0xd5, 0x55, 0x55,
    0x55, 0x2f, 0xfc, 0x0, 0x0, 0x0, 0x0, 0xff,
    0xc0, 0x0, 0x0, 0x0, 0xf, 0xfc, 0x0, 0x0,
    0x0, 0x0, 0xff, 0xc0, 0x0, 0x0, 0x0, 0xf,
    0xff, 0xff, 0xff, 0xff, 0xf4, 0xff, 0xff, 0xff,
    0xff, 0xff, 0x4f, 0xfd, 0x55, 0x55, 0x55, 0x51,
    0xff, 0xc0, 0x0, 0x0, 0x0, 0xf, 0xfc, 0x0,
    0x0, 0x0, 0x0, 0xff, 0xc0, 0x0, 0x0, 0x0,
    0xf, 0xfc, 0x0, 0x0, 0x0, 0x0, 0xff, 0xd5,
    0x55, 0x55, 0x55, 0x2f, 0xff, 0xff, 0xff, 0xff,
    0xf8, 0xff, 0xff, 0xff, 0xff, 0xff, 0x80,

    /* U+00CC "Ì" */
    0x0, 0x0, 0x13, 0x0, 0x0, 0x0, 0x0, 0x7,
    0xfd, 0x0, 0x0, 0x0, 0x0, 0x4, 0xff, 0x50,
    0x0, 0x0, 0x0, 0x0, 0x9f, 0xd0, 0x0, 0x0,
    0x0, 0x0, 0xd, 0xf5, 0x0, 0x0, 0x0, 0x0,
    0x3, 0x70, 0x0, 0x0, 0x0, 0x0, 0x0, 0x0,
    0x0, 0x0, 0x1f, 0xff, 0xff, 0xff, 0xff, 0xf7,
    0x1f, 0xff, 0xff, 0xff, 0xff, 0xf7, 0x1, 0x11,
    0x3f, 0xf9, 0x11, 0x10, 0x0, 0x0, 0x2f, 0xf8,
    0x0, 0x0, 0x0, 0x0, 0x2f, 0xf8, 0x0, 0x0,
    0x0, 0x0, 0x2f, 0xf8, 0x0, 0x0, 0x0, 0x0,
    0x2f, 0xf8, 0x0, 0x0, 0x0, 0x0, 0x2f, 0xf8,
    0x0, 0x0, 0x0, 0x0, 0x2f, 0xf8, 0x0, 0x0,
    0x0, 0x0, 0x2f, 0xf8, 0x0, 0x0, 0x0, 0x0,
    0x2f, 0xf8, 0x0, 0x0, 0x0, 0x0, 0x2f, 0xf8,
    0x0, 0x0, 0x0, 0x0, 0x2f, 0xf8, 0x0, 0x0,
    0x0, 0x0, 0x2f, 0xf8, 0x0, 0x0, 0x1, 0x11,
    0x3f, 0xf9, 0x11, 0x10, 0x1f, 0xff, 0xff, 0xff,
    0xff, 0xf7, 0x1f, 0xff, 0xff, 0xff, 0xff, 0xf7,

    /* U+00CD "Í" */
    0x0, 0x0, 0x0, 0x3, 0x0, 0x0, 0x0, 0x0,
    0x0, 0x6f, 0xb1, 0x0, 0x0, 0x0, 0x0, 0xef,
    0xb0, 0x0, 0x0, 0x0, 0x6, 0xfe, 0x10, 0x0,
    0x0, 0x0, 0xe, 0xf5, 0x0, 0x0, 0x0, 0x0,
    0x4, 0x70, 0x0, 0x0, 0x0, 0x0, 0x0, 0x0,
    0x0, 0x0, 0x1f, 0xff, 0xff, 0xff, 0xff, 0xf7,
    0x1f, 0xff, 0xff, 0xff, 0xff, 0xf7, 0x1, 0x11,
    0x3f, 0xf9, 0x11, 0x10, 0x0, 0x0, 0x2f, 0xf8,
    0x0, 0x0, 0x0, 0x0, 0x2f, 0xf8, 0x0, 0x0,
    0x0, 0x0, 0x2f, 0xf8, 0x0, 0x0, 0x0, 0x0,
    0x2f, 0xf8, 0x0, 0x0, 0x0, 0x0, 0x2f, 0xf8,
    0x0, 0x0, 0x0, 0x0, 0x2f, 0xf8, 0x0, 0x0,
    0x0, 0x0, 0x2f, 0xf8, 0x0, 0x0, 0x0, 0x0,
    0x2f, 0xf8, 0x0, 0x0, 0x0, 0x0, 0x2f, 0xf8,
    0x0, 0x0, 0x0, 0x0, 0x2f, 0xf8, 0x0, 0x0,
    0x0, 0x0, 0x2f, 0xf8, 0x0, 0x0, 0x1, 0x11,
    0x3f, 0xf9, 0x11, 0x10, 0x1f, 0xff, 0xff, 0xff,
    0xff, 0xf7, 0x1f, 0xff, 0xff, 0xff, 0xff, 0xf7,

    /* U+00CE "Î" */
    0x0, 0x0, 0x28, 0x85, 0x0, 0x0, 0x0, 0x0,
    0xdf, 0xff, 0x40, 0x0, 0x0, 0x9, 0xff, 0xdf,
    0xe1, 0x0, 0x0, 0x4f, 0xf4, 0x1d, 0xfb, 0x0,
    0x0, 0xcf, 0x50, 0x1, 0xef, 0x20, 0x0, 0x4,
    0x0, 0x0, 0x23, 0x0, 0x0, 0x0, 0x0, 0x0,
    0x0, 0x0, 0x1f, 0xff, 0xff, 0xff, 0xff, 0xf7,
    0x1f, 0xff, 0xff, 0xff, 0xff, 0xf7, 0x1, 0x11,
    0x3f, 0xf9, 0x11, 0x10, 0x0, 0x0, 0x2f, 0xf8,
    0x0, 0x0, 0x0, 0x0, 0x2f, 0xf8, 0x0, 0x0,
    0x0, 0x0, 0x2f, 0xf8, 0x0, 0x0, 0x0, 0x0,
    0x2f, 0xf8, 0x0, 0x0, 0x0, 0x0, 0x2f, 0xf8,
    0x0, 0x0, 0x0, 0x0, 0x2f, 0xf8, 0x0, 0x0,
    0x0, 0x0, 0x2f, 0xf8, 0x0, 0x0, 0x0, 0x0,
    0x2f, 0xf8, 0x0, 0x0, 0x0, 0x0, 0x2f, 0xf8,
    0x0, 0x0, 0x0, 0x0, 0x2f, 0xf8, 0x0, 0x0,
    0x0, 0x0, 0x2f, 0xf8, 0x0, 0x0, 0x1, 0x11,
    0x3f, 0xf9, 0x11, 0x10, 0x1f, 0xff, 0xff, 0xff,
    0xff, 0xf7, 0x1f, 0xff, 0xff, 0xff, 0xff, 0xf7,

    /* U+00CF "Ï" */
    0x0, 0x0, 0x0, 0x0, 0x0, 0x0, 0x0, 0x8f,
    0xe2, 0xb, 0xfd, 0x0, 0x0, 0xcf, 0xf6, 0xf,
    0xff, 0x30, 0x0, 0x7f, 0xd2, 0xa, 0xfc, 0x0,
    0x0, 0x0, 0x0, 0x0, 0x0, 0x0, 0x0, 0x0,
    0x0, 0x0, 0x0, 0x0, 0x1f, 0xff, 0xff, 0xff,
    0xff, 0xf7, 0x1f, 0xff, 0xff, 0xff, 0xff, 0xf7,
    0x1, 0x11, 0x3f, 0xf9, 0x11, 0x10, 0x0, 0x0,
    0x2f, 0xf8, 0x0, 0x0, 0x0, 0x0, 0x2f, 0xf8,
    0x0, 0x0, 0x0, 0x0, 0x2f, 0xf8, 0x0, 0x0,
    0x0, 0x0, 0x2f, 0xf8, 0x0, 0x0, 0x0, 0x0,
    0x2f, 0xf8, 0x0, 0x0, 0x0, 0x0, 0x2f, 0xf8,
    0x0, 0x0, 0x0, 0x0, 0x2f, 0xf8, 0x0, 0x0,
    0x0, 0x0, 0x2f, 0xf8, 0x0, 0x0, 0x0, 0x0,
    0x2f, 0xf8, 0x0, 0x0, 0x0, 0x0, 0x2f, 0xf8,
    0x0, 0x0, 0x0, 0x0, 0x2f, 0xf8, 0x0, 0x0,
    0x1, 0x11, 0x3f, 0xf9, 0x11, 0x10, 0x1f, 0xff,
    0xff, 0xff, 0xff, 0xf7, 0x1f, 0xff, 0xff, 0xff,
    0xff, 0xf7,

    /* U+00D0 "Ð" */
    0x0, 0xef, 0xff, 0xff, 0xd8, 0x10, 0x0, 0x0,
    0xef, 0xff, 0xff, 0xff, 0xe2, 0x0, 0x0, 0xef,
    0xd4, 0x45, 0xaf, 0xfd, 0x0, 0x0, 0xef, 0xc0,
    0x0, 0x8, 0xff, 0x60, 0x0, 0xef, 0xc0, 0x0,
    0x0, 0xff, 0xc0, 0x0, 0xef, 0xc0, 0x0, 0x0,
    0xbf, 0xf0, 0x1, 0xef, 0xc1, 0x11, 0x0, 0x9f,
    0xf2, 0x9f, 0xff, 0xff, 0xfd, 0x0, 0x9f, 0xf3,
    0x9f, 0xff, 0xff, 0xfd, 0x0, 0x9f, 0xf4, 0x0,
    0xef, 0xc0, 0x0, 0x0, 0x9f, 0xf3, 0x0, 0xef,
    0xc0, 0x0, 0x0, 0x9f, 0xf2, 0x0, 0xef, 0xc0,
    0x0, 0x0, 0xbf, 0xf0, 0x0, 0xef, 0xc0, 0x0,
    0x0, 0xff, 0xc0, 0x0, 0xef, 0xc0, 0x0, 0x8,
    0xff, 0x60, 0x0, 0xef, 0xd4, 0x45, 0xaf, 0xfd,
    0x0, 0x0, 0xef, 0xff, 0xff, 0xff, 0xe2, 0x0,
    0x0, 0xef, 0xff, 0xff, 0xd8, 0x10, 0x0,

    /* U+00D1 "Ñ" */
    0x0, 0x0, 0x0, 0x0, 0x0, 0x0, 0x0, 0x4d,
    0xfd, 0x72, 0x15, 0x0, 0x0, 0xcf, 0xff, 0xff,
    0xff, 0x30, 0x0, 0x23, 0x4, 0xae, 0xe8, 0x0,
    0x0, 0x0, 0x0, 0x0, 0x0, 0x0, 0x0, 0x0,
    0x0, 0x0, 0x0, 0x0, 0x4f, 0xff, 0x50, 0x0,
    0xb, 0xfa, 0x4f, 0xff, 0xc0, 0x0, 0xb, 0xfa,
    0x4f, 0xff, 0xf2, 0x0, 0xb, 0xfa, 0x4f, 0xff,
    0xf8, 0x0, 0xb, 0xfa, 0x4f, 0xf9, 0xfe, 0x0,
    0xb, 0xfa, 0x4f, 0xf3, 0xff, 0x40, 0xb, 0xfa,
    0x4f, 0xf1, 0xbf, 0xa0, 0xb, 0xfa, 0x4f, 0xf1,
    0x5f, 0xf0, 0xb, 0xfa, 0x4f, 0xf1, 0xf, 0xf6,
    0xb, 0xfa, 0x4f, 0xf1, 0x9, 0xfc, 0xb, 0xfa,
    0x4f, 0xf1, 0x3, 0xff, 0x2b, 0xfa, 0x4f, 0xf1,
    0x0, 0xdf, 0x8b, 0xfa, 0x4f, 0xf1, 0x0, 0x7f,
    0xeb, 0xfa, 0x4f, 0xf1, 0x0, 0x1f, 0xff, 0xfa,
    0x4f, 0xf1, 0x0, 0xb, 0xff, 0xfa, 0x4f, 0xf1,
    0x0, 0x5, 0xff, 0xfa, 0x4f, 0xf1, 0x0, 0x0,
    0xef, 0xfa,

    /* U+00D2 "Ò" */
    0x0, 0x0, 0x0, 0x0, 0x0, 0x0, 0x0, 0x0,
    0x3b, 0xb0, 0x0, 0x0, 0x0, 0x0, 0x8, 0xff,
    0x30, 0x0, 0x0, 0x0, 0x0, 0xc, 0xfa, 0x0,
    0x0, 0x0, 0x0, 0x0, 0x2f, 0xf2, 0x0, 0x0,
    0x0, 0x0, 0x0, 0x7c, 0x30, 0x0, 0x0, 0x0,
    0x0, 0x0, 0x0, 0x0, 0x0, 0x0, 0x0, 0x6c,
    0xef, 0xd9, 0x10, 0x0, 0x0, 0xcf, 0xff, 0xff,
    0xff, 0x30, 0x0, 0x9f, 0xfc, 0x65, 0x8f, 0xfe,
    0x10, 0x2f, 0xfc, 0x0, 0x0, 0x6f, 0xf8, 0x7,
    0xff, 0x50, 0x0, 0x0, 0xef, 0xd0, 0xaf, 0xf0,
    0x0, 0x0, 0xa, 0xff, 0x1d, 0xff, 0x0, 0x0,
    0x0, 0x9f, 0xf3, 0xef, 0xe0, 0x0, 0x0, 0x8,
    0xff, 0x4e, 0xfe, 0x0, 0x0, 0x0, 0x8f, 0xf5,
    0xef, 0xe0, 0x0, 0x0, 0x8, 0xff, 0x4d, 0xff,
    0x0, 0x0, 0x0, 0x9f, 0xf3, 0xaf, 0xf0, 0x0,
    0x0, 0xa, 0xff, 0x17, 0xff, 0x50, 0x0, 0x0,
    0xef, 0xd0, 0x2f, 0xfc, 0x0, 0x0, 0x5f, 0xf8,
    0x0, 0x9f, 0xfc, 0x65, 0x8f, 0xfe, 0x10, 0x0,
    0xcf, 0xff, 0xff, 0xff, 0x30, 0x0, 0x0, 0x6c,
    0xef, 0xd9, 0x10, 0x0,

    /* U+00D3 "Ó" */
    0x0, 0x0, 0x0, 0x0, 0x0, 0x0, 0x0, 0x0,
    0x0, 0x4, 0xe7, 0x0, 0x0, 0x0, 0x0, 0x0,
    0xcf, 0xd0, 0x0, 0x0, 0x0, 0x0, 0x4f, 0xf3,
    0x0, 0x0, 0x0, 0x0, 0xc, 0xf8, 0x0, 0x0,
    0x0, 0x0, 0x0, 0x9c, 0x0, 0x0, 0x0, 0x0,
    0x0, 0x0, 0x0, 0x0, 0x0, 0x0, 0x0, 0x6c,
    0xef, 0xd9, 0x10, 0x0, 0x0, 0xcf, 0xff, 0xff,
    0xff, 0x30, 0x0, 0x9f, 0xfc, 0x65, 0x8f, 0xfe,
    0x10, 0x2f, 0xfc, 0x0, 0x0, 0x6f, 0xf8, 0x7,
    0xff, 0x50, 0x0, 0x0, 0xef, 0xd0, 0xaf, 0xf0,
    0x0, 0x0, 0xa, 0xff, 0x1d, 0xff, 0x0, 0x0,
    0x0, 0x9f, 0xf3, 0xef, 0xe0, 0x0, 0x0, 0x8,
    0xff, 0x4e, 0xfe, 0x0, 0x0, 0x0, 0x8f, 0xf5,
    0xef, 0xe0, 0x0, 0x0, 0x8, 0xff, 0x4d, 0xff,
    0x0, 0x0, 0x0, 0x9f, 0xf3, 0xaf, 0xf0, 0x0,
    0x0, 0xa, 0xff, 0x17, 0xff, 0x50, 0x0, 0x0,
    0xef, 0xd0, 0x2f, 0xfc, 0x0, 0x0, 0x5f, 0xf8,
    0x0, 0x9f, 0xfc, 0x65, 0x8f, 0xfe, 0x10, 0x0,
    0xcf, 0xff, 0xff, 0xff, 0x30, 0x0, 0x0, 0x6c,
    0xef, 0xd9, 0x10, 0x0,

    /* U+00D4 "Ô" */
    0x0, 0x0, 0x28, 0x85, 0x0, 0x0, 0x0, 0x0,
    0xc, 0xff, 0xf3, 0x0, 0x0, 0x0, 0x8, 0xff,
    0xef, 0xd0, 0x0, 0x0, 0x3, 0xff, 0x62, 0xef,
    0x90, 0x0, 0x0, 0xcf, 0x70, 0x3, 0xff, 0x20,
    0x0, 0x2, 0x80, 0x0, 0x4, 0x60, 0x0, 0x0,
    0x0, 0x0, 0x0, 0x0, 0x0, 0x0, 0x0, 0x6c,
    0xef, 0xd9, 0x10, 0x0, 0x0, 0xcf, 0xff, 0xff,
    0xff, 0x30, 0x0, 0x9f, 0xfc, 0x65, 0x8f, 0xfe,
    0x10, 0x2f, 0xfc, 0x0, 0x0, 0x6f, 0xf8, 0x7,
    0xff, 0x50, 0x0, 0x0, 0xef, 0xd0, 0xaf, 0xf0,
    0x0, 0x0, 0xa, 0xff, 0x1d, 0xff, 0x0, 0x0,
    0x0, 0x9f, 0xf3, 0xef, 0xe0, 0x0, 0x0, 0x8,
    0xff, 0x4e, 0xfe, 0x0, 0x0, 0x0, 0x8f, 0xf5,
    0xef, 0xe0, 0x0, 0x0, 0x8, 0xff, 0x4d, 0xff,
    0x0, 0x0, 0x0, 0x9f, 0xf3, 0xaf, 0xf0, 0x0,
    0x0, 0xa, 0xff, 0x17, 0xff, 0x50, 0x0, 0x0,
    0xef, 0xd0, 0x2f, 0xfc, 0x0, 0x0, 0x5f, 0xf8,
    0x0, 0x9f, 0xfc, 0x65, 0x8f, 0xfe, 0x10, 0x0,
    0xcf, 0xff, 0xff, 0xff, 0x30, 0x0, 0x0, 0x6c,
    0xef, 0xd9, 0x10, 0x0,

    /* U+00D5 "Õ" */
    0x0, 0x1b, 0xf9, 0x0, 0x0, 0x0, 0x0, 0xb,
    0xff, 0xfd, 0x32, 0xc1, 0x0, 0x0, 0x97, 0x19,
    0xff, 0xff, 0x30, 0x0, 0x0, 0x0, 0x5, 0xee,
    0x50, 0x0, 0x0, 0x0, 0x0, 0x0, 0x0, 0x0,
    0x0, 0x0, 0x0, 0x0, 0x0, 0x0, 0x0, 0x0,
    0x6, 0xce, 0xfd, 0x91, 0x0, 0x0, 0xc, 0xff,
    0xff, 0xff, 0xf3, 0x0, 0x9, 0xff, 0xc6, 0x58,
    0xff, 0xe1, 0x2, 0xff, 0xc0, 0x0, 0x6, 0xff,
    0x80, 0x7f, 0xf5, 0x0, 0x0, 0xe, 0xfd, 0xa,
    0xff, 0x0, 0x0, 0x0, 0xaf, 0xf1, 0xdf, 0xf0,
    0x0, 0x0, 0x9, 0xff, 0x3e, 0xfe, 0x0, 0x0,
    0x0, 0x8f, 0xf4, 0xef, 0xe0, 0x0, 0x0, 0x8,
    0xff, 0x5e, 0xfe, 0x0, 0x0, 0x0, 0x8f, 0xf4,
    0xdf, 0xf0, 0x0, 0x0, 0x9, 0xff, 0x3a, 0xff,
    0x0, 0x0, 0x0, 0xaf, 0xf1, 0x7f, 0xf5, 0x0,
    0x0, 0xe, 0xfd, 0x2, 0xff, 0xc0, 0x0, 0x5,
    0xff, 0x80, 0x9, 0xff, 0xc6, 0x58, 0xff, 0xe1,
    0x0, 0xc, 0xff, 0xff, 0xff, 0xf3, 0x0, 0x0,
    0x6, 0xce, 0xfd, 0x91, 0x0, 0x0,

    /* U+00D6 "Ö" */
    0x0, 0x0, 0x0, 0x0, 0x0, 0x0, 0x0, 0x8,
    0xfe, 0x20, 0xbf, 0xd0, 0x0, 0x0, 0xcf, 0xf6,
    0xf, 0xff, 0x30, 0x0, 0x7, 0xfd, 0x20, 0xaf,
    0xc0, 0x0, 0x0, 0x0, 0x0, 0x0, 0x0, 0x0,
    0x0, 0x0, 0x0, 0x0, 0x0, 0x0, 0x0, 0x0,
    0x6, 0xce, 0xfd, 0x91, 0x0, 0x0, 0xc, 0xff,
    0xff, 0xff, 0xf3, 0x0, 0x9, 0xff, 0xc6, 0x58,
    0xff, 0xe1, 0x2, 0xff, 0xc0, 0x0, 0x6, 0xff,
    0x80, 0x7f, 0xf5, 0x0, 0x0, 0xe, 0xfd, 0xa,
    0xff, 0x0, 0x0, 0x0, 0xaf, 0xf1, 0xdf, 0xf0,
    0x0, 0x0, 0x9, 0xff, 0x3e, 0xfe, 0x0, 0x0,
    0x0, 0x8f, 0xf4, 0xef, 0xe0, 0x0, 0x0, 0x8,
    0xff, 0x5e, 0xfe, 0x0, 0x0, 0x0, 0x8f, 0xf4,
    0xdf, 0xf0, 0x0, 0x0, 0x9, 0xff, 0x3a, 0xff,
    0x0, 0x0, 0x0, 0xaf, 0xf1, 0x7f, 0xf5, 0x0,
    0x0, 0xe, 0xfd, 0x2, 0xff, 0xc0, 0x0, 0x5,
    0xff, 0x80, 0x9, 0xff, 0xc6, 0x58, 0xff, 0xe1,
    0x0, 0xc, 0xff, 0xff, 0xff, 0xf3, 0x0, 0x0,
    0x6, 0xce, 0xfd, 0x91, 0x0, 0x0,

    /* U+00D7 "×" */
    0x1, 0xa1, 0x0, 0x0, 0x7, 0x50, 0xc, 0xfc,
    0x0, 0x0, 0x7f, 0xf3, 0x4, 0xff, 0xc0, 0x6,
    0xff, 0xa0, 0x0, 0x4f, 0xfc, 0x6f, 0xfa, 0x0,
    0x0, 0x5, 0xff, 0xff, 0xa0, 0x0, 0x0, 0x0,
    0x9f, 0xfe, 0x0, 0x0, 0x0, 0x5, 0xff, 0xff,
    0xb0, 0x0, 0x0, 0x5f, 0xfb, 0x6f, 0xfa, 0x0,
    0x4, 0xff, 0xc0, 0x6, 0xff, 0xa0, 0xc, 0xfc,
    0x0, 0x0, 0x7f, 0xf3, 0x1, 0xa1, 0x0, 0x0,
    0x7, 0x50,

    /* U+00D8 "Ø" */
    0x0, 0x0, 0x0, 0x0, 0x0, 0x8, 0x91, 0x0,
    0x0, 0x6c, 0xef, 0xd9, 0x3f, 0xf4, 0x0, 0xc,
    0xff, 0xff, 0xff, 0xff, 0xb0, 0x0, 0x9f, 0xfc,
    0x65, 0x9f, 0xff, 0x30, 0x2, 0xff, 0xc0, 0x0,
    0xd, 0xff, 0x70, 0x7, 0xff, 0x50, 0x0, 0x6f,
    0xff, 0xd0, 0xa, 0xff, 0x0, 0x1, 0xef, 0xcf,
    0xf1, 0xd, 0xff, 0x0, 0xa, 0xf7, 0x8f, 0xf3,
    0xe, 0xfe, 0x0, 0x3f, 0xd0, 0x8f, 0xf4, 0xe,
    0xfe, 0x0, 0xdf, 0x30, 0x8f, 0xf5, 0xe, 0xfe,
    0x7, 0xfa, 0x0, 0x8f, 0xf4, 0xd, 0xfe, 0x1f,
    0xe1, 0x0, 0x9f, 0xf3, 0xa, 0xff, 0xbf, 0x60,
    0x0, 0xaf, 0xf1, 0x6, 0xff, 0xfc, 0x0, 0x0,
    0xef, 0xd0, 0x1, 0xff, 0xf3, 0x0, 0x5, 0xff,
    0x80, 0x0, 0xcf, 0xfc, 0x65, 0x8f, 0xfe, 0x10,
    0x4, 0xff, 0xff, 0xff, 0xff, 0xf3, 0x0, 0xd,
    0xf8, 0x6c, 0xff, 0xd9, 0x10, 0x0, 0x5, 0xc0,
    0x0, 0x0, 0x0, 0x0, 0x0, 0x0, 0x0, 0x0,
    0x0, 0x0, 0x0, 0x0,

    /* U+00D9 "Ù" */
    0x0, 0x0, 0x13, 0x0, 0x0, 0x0, 0x0, 0x7,
    0xfd, 0x0, 0x0, 0x0, 0x0, 0x4, 0xff, 0x50,
    0x0, 0x0, 0x0, 0x0, 0x9f, 0xd0, 0x0, 0x0,
    0x0, 0x0, 0xd, 0xf5, 0x0, 0x0, 0x0, 0x0,
    0x3, 0x70, 0x0, 0x0, 0x0, 0x0, 0x0, 0x0,
    0x0, 0x0, 0x5f, 0xf5, 0x0, 0x0, 0xf, 0xfc,
    0x5f, 0xf5, 0x0, 0x0, 0xf, 0xfc, 0x5f, 0xf5,
    0x0, 0x0, 0xf, 0xfc, 0x5f, 0xf5, 0x0, 0x0,
    0xf, 0xfc, 0x5f, 0xf5, 0x0, 0x0, 0xf, 0xfc,
    0x5f, 0xf5, 0x0, 0x0, 0xf, 0xfc, 0x5f, 0xf5,
    0x0, 0x0, 0xf, 0xfc, 0x5f, 0xf5, 0x0, 0x0,
    0xf, 0xfc, 0x5f, 0xf5, 0x0, 0x0, 0xf, 0xfc,
    0x5f, 0xf5, 0x0, 0x0, 0xf, 0xfb, 0x5f, 0xf5,
    0x0, 0x0, 0xf, 0xfb, 0x4f, 0xf6, 0x0, 0x0,
    0xf, 0xfb, 0x3f, 0xf8, 0x0, 0x0, 0x1f, 0xf9,
    0xf, 0xfc, 0x0, 0x0, 0x6f, 0xf6, 0xa, 0xff,
    0xb5, 0x58, 0xff, 0xf1, 0x2, 0xef, 0xff, 0xff,
    0xff, 0x70, 0x0, 0x19, 0xdf, 0xfe, 0xb4, 0x0,

    /* U+00DA "Ú" */
    0x0, 0x0, 0x0, 0x3, 0x0, 0x0, 0x0, 0x0,
    0x0, 0x6f, 0xb1, 0x0, 0x0, 0x0, 0x0, 0xef,
    0xb0, 0x0, 0x0, 0x0, 0x6, 0xfe, 0x10, 0x0,
    0x0, 0x0, 0xe, 0xf5, 0x0, 0x0, 0x0, 0x0,
    0x4, 0x70, 0x0, 0x0, 0x0, 0x0, 0x0, 0x0,
    0x0, 0x0, 0x5f, 0xf5, 0x0, 0x0, 0xf, 0xfc,
    0x5f, 0xf5, 0x0, 0x0, 0xf, 0xfc, 0x5f, 0xf5,
    0x0, 0x0, 0xf, 0xfc, 0x5f, 0xf5, 0x0, 0x0,
    0xf, 0xfc, 0x5f, 0xf5, 0x0, 0x0, 0xf, 0xfc,
    0x5f, 0xf5, 0x0, 0x0, 0xf, 0xfc, 0x5f, 0xf5,
    0x0, 0x0, 0xf, 0xfc, 0x5f, 0xf5, 0x0, 0x0,
    0xf, 0xfc, 0x5f, 0xf5, 0x0, 0x0, 0xf, 0xfc,
    0x5f, 0xf5, 0x0, 0x0, 0xf, 0xfb, 0x5f, 0xf5,
    0x0, 0x0, 0xf, 0xfb, 0x4f, 0xf6, 0x0, 0x0,
    0xf, 0xfb, 0x3f, 0xf8, 0x0, 0x0, 0x1f, 0xf9,
    0xf, 0xfc, 0x0, 0x0, 0x6f, 0xf6, 0xa, 0xff,
    0xb5, 0x58, 0xff, 0xf1, 0x2, 0xef, 0xff, 0xff,
    0xff, 0x70, 0x0, 0x19, 0xdf, 0xfe, 0xb4, 0x0,

    /* U+00DB "Û" */
    0x0, 0x0, 0x28, 0x85, 0x0, 0x0, 0x0, 0x0,
    0xdf, 0xff, 0x40, 0x0, 0x0, 0x9, 0xff, 0xdf,
    0xe1, 0x0, 0x0, 0x4f, 0xf4, 0x1d, 0xfb, 0x0,
    0x0, 0xcf, 0x50, 0x1, 0xef, 0x20, 0x0, 0x4,
    0x0, 0x0, 0x23, 0x0, 0x0, 0x0, 0x0, 0x0,
    0x0, 0x0, 0x5f, 0xf5, 0x0, 0x0, 0xf, 0xfc,
    0x5f, 0xf5, 0x0, 0x0, 0xf, 0xfc, 0x5f, 0xf5,
    0x0, 0x0, 0xf, 0xfc, 0x5f, 0xf5, 0x0, 0x0,
    0xf, 0xfc, 0x5f, 0xf5, 0x0, 0x0, 0xf, 0xfc,
    0x5f, 0xf5, 0x0, 0x0, 0xf, 0xfc, 0x5f, 0xf5,
    0x0, 0x0, 0xf, 0xfc, 0x5f, 0xf5, 0x0, 0x0,
    0xf, 0xfc, 0x5f, 0xf5, 0x0, 0x0, 0xf, 0xfc,
    0x5f, 0xf5, 0x0, 0x0, 0xf, 0xfb, 0x5f, 0xf5,
    0x0, 0x0, 0xf, 0xfb, 0x4f, 0xf6, 0x0, 0x0,
    0xf, 0xfb, 0x3f, 0xf8, 0x0, 0x0, 0x1f, 0xf9,
    0xf, 0xfc, 0x0, 0x0, 0x6f, 0xf6, 0xa, 0xff,
    0xb5, 0x58, 0xff, 0xf1, 0x2, 0xef, 0xff, 0xff,
    0xff, 0x70, 0x0, 0x19, 0xdf, 0xfe, 0xb4, 0x0,

    /* U+00DC "Ü" */
    0x0, 0x0, 0x0, 0x0, 0x0, 0x0, 0x0, 0x8f,
    0xe2, 0xb, 0xfd, 0x0, 0x0, 0xcf, 0xf6, 0xf,
    0xff, 0x30, 0x0, 0x7f, 0xd2, 0xa, 0xfc, 0x0,
    0x0, 0x0, 0x0, 0x0, 0x0, 0x0, 0x0, 0x0,
    0x0, 0x0, 0x0, 0x0, 0x5f, 0xf5, 0x0, 0x0,
    0xf, 0xfc, 0x5f, 0xf5, 0x0, 0x0, 0xf, 0xfc,
    0x5f, 0xf5, 0x0, 0x0, 0xf, 0xfc, 0x5f, 0xf5,
    0x0, 0x0, 0xf, 0xfc, 0x5f, 0xf5, 0x0, 0x0,
    0xf, 0xfc, 0x5f, 0xf5, 0x0, 0x0, 0xf, 0xfc,
    0x5f, 0xf5, 0x0, 0x0, 0xf, 0xfc, 0x5f, 0xf5,
    0x0, 0x0, 0xf, 0xfc, 0x5f, 0xf5, 0x0, 0x0,
    0xf, 0xfc, 0x5f, 0xf5, 0x0, 0x0, 0xf, 0xfb,
    0x5f, 0xf5, 0x0, 0x0, 0xf, 0xfb, 0x4f, 0xf6,
    0x0, 0x0, 0xf, 0xfb, 0x3f, 0xf8, 0x0, 0x0,
    0x1f, 0xf9, 0xf, 0xfc, 0x0, 0x0, 0x6f, 0xf6,
    0xa, 0xff, 0xb5, 0x58, 0xff, 0xf1, 0x2, 0xef,
    0xff, 0xff, 0xff, 0x70, 0x0, 0x19, 0xdf, 0xfe,
    0xb4, 0x0,

    /* U+00DD "Ý" */
    0x0, 0x0, 0x0, 0x0, 0x30, 0x0, 0x0, 0x0,
    0x0, 0x0, 0x0, 0x6f, 0xb1, 0x0, 0x0, 0x0,
    0x0, 0x0, 0xe, 0xfb, 0x0, 0x0, 0x0, 0x0,
    0x0, 0x6, 0xfe, 0x10, 0x0, 0x0, 0x0, 0x0,
    0x0, 0xef, 0x50, 0x0, 0x0, 0x0, 0x0, 0x0,
    0x4, 0x70, 0x0, 0x0, 0x0, 0x0, 0x0, 0x0,
    0x0, 0x0, 0x0, 0x0, 0x7, 0xff, 0x80, 0x0,
    0x0, 0x1, 0xff, 0xd0, 0xe, 0xff, 0x10, 0x0,
    0x0, 0x9f, 0xf5, 0x0, 0x6f, 0xf8, 0x0, 0x0,
    0x1f, 0xfc, 0x0, 0x0, 0xdf, 0xf1, 0x0, 0x9,
    0xff, 0x40, 0x0, 0x5, 0xff, 0x80, 0x1, 0xff,
    0xb0, 0x0, 0x0, 0xd, 0xff, 0x10, 0x9f, 0xf3,
    0x0, 0x0, 0x0, 0x4f, 0xf8, 0x1f, 0xfb, 0x0,
    0x0, 0x0, 0x0, 0xcf, 0xe9, 0xff, 0x20, 0x0,
    0x0, 0x0, 0x3, 0xff, 0xff, 0xa0, 0x0, 0x0,
    0x0, 0x0, 0xb, 0xff, 0xf2, 0x0, 0x0, 0x0,
    0x0, 0x0, 0x3f, 0xfa, 0x0, 0x0, 0x0, 0x0,
    0x0, 0x2, 0xff, 0x80, 0x0, 0x0, 0x0, 0x0,
    0x0, 0x2f, 0xf8, 0x0, 0x0, 0x0, 0x0, 0x0,
    0x2, 0xff, 0x80, 0x0, 0x0, 0x0, 0x0, 0x0,
    0x2f, 0xf8, 0x0, 0x0, 0x0, 0x0, 0x0, 0x2,
    0xff, 0x80, 0x0, 0x0, 0x0, 0x0, 0x0, 0x2f,
    0xf8, 0x0, 0x0, 0x0,

    /* U+00DE "Þ" */
    0xff, 0xb0, 0x0, 0x0, 0x0, 0x0, 0xff, 0xb0,
    0x0, 0x0, 0x0, 0x0, 0xff, 0xb0, 0x0, 0x0,
    0x0, 0x0, 0xff, 0xff, 0xff, 0xfd, 0x81, 0x0,
    0xff, 0xff, 0xff, 0xff, 0xfd, 0x10, 0xff, 0xc4,
    0x44, 0x5b, 0xff, 0x90, 0xff, 0xb0, 0x0, 0x0,
    0xdf, 0xf0, 0xff, 0xb0, 0x0, 0x0, 0xaf, 0xf1,
    0xff, 0xb0, 0x0, 0x0, 0xaf, 0xf2, 0xff, 0xb0,
    0x0, 0x0, 0xcf, 0xf0, 0xff, 0xb0, 0x0, 0x17,
    0xff, 0xb0, 0xff, 0xff, 0xff, 0xff, 0xff, 0x30,
    0xff, 0xff, 0xff, 0xff, 0xd4, 0x0, 0xff, 0xc4,
    0x44, 0x42, 0x0, 0x0, 0xff, 0xb0, 0x0, 0x0,
    0x0, 0x0, 0xff, 0xb0, 0x0, 0x0, 0x0, 0x0,
    0xff, 0xb0, 0x0, 0x0, 0x0, 0x0,

    /* U+00DF "ß" */
    0x9, 0xef, 0xff, 0xb0, 0x0, 0x0, 0x8f, 0xff,
    0xff, 0xb0, 0x0, 0x0, 0xef, 0x91, 0x11, 0x10,
    0x0, 0x0, 0xff, 0x90, 0x0, 0x0, 0x0, 0x0,
    0xff, 0x90, 0x0, 0x0, 0x0, 0x0, 0xff, 0xff,
    0xff, 0xff, 0xff, 0xc0, 0xff, 0xff, 0xff, 0xff,
    0xff, 0xc0, 0xff, 0x91, 0x11, 0x13, 0xff, 0x80,
    0xff, 0x90, 0x0, 0xb, 0xfd, 0x0, 0xff, 0x90,
    0x0, 0x6f, 0xf2, 0x0, 0xff, 0x90, 0x2, 0xff,
    0x70, 0x0, 0xff, 0x90, 0xc, 0xfb, 0x0, 0x0,
    0xff, 0x90, 0x5f, 0xf5, 0x0, 0x0, 0xff, 0x90,
    0x6f, 0xff, 0xf8, 0x0, 0xff, 0x90, 0x38, 0xae,
    0xff, 0xc0, 0xff, 0x90, 0x0, 0x0, 0x9f, 0xf5,
    0xff, 0x90, 0x0, 0x0, 0x1f, 0xfa, 0xff, 0x90,
    0x0, 0x0, 0xf, 0xfb, 0x0, 0x0, 0x0, 0x0,
    0xf, 0xfa, 0x0, 0x0, 0x0, 0x0, 0x5f, 0xf7,
    0x0, 0x0, 0x12, 0x38, 0xff, 0xe1, 0x0, 0x2,
    0xff, 0xff, 0xfe, 0x30, 0x0, 0x2, 0xff, 0xec,
    0x71, 0x0,

    /* U+00E0 "à" */
    0x0, 0x0, 0x21, 0x0, 0x0, 0x0, 0x0, 0x0,
    0xaf, 0x80, 0x0, 0x0, 0x0, 0x0, 0x9, 0xff,
    0x10, 0x0, 0x0, 0x0, 0x0, 0xd, 0xf8, 0x0,
    0x0, 0x0, 0x0, 0x0, 0x3f, 0xf1, 0x0, 0x0,
    0x0, 0x0, 0x0, 0x65, 0x0, 0x0, 0x0, 0x0,
    0x0, 0x0, 0x0, 0x0, 0x0, 0x0, 0x2, 0x9d,
    0xff, 0xc7, 0x0, 0x0, 0x6, 0xff, 0xff, 0xff,
    0xfc, 0x0, 0x0, 0xef, 0xa3, 0x13, 0xbf, 0xf7,
    0x0, 0x1, 0x60, 0x0, 0x0, 0xef, 0xc0, 0x0,
    0x0, 0x0, 0x0, 0xc, 0xfd, 0x0, 0x0, 0x27,
    0x9a, 0xbb, 0xef, 0xd0, 0x0, 0x7f, 0xff, 0xff,
    0xff, 0xfd, 0x0, 0x3f, 0xfb, 0x30, 0x0, 0xcf,
    0xd0, 0x7, 0xff, 0x20, 0x0, 0xc, 0xfd, 0x0,
    0x8f, 0xf2, 0x0, 0x0, 0xef, 0xd0, 0x5, 0xff,
    0xa1, 0x2, 0xbf, 0xfe, 0x20, 0xc, 0xff, 0xff,
    0xfe, 0x6f, 0xff, 0x60, 0x8, 0xef, 0xea, 0x10,
    0xaf, 0xf6,

    /* U+00E1 "á" */
    0x0, 0x0, 0x0, 0x21, 0x0, 0x0, 0x0, 0x0,
    0x0, 0xb, 0xf8, 0x0, 0x0, 0x0, 0x0, 0x3,
    0xff, 0x60, 0x0, 0x0, 0x0, 0x0, 0xbf, 0xb0,
    0x0, 0x0, 0x0, 0x0, 0x3f, 0xe1, 0x0, 0x0,
    0x0, 0x0, 0x0, 0x65, 0x0, 0x0, 0x0, 0x0,
    0x0, 0x0, 0x0, 0x0, 0x0, 0x0, 0x2, 0x9d,
    0xff, 0xc7, 0x0, 0x0, 0x6, 0xff, 0xff, 0xff,
    0xfc, 0x0, 0x0, 0xef, 0xa3, 0x13, 0xbf, 0xf7,
    0x0, 0x1, 0x60, 0x0, 0x0, 0xef, 0xc0, 0x0,
    0x0, 0x0, 0x0, 0xc, 0xfd, 0x0, 0x0, 0x27,
    0x9a, 0xbb, 0xef, 0xd0, 0x0, 0x7f, 0xff, 0xff,
    0xff, 0xfd, 0x0, 0x3f, 0xfb, 0x30, 0x0, 0xcf,
    0xd0, 0x7, 0xff, 0x20, 0x0, 0xc, 0xfd, 0x0,
    0x8f, 0xf2, 0x0, 0x0, 0xef, 0xd0, 0x5, 0xff,
    0xa1, 0x2, 0xbf, 0xfe, 0x20, 0xc, 0xff, 0xff,
    0xfe, 0x6f, 0xff, 0x60, 0x8, 0xef, 0xea, 0x10,
    0xaf, 0xf6,

    /* U+00E2 "â" */
    0x0, 0x0, 0x48, 0x83, 0x0, 0x0, 0x0, 0x0,
    0x2f, 0xff, 0xe1, 0x0, 0x0, 0x0, 0xd, 0xfd,
    0xff, 0xa0, 0x0, 0x0, 0x9, 0xfd, 0x13, 0xff,
    0x60, 0x0, 0x1, 0xfe, 0x20, 0x4, 0xfd, 0x0,
    0x0, 0x2, 0x20, 0x0, 0x4, 0x10, 0x0, 0x0,
    0x0, 0x0, 0x0, 0x0, 0x0, 0x0, 0x2, 0x9d,
    0xff, 0xc7, 0x0, 0x0, 0x6, 0xff, 0xff, 0xff,
    0xfc, 0x0, 0x0, 0xef, 0xa3, 0x13, 0xbf, 0xf7,
    0x0, 0x1, 0x60, 0x0, 0x0, 0xef, 0xc0, 0x0,
    0x0, 0x0, 0x0, 0xc, 0xfd, 0x0, 0x0, 0x27,
    0x9a, 0xbb, 0xef, 0xd0, 0x0, 0x7f, 0xff, 0xff,
    0xff, 0xfd, 0x0, 0x3f, 0xfb, 0x30, 0x0, 0xcf,
    0xd0, 0x7, 0xff, 0x20, 0x0, 0xc, 0xfd, 0x0,
    0x8f, 0xf2, 0x0, 0x0, 0xef, 0xd0, 0x5, 0xff,
    0xa1, 0x2, 0xbf, 0xfe, 0x20, 0xc, 0xff, 0xff,
    0xfe, 0x6f, 0xff, 0x60, 0x8, 0xef, 0xea, 0x10,
    0xaf, 0xf6,

    /* U+00E3 "ã" */
    0x0, 0x7e, 0xeb, 0x50, 0x33, 0x0, 0x0, 0x2f,
    0xff, 0xff, 0xff, 0xe0, 0x0, 0x0, 0x52, 0x26,
    0xdf, 0xe5, 0x0, 0x0, 0x0, 0x0, 0x0, 0x0,
    0x0, 0x0, 0x0, 0x0, 0x0, 0x0, 0x0, 0x0,
    0x0, 0x2, 0x9d, 0xff, 0xc7, 0x0, 0x0, 0x6,
    0xff, 0xff, 0xff, 0xfc, 0x0, 0x0, 0xef, 0xa3,
    0x13, 0xbf, 0xf7, 0x0, 0x1, 0x60, 0x0, 0x0,
    0xef, 0xc0, 0x0, 0x0, 0x0, 0x0, 0xc, 0xfd,
    0x0, 0x0, 0x27, 0x9a, 0xbb, 0xef, 0xd0, 0x0,
    0x7f, 0xff, 0xff, 0xff, 0xfd, 0x0, 0x3f, 0xfb,
    0x30, 0x0, 0xcf, 0xd0, 0x7, 0xff, 0x20, 0x0,
    0xc, 0xfd, 0x0, 0x8f, 0xf2, 0x0, 0x0, 0xef,
    0xd0, 0x5, 0xff, 0xa1, 0x2, 0xbf, 0xfe, 0x20,
    0xc, 0xff, 0xff, 0xfe, 0x6f, 0xff, 0x60, 0x8,
    0xef, 0xea, 0x10, 0xaf, 0xf6,

    /* U+00E4 "ä" */
    0x0, 0xbf, 0xb0, 0x1d, 0xf8, 0x0, 0x0, 0x1f,
    0xff, 0x14, 0xff, 0xe0, 0x0, 0x0, 0xcf, 0xc0,
    0x1e, 0xf9, 0x0, 0x0, 0x0, 0x0, 0x0, 0x0,
    0x0, 0x0, 0x0, 0x0, 0x0, 0x0, 0x0, 0x0,
    0x0, 0x2, 0x9d, 0xff, 0xc7, 0x0, 0x0, 0x6,
    0xff, 0xff, 0xff, 0xfc, 0x0, 0x0, 0xef, 0xa3,
    0x13, 0xbf, 0xf7, 0x0, 0x1, 0x60, 0x0, 0x0,
    0xef, 0xc0, 0x0, 0x0, 0x0, 0x0, 0xc, 0xfd,
    0x0, 0x0, 0x27, 0x9a, 0xbb, 0xef, 0xd0, 0x0,
    0x7f, 0xff, 0xff, 0xff, 0xfd, 0x0, 0x3f, 0xfb,
    0x30, 0x0, 0xcf, 0xd0, 0x7, 0xff, 0x20, 0x0,
    0xc, 0xfd, 0x0, 0x8f, 0xf2, 0x0, 0x0, 0xef,
    0xd0, 0x5, 0xff, 0xa1, 0x2, 0xbf, 0xfe, 0x20,
    0xc, 0xff, 0xff, 0xfe, 0x6f, 0xff, 0x60, 0x8,
    0xef, 0xea, 0x10, 0xaf, 0xf6,

    /* U+00E5 "å" */
    0x0, 0x0, 0x1, 0x0, 0x0, 0x0, 0x0, 0x0,
    0x2c, 0xff, 0xb1, 0x0, 0x0, 0x0, 0xd, 0xe6,
    0x7f, 0xb0, 0x0, 0x0, 0x2, 0xf9, 0x0, 0xcf,
    0x0, 0x0, 0x0, 0xf, 0xd3, 0x4e, 0xc0, 0x0,
    0x0, 0x0, 0x5f, 0xff, 0xe3, 0x0, 0x0, 0x0,
    0x0, 0x4, 0x30, 0x0, 0x0, 0x0, 0x0, 0x0,
    0x0, 0x0, 0x0, 0x0, 0x0, 0x29, 0xdf, 0xfc,
    0x70, 0x0, 0x0, 0x6f, 0xff, 0xff, 0xff, 0xc0,
    0x0, 0xe, 0xfa, 0x31, 0x3b, 0xff, 0x70, 0x0,
    0x16, 0x0, 0x0, 0xe, 0xfc, 0x0, 0x0, 0x0,
    0x0, 0x0, 0xcf, 0xd0, 0x0, 0x2, 0x79, 0xab,
    0xbe, 0xfd, 0x0, 0x7, 0xff, 0xff, 0xff, 0xff,
    0xd0, 0x3, 0xff, 0xb3, 0x0, 0xc, 0xfd, 0x0,
    0x7f, 0xf2, 0x0, 0x0, 0xcf, 0xd0, 0x8, 0xff,
    0x20, 0x0, 0xe, 0xfd, 0x0, 0x5f, 0xfa, 0x10,
    0x2b, 0xff, 0xe2, 0x0, 0xcf, 0xff, 0xff, 0xe6,
    0xff, 0xf6, 0x0, 0x8e, 0xfe, 0xa1, 0xa, 0xff,
    0x60,

    /* U+00E6 "æ" */
    0x1, 0xae, 0xfb, 0x10, 0x9e, 0xfb, 0x20, 0xd,
    0xfe, 0xef, 0xd9, 0xfe, 0xef, 0xe1, 0x5f, 0xb0,
    0xa, 0xff, 0x90, 0xa, 0xf7, 0x4, 0x10, 0x4,
    0xff, 0x10, 0x2, 0xfc, 0x0, 0x0, 0x3, 0xff,
    0x0, 0x0, 0xfe, 0x0, 0x47, 0x9a, 0xff, 0x99,
    0x99, 0xff, 0xb, 0xff, 0xff, 0xff, 0xff, 0xff,
    0xff, 0x7f, 0xd3, 0x3, 0xff, 0x0, 0x0, 0x0,
    0xcf, 0x70, 0x3, 0xff, 0x10, 0x0, 0x0, 0xcf,
    0x60, 0x5, 0xff, 0x40, 0x2, 0xb4, 0xaf, 0xb0,
    0x1c, 0xaf, 0xd1, 0xb, 0xf8, 0x4f, 0xff, 0xfd,
    0xd, 0xff, 0xff, 0xd0, 0x5, 0xdf, 0xb2, 0x1,
    0xae, 0xfa, 0x10,

    /* U+00E7 "ç" */
    0x0, 0x2, 0xae, 0xfe, 0xb3, 0x0, 0x0, 0x6f,
    0xff, 0xff, 0xff, 0x60, 0x3, 0xff, 0xe6, 0x45,
    0xdf, 0xf2, 0xb, 0xff, 0x20, 0x0, 0xd, 0x80,
    0xf, 0xfa, 0x0, 0x0, 0x0, 0x0, 0x2f, 0xf8,
    0x0, 0x0, 0x0, 0x0, 0x3f, 0xf8, 0x0, 0x0,
    0x0, 0x0, 0x2f, 0xf8, 0x0, 0x0, 0x0, 0x0,
    0xf, 0xfa, 0x0, 0x0, 0x0, 0x0, 0xb, 0xff,
    0x20, 0x0, 0xa, 0xa1, 0x3, 0xff, 0xe6, 0x34,
    0xbf, 0xf5, 0x0, 0x6f, 0xff, 0xff, 0xff, 0x90,
    0x0, 0x3, 0xae, 0xfe, 0xc5, 0x0, 0x0, 0x0,
    0x9, 0xc0, 0x0, 0x0, 0x0, 0x0, 0x8, 0xcb,
    0x80, 0x0, 0x0, 0x0, 0x0, 0xa, 0xf5, 0x0,
    0x0, 0x0, 0xac, 0x8e, 0xf4, 0x0, 0x0, 0x0,
    0x6d, 0xfe, 0x70, 0x0,

    /* U+00E8 "è" */
    0x0, 0x0, 0x13, 0x0, 0x0, 0x0, 0x0, 0x7,
    0xfd, 0x0, 0x0, 0x0, 0x0, 0x4, 0xff, 0x50,
    0x0, 0x0, 0x0, 0x0, 0x9f, 0xd0, 0x0, 0x0,
    0x0, 0x0, 0xd, 0xf5, 0x0, 0x0, 0x0, 0x0,
    0x3, 0x70, 0x0, 0x0, 0x0, 0x0, 0x0, 0x0,
    0x0, 0x0, 0x0, 0x5, 0xbe, 0xfd, 0x91, 0x0,
    0x0, 0xaf, 0xff, 0xff, 0xff, 0x40, 0x7, 0xff,
    0x93, 0x14, 0xdf, 0xe1, 0xf, 0xf9, 0x0, 0x0,
    0x2f, 0xf8, 0x4f, 0xf3, 0x0, 0x0, 0xc, 0xfc,
    0x7f, 0xfd, 0xcc, 0xcc, 0xcf, 0xfe, 0x8f, 0xff,
    0xff, 0xff, 0xff, 0xff, 0x7f, 0xf1, 0x0, 0x0,
    0x0, 0x0, 0x5f, 0xf4, 0x0, 0x0, 0x0, 0x0,
    0x1f, 0xfb, 0x0, 0x0, 0x8, 0x90, 0x8, 0xff,
    0xc5, 0x34, 0xbf, 0xf5, 0x0, 0xaf, 0xff, 0xff,
    0xff, 0x90, 0x0, 0x5, 0xbe, 0xfe, 0xb4, 0x0,

    /* U+00E9 "é" */
    0x0, 0x0, 0x0, 0x3, 0x0, 0x0, 0x0, 0x0,
    0x0, 0x6f, 0xb1, 0x0, 0x0, 0x0, 0x0, 0xef,
    0xb0, 0x0, 0x0, 0x0, 0x6, 0xfe, 0x10, 0x0,
    0x0, 0x0, 0xe, 0xf5, 0x0, 0x0, 0x0, 0x0,
    0x4, 0x70, 0x0, 0x0, 0x0, 0x0, 0x0, 0x0,
    0x0, 0x0, 0x0, 0x5, 0xbe, 0xfd, 0x91, 0x0,
    0x0, 0xaf, 0xff, 0xff, 0xff, 0x40, 0x7, 0xff,
    0x93, 0x14, 0xdf, 0xe1, 0xf, 0xf9, 0x0, 0x0,
    0x2f, 0xf8, 0x4f, 0xf3, 0x0, 0x0, 0xc, 0xfc,
    0x7f, 0xfd, 0xcc, 0xcc, 0xcf, 0xfe, 0x8f, 0xff,
    0xff, 0xff, 0xff, 0xff, 0x7f, 0xf1, 0x0, 0x0,
    0x0, 0x0, 0x5f, 0xf4, 0x0, 0x0, 0x0, 0x0,
    0x1f, 0xfb, 0x0, 0x0, 0x8, 0x90, 0x8, 0xff,
    0xc5, 0x34, 0xbf, 0xf5, 0x0, 0xaf, 0xff, 0xff,
    0xff, 0x90, 0x0, 0x5, 0xbe, 0xfe, 0xb4, 0x0,

    /* U+00EA "ê" */
    0x0, 0x0, 0x28, 0x85, 0x0, 0x0, 0x0, 0x0,
    0xcf, 0xff, 0x40, 0x0, 0x0, 0x8, 0xff, 0xdf,
    0xe1, 0x0, 0x0, 0x4f, 0xf4, 0x1d, 0xfb, 0x0,
    0x0, 0xbf, 0x50, 0x1, 0xdf, 0x30, 0x0, 0x4,
    0x0, 0x0, 0x23, 0x0, 0x0, 0x0, 0x0, 0x0,
    0x0, 0x0, 0x0, 0x5, 0xbe, 0xfd, 0x91, 0x0,
    0x0, 0xaf, 0xff, 0xff, 0xff, 0x40, 0x7, 0xff,
    0x93, 0x14, 0xdf, 0xe1, 0xf, 0xf9, 0x0, 0x0,
    0x2f, 0xf8, 0x4f, 0xf3, 0x0, 0x0, 0xc, 0xfc,
    0x7f, 0xfd, 0xcc, 0xcc, 0xcf, 0xfe, 0x8f, 0xff,
    0xff, 0xff, 0xff, 0xff, 0x7f, 0xf1, 0x0, 0x0,
    0x0, 0x0, 0x5f, 0xf4, 0x0, 0x0, 0x0, 0x0,
    0x1f, 0xfb, 0x0, 0x0, 0x8, 0x90, 0x8, 0xff,
    0xc5, 0x34, 0xbf, 0xf5, 0x0, 0xaf, 0xff, 0xff,
    0xff, 0x90, 0x0, 0x5, 0xbe, 0xfe, 0xb4, 0x0,

    /* U+00EB "ë" */
    0x0, 0x6f, 0xe2, 0x9, 0xfc, 0x0, 0x0, 0xcf,
    0xf6, 0xf, 0xff, 0x30, 0x0, 0x7f, 0xf3, 0xa,
    0xfd, 0x10, 0x0, 0x0, 0x0, 0x0, 0x0, 0x0,
    0x0, 0x0, 0x0, 0x0, 0x0, 0x0, 0x0, 0x5,
    0xbe, 0xfd, 0x91, 0x0, 0x0, 0xaf, 0xff, 0xff,
    0xff, 0x40, 0x7, 0xff, 0x93, 0x14, 0xdf, 0xe1,
    0xf, 0xf9, 0x0, 0x0, 0x2f, 0xf8, 0x4f, 0xf3,
    0x0, 0x0, 0xc, 0xfc, 0x7f, 0xfd, 0xcc, 0xcc,
    0xcf, 0xfe, 0x8f, 0xff, 0xff, 0xff, 0xff, 0xff,
    0x7f, 0xf1, 0x0, 0x0, 0x0, 0x0, 0x5f, 0xf4,
    0x0, 0x0, 0x0, 0x0, 0x1f, 0xfb, 0x0, 0x0,
    0x8, 0x90, 0x8, 0xff, 0xc5, 0x34, 0xbf, 0xf5,
    0x0, 0xaf, 0xff, 0xff, 0xff, 0x90, 0x0, 0x5,
    0xbe, 0xfe, 0xb4, 0x0,

    /* U+00EC "ì" */
    0x0, 0x0, 0x73, 0x0, 0x0, 0x0, 0x0, 0xd,
    0xfb, 0x0, 0x0, 0x0, 0x0, 0x5, 0xff, 0x30,
    0x0, 0x0, 0x0, 0x0, 0xaf, 0xb0, 0x0, 0x0,
    0x0, 0x0, 0x1e, 0xf1, 0x0, 0x0, 0x0, 0x0,
    0x2, 0x10, 0x0, 0x0, 0x0, 0x0, 0x0, 0x0,
    0x0, 0x0, 0x9f, 0xff, 0xff, 0xf4, 0x0, 0x0,
    0x9f, 0xff, 0xff, 0xf4, 0x0, 0x0, 0x12, 0x22,
    0x7f, 0xf4, 0x0, 0x0, 0x0, 0x0, 0x5f, 0xf4,
    0x0, 0x0, 0x0, 0x0, 0x5f, 0xf4, 0x0, 0x0,
    0x0, 0x0, 0x5f, 0xf4, 0x0, 0x0, 0x0, 0x0,
    0x5f, 0xf4, 0x0, 0x0, 0x0, 0x0, 0x5f, 0xf4,
    0x0, 0x0, 0x0, 0x0, 0x5f, 0xf4, 0x0, 0x0,
    0x0, 0x0, 0x5f, 0xf4, 0x0, 0x0, 0x12, 0x22,
    0x7f, 0xf6, 0x22, 0x20, 0x9f, 0xff, 0xff, 0xff,
    0xff, 0xf3, 0x9f, 0xff, 0xff, 0xff, 0xff, 0xf3,

    /* U+00ED "í" */
    0x0, 0x0, 0x0, 0x46, 0x0, 0x0, 0x0, 0x0,
    0x0, 0xcf, 0xc0, 0x0, 0x0, 0x0, 0x4, 0xff,
    0x40, 0x0, 0x0, 0x0, 0xc, 0xf9, 0x0, 0x0,
    0x0, 0x0, 0x2f, 0xd0, 0x0, 0x0, 0x0, 0x0,
    0x1, 0x20, 0x0, 0x0, 0x0, 0x0, 0x0, 0x0,
    0x0, 0x0, 0x9f, 0xff, 0xff, 0xf4, 0x0, 0x0,
    0x9f, 0xff, 0xff, 0xf4, 0x0, 0x0, 0x12, 0x22,
    0x7f, 0xf4, 0x0, 0x0, 0x0, 0x0, 0x5f, 0xf4,
    0x0, 0x0, 0x0, 0x0, 0x5f, 0xf4, 0x0, 0x0,
    0x0, 0x0, 0x5f, 0xf4, 0x0, 0x0, 0x0, 0x0,
    0x5f, 0xf4, 0x0, 0x0, 0x0, 0x0, 0x5f, 0xf4,
    0x0, 0x0, 0x0, 0x0, 0x5f, 0xf4, 0x0, 0x0,
    0x0, 0x0, 0x5f, 0xf4, 0x0, 0x0, 0x12, 0x22,
    0x7f, 0xf6, 0x22, 0x20, 0x9f, 0xff, 0xff, 0xff,
    0xff, 0xf3, 0x9f, 0xff, 0xff, 0xff, 0xff, 0xf3,

    /* U+00EE "î" */
    0x0, 0x0, 0xcf, 0xfa, 0x0, 0x0, 0x0, 0x9,
    0xff, 0xff, 0x80, 0x0, 0x0, 0x6f, 0xf3, 0x5f,
    0xf5, 0x0, 0x0, 0xee, 0x30, 0x4, 0xfd, 0x0,
    0x0, 0x12, 0x0, 0x0, 0x31, 0x0, 0x0, 0x0,
    0x0, 0x0, 0x0, 0x0, 0x9f, 0xff, 0xff, 0xf4,
    0x0, 0x0, 0x9f, 0xff, 0xff, 0xf4, 0x0, 0x0,
    0x12, 0x22, 0x7f, 0xf4, 0x0, 0x0, 0x0, 0x0,
    0x5f, 0xf4, 0x0, 0x0, 0x0, 0x0, 0x5f, 0xf4,
    0x0, 0x0, 0x0, 0x0, 0x5f, 0xf4, 0x0, 0x0,
    0x0, 0x0, 0x5f, 0xf4, 0x0, 0x0, 0x0, 0x0,
    0x5f, 0xf4, 0x0, 0x0, 0x0, 0x0, 0x5f, 0xf4,
    0x0, 0x0, 0x0, 0x0, 0x5f, 0xf4, 0x0, 0x0,
    0x12, 0x22, 0x7f, 0xf6, 0x22, 0x20, 0x9f, 0xff,
    0xff, 0xff, 0xff, 0xf3, 0x9f, 0xff, 0xff, 0xff,
    0xff, 0xf3,

    /* U+00EF "ï" */
    0x0, 0xaf, 0xc0, 0xc, 0xf9, 0x0, 0x0, 0xff,
    0xf2, 0x3f, 0xff, 0x0, 0x0, 0xbf, 0xd0, 0x1d,
    0xfa, 0x0, 0x0, 0x0, 0x0, 0x0, 0x0, 0x0,
    0x0, 0x0, 0x0, 0x0, 0x0, 0x0, 0x9f, 0xff,
    0xff, 0xf4, 0x0, 0x0, 0x9f, 0xff, 0xff, 0xf4,
    0x0, 0x0, 0x12, 0x22, 0x7f, 0xf4, 0x0, 0x0,
    0x0, 0x0, 0x5f, 0xf4, 0x0, 0x0, 0x0, 0x0,
    0x5f, 0xf4, 0x0, 0x0, 0x0, 0x0, 0x5f, 0xf4,
    0x0, 0x0, 0x0, 0x0, 0x5f, 0xf4, 0x0, 0x0,
    0x0, 0x0, 0x5f, 0xf4, 0x0, 0x0, 0x0, 0x0,
    0x5f, 0xf4, 0x0, 0x0, 0x0, 0x0, 0x5f, 0xf4,
    0x0, 0x0, 0x12, 0x22, 0x7f, 0xf6, 0x22, 0x20,
    0x9f, 0xff, 0xff, 0xff, 0xff, 0xf3, 0x9f, 0xff,
    0xff, 0xff, 0xff, 0xf3,

    /* U+00F0 "ð" */
    0x0, 0x0, 0x0, 0x0, 0x1, 0x0, 0x0, 0x18,
    0xff, 0xe6, 0x4d, 0xd0, 0x0, 0x0, 0x1, 0xaf,
    0xff, 0xc3, 0x0, 0x0, 0x0, 0x19, 0xff, 0xfb,
    0x0, 0x0, 0x0, 0xa, 0xf7, 0x4f, 0xf9, 0x0,
    0x0, 0x0, 0x1, 0x0, 0x5f, 0xf3, 0x0, 0x0,
    0x19, 0xef, 0xd6, 0x8f, 0xc0, 0x0, 0x2e, 0xff,
    0xff, 0xf9, 0xff, 0x30, 0xc, 0xff, 0xa4, 0x36,
    0xee, 0xf8, 0x3, 0xff, 0xa0, 0x0, 0x3, 0xff,
    0xd0, 0x7f, 0xf3, 0x0, 0x0, 0xc, 0xff, 0xa,
    0xff, 0x10, 0x0, 0x0, 0xaf, 0xf0, 0xaf, 0xf1,
    0x0, 0x0, 0xa, 0xff, 0x9, 0xff, 0x10, 0x0,
    0x0, 0xaf, 0xf0, 0x6f, 0xf3, 0x0, 0x0, 0xc,
    0xfd, 0x2, 0xff, 0xa0, 0x0, 0x3, 0xff, 0x80,
    0x9, 0xff, 0xa3, 0x26, 0xef, 0xf1, 0x0, 0xb,
    0xff, 0xff, 0xff, 0xf5, 0x0, 0x0, 0x6, 0xce,
    0xfe, 0xa2, 0x0, 0x0,

    /* U+00F1 "ñ" */
    0x3, 0xdf, 0xc7, 0x11, 0x50, 0x0, 0xcf, 0xff,
    0xff, 0xff, 0x40, 0x2, 0x41, 0x4b, 0xff, 0xa0,
    0x0, 0x0, 0x0, 0x0, 0x0, 0x0, 0x0, 0x0,
    0x0, 0x0, 0x0, 0xf, 0xfa, 0x8, 0xdf, 0xd6,
    0x0, 0xff, 0xab, 0xff, 0xff, 0xf7, 0xf, 0xfe,
    0xc5, 0x37, 0xff, 0xf1, 0xff, 0xd0, 0x0, 0x7,
    0xff, 0x5f, 0xfa, 0x0, 0x0, 0x3f, 0xf7, 0xff,
    0xa0, 0x0, 0x1, 0xff, 0x8f, 0xfa, 0x0, 0x0,
    0x1f, 0xf8, 0xff, 0xa0, 0x0, 0x1, 0xff, 0x8f,
    0xfa, 0x0, 0x0, 0x1f, 0xf8, 0xff, 0xa0, 0x0,
    0x1, 0xff, 0x8f, 0xfa, 0x0, 0x0, 0x1f, 0xf8,
    0xff, 0xa0, 0x0, 0x1, 0xff, 0x8f, 0xfa, 0x0,
    0x0, 0x1f, 0xf8,

    /* U+00F2 "ò" */
    0x0, 0x0, 0x13, 0x0, 0x0, 0x0, 0x0, 0x0,
    0x7f, 0xd0, 0x0, 0x0, 0x0, 0x0, 0x4, 0xff,
    0x50, 0x0, 0x0, 0x0, 0x0, 0x9, 0xfd, 0x0,
    0x0, 0x0, 0x0, 0x0, 0xd, 0xf5, 0x0, 0x0,
    0x0, 0x0, 0x0, 0x37, 0x0, 0x0, 0x0, 0x0,
    0x0, 0x0, 0x0, 0x0, 0x0, 0x0, 0x0, 0x6c,
    0xef, 0xd8, 0x10, 0x0, 0x0, 0xbf, 0xff, 0xff,
    0xff, 0x30, 0x0, 0xaf, 0xf9, 0x32, 0x6e, 0xfe,
    0x10, 0x2f, 0xf9, 0x0, 0x0, 0x3f, 0xf8, 0x7,
    0xff, 0x30, 0x0, 0x0, 0xdf, 0xd0, 0x9f, 0xf1,
    0x0, 0x0, 0xa, 0xff, 0xa, 0xff, 0x10, 0x0,
    0x0, 0xaf, 0xf0, 0x9f, 0xf1, 0x0, 0x0, 0xa,
    0xff, 0x7, 0xff, 0x30, 0x0, 0x0, 0xdf, 0xd0,
    0x2f, 0xf9, 0x0, 0x0, 0x3f, 0xf8, 0x0, 0xaf,
    0xf9, 0x32, 0x6e, 0xfe, 0x10, 0x0, 0xcf, 0xff,
    0xff, 0xff, 0x40, 0x0, 0x0, 0x6c, 0xff, 0xd9,
    0x10, 0x0,

    /* U+00F3 "ó" */
    0x0, 0x0, 0x0, 0x3, 0x0, 0x0, 0x0, 0x0,
    0x0, 0x6, 0xfb, 0x10, 0x0, 0x0, 0x0, 0x0,
    0xef, 0xb0, 0x0, 0x0, 0x0, 0x0, 0x6f, 0xe1,
    0x0, 0x0, 0x0, 0x0, 0xe, 0xf5, 0x0, 0x0,
    0x0, 0x0, 0x0, 0x47, 0x0, 0x0, 0x0, 0x0,
    0x0, 0x0, 0x0, 0x0, 0x0, 0x0, 0x0, 0x6c,
    0xef, 0xd8, 0x10, 0x0, 0x0, 0xbf, 0xff, 0xff,
    0xff, 0x30, 0x0, 0xaf, 0xf9, 0x32, 0x6e, 0xfe,
    0x10, 0x2f, 0xf9, 0x0, 0x0, 0x3f, 0xf8, 0x7,
    0xff, 0x30, 0x0, 0x0, 0xdf, 0xd0, 0x9f, 0xf1,
    0x0, 0x0, 0xa, 0xff, 0xa, 0xff, 0x10, 0x0,
    0x0, 0xaf, 0xf0, 0x9f, 0xf1, 0x0, 0x0, 0xa,
    0xff, 0x7, 0xff, 0x30, 0x0, 0x0, 0xdf, 0xd0,
    0x2f, 0xf9, 0x0, 0x0, 0x3f, 0xf8, 0x0, 0xaf,
    0xf9, 0x32, 0x6e, 0xfe, 0x10, 0x0, 0xcf, 0xff,
    0xff, 0xff, 0x40, 0x0, 0x0, 0x6c, 0xff, 0xd9,
    0x10, 0x0,

    /* U+00F4 "ô" */
    0x0, 0x0, 0x28, 0x85, 0x0, 0x0, 0x0, 0x0,
    0xd, 0xff, 0xf4, 0x0, 0x0, 0x0, 0x9, 0xff,
    0xdf, 0xe1, 0x0, 0x0, 0x4, 0xff, 0x41, 0xdf,
    0xb0, 0x0, 0x0, 0xcf, 0x50, 0x1, 0xef, 0x20,
    0x0, 0x0, 0x40, 0x0, 0x2, 0x30, 0x0, 0x0,
    0x0, 0x0, 0x0, 0x0, 0x0, 0x0, 0x0, 0x6c,
    0xef, 0xd8, 0x10, 0x0, 0x0, 0xbf, 0xff, 0xff,
    0xff, 0x30, 0x0, 0xaf, 0xf9, 0x32, 0x6e, 0xfe,
    0x10, 0x2f, 0xf9, 0x0, 0x0, 0x3f, 0xf8, 0x7,
    0xff, 0x30, 0x0, 0x0, 0xdf, 0xd0, 0x9f, 0xf1,
    0x0, 0x0, 0xa, 0xff, 0xa, 0xff, 0x10, 0x0,
    0x0, 0xaf, 0xf0, 0x9f, 0xf1, 0x0, 0x0, 0xa,
    0xff, 0x7, 0xff, 0x30, 0x0, 0x0, 0xdf, 0xd0,
    0x2f, 0xf9, 0x0, 0x0, 0x3f, 0xf8, 0x0, 0xaf,
    0xf9, 0x32, 0x6e, 0xfe, 0x10, 0x0, 0xcf, 0xff,
    0xff, 0xff, 0x40, 0x0, 0x0, 0x6c, 0xff, 0xd9,
    0x10, 0x0,

    /* U+00F5 "õ" */
    0x0, 0x3d, 0xfc, 0x61, 0x15, 0x0, 0x0, 0xd,
    0xff, 0xff, 0xff, 0xf3, 0x0, 0x0, 0x24, 0x15,
    0xbf, 0xf9, 0x0, 0x0, 0x0, 0x0, 0x0, 0x0,
    0x0, 0x0, 0x0, 0x0, 0x0, 0x0, 0x0, 0x0,
    0x0, 0x0, 0x6c, 0xef, 0xd8, 0x10, 0x0, 0x0,
    0xbf, 0xff, 0xff, 0xff, 0x30, 0x0, 0xaf, 0xf9,
    0x32, 0x6e, 0xfe, 0x10, 0x2f, 0xf9, 0x0, 0x0,
    0x3f, 0xf8, 0x7, 0xff, 0x30, 0x0, 0x0, 0xdf,
    0xd0, 0x9f, 0xf1, 0x0, 0x0, 0xa, 0xff, 0xa,
    0xff, 0x10, 0x0, 0x0, 0xaf, 0xf0, 0x9f, 0xf1,
    0x0, 0x0, 0xa, 0xff, 0x7, 0xff, 0x30, 0x0,
    0x0, 0xdf, 0xd0, 0x2f, 0xf9, 0x0, 0x0, 0x3f,
    0xf8, 0x0, 0xaf, 0xf9, 0x32, 0x6e, 0xfe, 0x10,
    0x0, 0xcf, 0xff, 0xff, 0xff, 0x40, 0x0, 0x0,
    0x6c, 0xff, 0xd9, 0x10, 0x0,

    /* U+00F6 "ö" */
    0x0, 0x7f, 0xd2, 0xa, 0xfc, 0x0, 0x0, 0xc,
    0xff, 0x60, 0xff, 0xf3, 0x0, 0x0, 0x8f, 0xe2,
    0xb, 0xfd, 0x0, 0x0, 0x0, 0x0, 0x0, 0x0,
    0x0, 0x0, 0x0, 0x0, 0x0, 0x0, 0x0, 0x0,
    0x0, 0x0, 0x6c, 0xef, 0xd8, 0x10, 0x0, 0x0,
    0xbf, 0xff, 0xff, 0xff, 0x30, 0x0, 0xaf, 0xf9,
    0x32, 0x6e, 0xfe, 0x10, 0x2f, 0xf9, 0x0, 0x0,
    0x3f, 0xf8, 0x7, 0xff, 0x30, 0x0, 0x0, 0xdf,
    0xd0, 0x9f, 0xf1, 0x0, 0x0, 0xa, 0xff, 0xa,
    0xff, 0x10, 0x0, 0x0, 0xaf, 0xf0, 0x9f, 0xf1,
    0x0, 0x0, 0xa, 0xff, 0x7, 0xff, 0x30, 0x0,
    0x0, 0xdf, 0xd0, 0x2f, 0xf9, 0x0, 0x0, 0x3f,
    0xf8, 0x0, 0xaf, 0xf9, 0x32, 0x6e, 0xfe, 0x10,
    0x0, 0xcf, 0xff, 0xff, 0xff, 0x40, 0x0, 0x0,
    0x6c, 0xff, 0xd9, 0x10, 0x0,

    /* U+00F7 "÷" */
    0x0, 0x0, 0x3e, 0xf8, 0x0, 0x0, 0x0, 0x0,
    0x8f, 0xfe, 0x0, 0x0, 0x0, 0x0, 0x6f, 0xfc,
    0x0, 0x0, 0x0, 0x0, 0x4, 0x51, 0x0, 0x0,
    0x0, 0x0, 0x0, 0x0, 0x0, 0x0, 0x13, 0x33,
    0x33, 0x33, 0x33, 0x32, 0x8f, 0xff, 0xff, 0xff,
    0xff, 0xfe, 0x8f, 0xff, 0xff, 0xff, 0xff, 0xfe,
    0x0, 0x0, 0x0, 0x0, 0x0, 0x0, 0x0, 0x0,
    0x4, 0x51, 0x0, 0x0, 0x0, 0x0, 0x6f, 0xfc,
    0x0, 0x0, 0x0, 0x0, 0x8f, 0xfe, 0x0, 0x0,
    0x0, 0x0, 0x3e, 0xf8, 0x0, 0x0,

    /* U+00F8 "ø" */
    0x0, 0x0, 0x0, 0x0, 0x0, 0x4, 0x80, 0x0,
    0x0, 0x6c, 0xff, 0xd8, 0x3e, 0xf4, 0x0, 0xc,
    0xff, 0xff, 0xff, 0xff, 0x80, 0x0, 0xaf, 0xf9,
    0x32, 0x6f, 0xff, 0x10, 0x2, 0xff, 0x90, 0x0,
    0x5f, 0xff, 0x80, 0x7, 0xff, 0x30, 0x3, 0xfd,
    0xdf, 0xd0, 0x9, 0xff, 0x10, 0x1e, 0xe2, 0xaf,
    0xf0, 0xa, 0xff, 0x10, 0xcf, 0x40, 0xaf, 0xf0,
    0x9, 0xff, 0x1a, 0xf6, 0x0, 0xaf, 0xf0, 0x7,
    0xff, 0xaf, 0x90, 0x0, 0xdf, 0xd0, 0x2, 0xff,
    0xfb, 0x0, 0x3, 0xff, 0x80, 0x0, 0xaf, 0xfa,
    0x32, 0x6e, 0xfe, 0x10, 0x2, 0xff, 0xff, 0xff,
    0xff, 0xf4, 0x0, 0xd, 0xf7, 0x5c, 0xef, 0xd9,
    0x10, 0x0, 0x4, 0x90, 0x0, 0x0, 0x0, 0x0,
    0x0,

    /* U+00F9 "ù" */
    0x0, 0x0, 0x56, 0x0, 0x0, 0x0, 0x0, 0xa,
    0xfe, 0x0, 0x0, 0x0, 0x0, 0x2, 0xff, 0x70,
    0x0, 0x0, 0x0, 0x0, 0x7f, 0xe0, 0x0, 0x0,
    0x0, 0x0, 0xb, 0xf4, 0x0, 0x0, 0x0, 0x0,
    0x1, 0x20, 0x0, 0x0, 0x0, 0x0, 0x0, 0x0,
    0x0, 0x0, 0x1f, 0xf8, 0x0, 0x0, 0x3f, 0xf6,
    0x1f, 0xf8, 0x0, 0x0, 0x3f, 0xf6, 0x1f, 0xf8,
    0x0, 0x0, 0x3f, 0xf6, 0x1f, 0xf8, 0x0, 0x0,
    0x3f, 0xf6, 0x1f, 0xf8, 0x0, 0x0, 0x3f, 0xf6,
    0x1f, 0xf8, 0x0, 0x0, 0x3f, 0xf6, 0x1f, 0xf8,
    0x0, 0x0, 0x3f, 0xf6, 0x1f, 0xf8, 0x0, 0x0,
    0x3f, 0xf6, 0x1f, 0xf9, 0x0, 0x0, 0x4f, 0xf6,
    0xf, 0xfd, 0x0, 0x0, 0x8f, 0xf6, 0xb, 0xff,
    0xb4, 0x38, 0xef, 0xf6, 0x2, 0xff, 0xff, 0xff,
    0x6f, 0xf6, 0x0, 0x2b, 0xff, 0xb3, 0x3f, 0xf6,

    /* U+00FA "ú" */
    0x0, 0x0, 0x0, 0x28, 0x10, 0x0, 0x0, 0x0,
    0x0, 0x9f, 0xe1, 0x0, 0x0, 0x0, 0x2, 0xff,
    0x70, 0x0, 0x0, 0x0, 0x9, 0xfc, 0x0, 0x0,
    0x0, 0x0, 0xe, 0xf2, 0x0, 0x0, 0x0, 0x0,
    0x0, 0x30, 0x0, 0x0, 0x0, 0x0, 0x0, 0x0,
    0x0, 0x0, 0x1f, 0xf8, 0x0, 0x0, 0x3f, 0xf6,
    0x1f, 0xf8, 0x0, 0x0, 0x3f, 0xf6, 0x1f, 0xf8,
    0x0, 0x0, 0x3f, 0xf6, 0x1f, 0xf8, 0x0, 0x0,
    0x3f, 0xf6, 0x1f, 0xf8, 0x0, 0x0, 0x3f, 0xf6,
    0x1f, 0xf8, 0x0, 0x0, 0x3f, 0xf6, 0x1f, 0xf8,
    0x0, 0x0, 0x3f, 0xf6, 0x1f, 0xf8, 0x0, 0x0,
    0x3f, 0xf6, 0x1f, 0xf9, 0x0, 0x0, 0x4f, 0xf6,
    0xf, 0xfd, 0x0, 0x0, 0x8f, 0xf6, 0xb, 0xff,
    0xb4, 0x38, 0xef, 0xf6, 0x2, 0xff, 0xff, 0xff,
    0x6f, 0xf6, 0x0, 0x2b, 0xff, 0xb3, 0x3f, 0xf6,

    /* U+00FB "û" */
    0x0, 0x0, 0x28, 0x85, 0x0, 0x0, 0x0, 0x0,
    0xdf, 0xff, 0x40, 0x0, 0x0, 0xa, 0xfe, 0xcf,
    0xe1, 0x0, 0x0, 0x6f, 0xe2, 0xc, 0xfc, 0x0,
    0x0, 0xae, 0x30, 0x0, 0xce, 0x20, 0x0, 0x2,
    0x0, 0x0, 0x11, 0x0, 0x0, 0x0, 0x0, 0x0,
    0x0, 0x0, 0x1f, 0xf8, 0x0, 0x0, 0x3f, 0xf6,
    0x1f, 0xf8, 0x0, 0x0, 0x3f, 0xf6, 0x1f, 0xf8,
    0x0, 0x0, 0x3f, 0xf6, 0x1f, 0xf8, 0x0, 0x0,
    0x3f, 0xf6, 0x1f, 0xf8, 0x0, 0x0, 0x3f, 0xf6,
    0x1f, 0xf8, 0x0, 0x0, 0x3f, 0xf6, 0x1f, 0xf8,
    0x0, 0x0, 0x3f, 0xf6, 0x1f, 0xf8, 0x0, 0x0,
    0x3f, 0xf6, 0x1f, 0xf9, 0x0, 0x0, 0x4f, 0xf6,
    0xf, 0xfd, 0x0, 0x0, 0x8f, 0xf6, 0xb, 0xff,
    0xb4, 0x38, 0xef, 0xf6, 0x2, 0xff, 0xff, 0xff,
    0x6f, 0xf6, 0x0, 0x2b, 0xff, 0xb3, 0x3f, 0xf6,

    /* U+00FC "ü" */
    0x0, 0x7f, 0xd2, 0xa, 0xfc, 0x0, 0x0, 0xdf,
    0xf6, 0xf, 0xff, 0x20, 0x0, 0x8f, 0xe2, 0xb,
    0xfd, 0x0, 0x0, 0x0, 0x0, 0x0, 0x0, 0x0,
    0x0, 0x0, 0x0, 0x0, 0x0, 0x0, 0x1f, 0xf8,
    0x0, 0x0, 0x3f, 0xf6, 0x1f, 0xf8, 0x0, 0x0,
    0x3f, 0xf6, 0x1f, 0xf8, 0x0, 0x0, 0x3f, 0xf6,
    0x1f, 0xf8, 0x0, 0x0, 0x3f, 0xf6, 0x1f, 0xf8,
    0x0, 0x0, 0x3f, 0xf6, 0x1f, 0xf8, 0x0, 0x0,
    0x3f, 0xf6, 0x1f, 0xf8, 0x0, 0x0, 0x3f, 0xf6,
    0x1f, 0xf8, 0x0, 0x0, 0x3f, 0xf6, 0x1f, 0xf9,
    0x0, 0x0, 0x4f, 0xf6, 0xf, 0xfd, 0x0, 0x0,
    0x8f, 0xf6, 0xb, 0xff, 0xb4, 0x38, 0xef, 0xf6,
    0x2, 0xff, 0xff, 0xff, 0x6f, 0xf6, 0x0, 0x2b,
    0xff, 0xb3, 0x3f, 0xf6,

    /* U+00FD "ý" */
    0x0, 0x0, 0x0, 0x1, 0x81, 0x0, 0x0, 0x0,
    0x0, 0x0, 0x9, 0xff, 0x10, 0x0, 0x0, 0x0,
    0x0, 0x1f, 0xf8, 0x0, 0x0, 0x0, 0x0, 0x0,
    0x8f, 0xc0, 0x0, 0x0, 0x0, 0x0, 0x0, 0xef,
    0x20, 0x0, 0x0, 0x0, 0x0, 0x0, 0x3, 0x0,
    0x0, 0x0, 0x0, 0x0, 0x0, 0x0, 0x0, 0x0,
    0x0, 0xd, 0xfd, 0x0, 0x0, 0x0, 0x5f, 0xf4,
    0x7, 0xff, 0x30, 0x0, 0x0, 0xbf, 0xe0, 0x1,
    0xff, 0x90, 0x0, 0x1, 0xff, 0x70, 0x0, 0xbf,
    0xe0, 0x0, 0x7, 0xff, 0x10, 0x0, 0x5f, 0xf4,
    0x0, 0xc, 0xfb, 0x0, 0x0, 0xe, 0xfa, 0x0,
    0x2f, 0xf5, 0x0, 0x0, 0x8, 0xff, 0x0, 0x8f,
    0xe0, 0x0, 0x0, 0x2, 0xff, 0x50, 0xdf, 0x90,
    0x0, 0x0, 0x0, 0xcf, 0xb3, 0xff, 0x20, 0x0,
    0x0, 0x0, 0x5f, 0xf9, 0xfc, 0x0, 0x0, 0x0,
    0x0, 0xf, 0xff, 0xf6, 0x0, 0x0, 0x0, 0x0,
    0x9, 0xff, 0xf0, 0x0, 0x0, 0x0, 0x0, 0x3,
    0xff, 0xa0, 0x0, 0x0, 0x0, 0x0, 0x5, 0xff,
    0x30, 0x0, 0x0, 0x0, 0x0, 0xb, 0xfd, 0x0,
    0x0, 0x0, 0x0, 0x22, 0x3f, 0xf7, 0x0, 0x0,
    0x0, 0x2, 0xff, 0xff, 0xe0, 0x0, 0x0, 0x0,
    0x2, 0xff, 0xeb, 0x20, 0x0, 0x0, 0x0,

    /* U+00FE "þ" */
    0x1f, 0xf8, 0x0, 0x0, 0x0, 0x0, 0x1, 0xff,
    0x80, 0x0, 0x0, 0x0, 0x0, 0x1f, 0xf8, 0x0,
    0x0, 0x0, 0x0, 0x1, 0xff, 0x80, 0x0, 0x0,
    0x0, 0x0, 0x1f, 0xf8, 0x0, 0x0, 0x0, 0x0,
    0x1, 0xff, 0x80, 0x8e, 0xfd, 0x70, 0x0, 0x1f,
    0xf8, 0xbf, 0xff, 0xff, 0xb0, 0x1, 0xff, 0xdb,
    0x43, 0x6e, 0xff, 0x60, 0x1f, 0xfc, 0x0, 0x0,
    0x2f, 0xfc, 0x1, 0xff, 0x80, 0x0, 0x0, 0xbf,
    0xf0, 0x1f, 0xf8, 0x0, 0x0, 0x9, 0xff, 0x11,
    0xff, 0x80, 0x0, 0x0, 0x9f, 0xf2, 0x1f, 0xf8,
    0x0, 0x0, 0x9, 0xff, 0x11, 0xff, 0x80, 0x0,
    0x0, 0xbf, 0xf0, 0x1f, 0xfc, 0x0, 0x0, 0x2f,
    0xfc, 0x1, 0xff, 0xdb, 0x43, 0x6e, 0xff, 0x60,
    0x1f, 0xf8, 0xbf, 0xff, 0xff, 0xb0, 0x1, 0xff,
    0x80, 0x8e, 0xfd, 0x70, 0x0, 0x1f, 0xf8, 0x0,
    0x0, 0x0, 0x0, 0x1, 0xff, 0x80, 0x0, 0x0,
    0x0, 0x0, 0x1f, 0xf8, 0x0, 0x0, 0x0, 0x0,
    0x1, 0xff, 0x80, 0x0, 0x0, 0x0, 0x0, 0x1f,
    0xf8, 0x0, 0x0, 0x0, 0x0, 0x0,

    /* U+00FF "ÿ" */
    0x0, 0x6, 0xfe, 0x20, 0x9f, 0xc0, 0x0, 0x0,
    0xc, 0xff, 0x60, 0xff, 0xf3, 0x0, 0x0, 0x7,
    0xff, 0x30, 0xaf, 0xd1, 0x0, 0x0, 0x0, 0x0,
    0x0, 0x0, 0x0, 0x0, 0x0, 0x0, 0x0, 0x0,
    0x0, 0x0, 0x0, 0xd, 0xfd, 0x0, 0x0, 0x0,
    0x5f, 0xf4, 0x7, 0xff, 0x30, 0x0, 0x0, 0xbf,
    0xe0, 0x1, 0xff, 0x90, 0x0, 0x1, 0xff, 0x70,
    0x0, 0xbf, 0xe0, 0x0, 0x7, 0xff, 0x10, 0x0,
    0x5f, 0xf4, 0x0, 0xc, 0xfb, 0x0, 0x0, 0xe,
    0xfa, 0x0, 0x2f, 0xf5, 0x0, 0x0, 0x8, 0xff,
    0x0, 0x8f, 0xe0, 0x0, 0x0, 0x2, 0xff, 0x50,
    0xdf, 0x90, 0x0, 0x0, 0x0, 0xcf, 0xb3, 0xff,
    0x20, 0x0, 0x0, 0x0, 0x5f, 0xf9, 0xfc, 0x0,
    0x0, 0x0, 0x0, 0xf, 0xff, 0xf6, 0x0, 0x0,
    0x0, 0x0, 0x9, 0xff, 0xf0, 0x0, 0x0, 0x0,
    0x0, 0x3, 0xff, 0xa0, 0x0, 0x0, 0x0, 0x0,
    0x5, 0xff, 0x30, 0x0, 0x0, 0x0, 0x0, 0xb,
    0xfd, 0x0, 0x0, 0x0, 0x0, 0x22, 0x3f, 0xf7,
    0x0, 0x0, 0x0, 0x2, 0xff, 0xff, 0xe0, 0x0,
    0x0, 0x0, 0x2, 0xff, 0xeb, 0x20, 0x0, 0x0,
    0x0
};


/*---------------------
 *  GLYPH DESCRIPTION
 *--------------------*/

static const lv_font_fmt_txt_glyph_dsc_t glyph_dsc[] = {
    {.bitmap_index = 0, .adv_w = 0, .box_w = 0, .box_h = 0, .ofs_x = 0, .ofs_y = 0} /* id = 0 reserved */,
    {.bitmap_index = 0, .adv_w = 230, .box_w = 0, .box_h = 0, .ofs_x = 0, .ofs_y = 0},
    {.bitmap_index = 0, .adv_w = 230, .box_w = 5, .box_h = 17, .ofs_x = 5, .ofs_y = 0},
    {.bitmap_index = 43, .adv_w = 230, .box_w = 8, .box_h = 8, .ofs_x = 3, .ofs_y = 10},
    {.bitmap_index = 75, .adv_w = 230, .box_w = 15, .box_h = 17, .ofs_x = 0, .ofs_y = 0},
    {.bitmap_index = 203, .adv_w = 230, .box_w = 13, .box_h = 23, .ofs_x = 1, .ofs_y = -3},
    {.bitmap_index = 353, .adv_w = 230, .box_w = 15, .box_h = 17, .ofs_x = 0, .ofs_y = 0},
    {.bitmap_index = 481, .adv_w = 230, .box_w = 14, .box_h = 17, .ofs_x = 0, .ofs_y = 0},
    {.bitmap_index = 600, .adv_w = 230, .box_w = 3, .box_h = 8, .ofs_x = 6, .ofs_y = 10},
    {.bitmap_index = 612, .adv_w = 230, .box_w = 9, .box_h = 23, .ofs_x = 4, .ofs_y = -3},
    {.bitmap_index = 716, .adv_w = 230, .box_w = 8, .box_h = 23, .ofs_x = 2, .ofs_y = -3},
    {.bitmap_index = 808, .adv_w = 230, .box_w = 14, .box_h = 13, .ofs_x = 0, .ofs_y = 1},
    {.bitmap_index = 899, .adv_w = 230, .box_w = 12, .box_h = 12, .ofs_x = 1, .ofs_y = 2},
    {.bitmap_index = 971, .adv_w = 230, .box_w = 6, .box_h = 8, .ofs_x = 4, .ofs_y = -4},
    {.bitmap_index = 995, .adv_w = 230, .box_w = 8, .box_h = 3, .ofs_x = 3, .ofs_y = 6},
    {.bitmap_index = 1007, .adv_w = 230, .box_w = 5, .box_h = 5, .ofs_x = 5, .ofs_y = 0},
    {.bitmap_index = 1020, .adv_w = 230, .box_w = 12, .box_h = 22, .ofs_x = 1, .ofs_y = -3},
    {.bitmap_index = 1152, .adv_w = 230, .box_w = 13, .box_h = 17, .ofs_x = 1, .ofs_y = 0},
    {.bitmap_index = 1263, .adv_w = 230, .box_w = 13, .box_h = 17, .ofs_x = 1, .ofs_y = 0},
    {.bitmap_index = 1374, .adv_w = 230, .box_w = 13, .box_h = 17, .ofs_x = 1, .ofs_y = 0},
    {.bitmap_index = 1485, .adv_w = 230, .box_w = 13, .box_h = 17, .ofs_x = 0, .ofs_y = 0},
    {.bitmap_index = 1596, .adv_w = 230, .box_w = 14, .box_h = 17, .ofs_x = 0, .ofs_y = 0},
    {.bitmap_index = 1715, .adv_w = 230, .box_w = 13, .box_h = 17, .ofs_x = 1, .ofs_y = 0},
    {.bitmap_index = 1826, .adv_w = 230, .box_w = 13, .box_h = 17, .ofs_x = 1, .ofs_y = 0},
    {.bitmap_index = 1937, .adv_w = 230, .box_w = 12, .box_h = 17, .ofs_x = 1, .ofs_y = 0},
    {.bitmap_index = 2039, .adv_w = 230, .box_w = 13, .box_h = 17, .ofs_x = 1, .ofs_y = 0},
    {.bitmap_index = 2150, .adv_w = 230, .box_w = 13, .box_h = 17, .ofs_x = 1, .ofs_y = 0},
    {.bitmap_index = 2261, .adv_w = 230, .box_w = 5, .box_h = 13, .ofs_x = 5, .ofs_y = 0},
    {.bitmap_index = 2294, .adv_w = 230, .box_w = 6, .box_h = 17, .ofs_x = 4, .ofs_y = -4},
    {.bitmap_index = 2345, .adv_w = 230, .box_w = 11, .box_h = 15, .ofs_x = 2, .ofs_y = 0},
    {.bitmap_index = 2428, .adv_w = 230, .box_w = 12, .box_h = 8, .ofs_x = 1, .ofs_y = 4},
    {.bitmap_index = 2476, .adv_w = 230, .box_w = 11, .box_h = 15, .ofs_x = 2, .ofs_y = 0},
    {.bitmap_index = 2559, .adv_w = 230, .box_w = 12, .box_h = 17, .ofs_x = 1, .ofs_y = 0},
    {.bitmap_index = 2661, .adv_w = 230, .box_w = 12, .box_h = 19, .ofs_x = 1, .ofs_y = -2},
    {.bitmap_index = 2775, .adv_w = 230, .box_w = 14, .box_h = 17, .ofs_x = 0, .ofs_y = 0},
    {.bitmap_index = 2894, .adv_w = 230, .box_w = 13, .box_h = 17, .ofs_x = 1, .ofs_y = 0},
    {.bitmap_index = 3005, .adv_w = 230, .box_w = 13, .box_h = 17, .ofs_x = 1, .ofs_y = 0},
    {.bitmap_index = 3116, .adv_w = 230, .box_w = 13, .box_h = 17, .ofs_x = 1, .ofs_y = 0},
    {.bitmap_index = 3227, .adv_w = 230, .box_w = 11, .box_h = 17, .ofs_x = 2, .ofs_y = 0},
    {.bitmap_index = 3321, .adv_w = 230, .box_w = 11, .box_h = 17, .ofs_x = 2, .ofs_y = 0},
    {.bitmap_index = 3415, .adv_w = 230, .box_w = 12, .box_h = 17, .ofs_x = 1, .ofs_y = 0},
    {.bitmap_index = 3517, .adv_w = 230, .box_w = 12, .box_h = 17, .ofs_x = 1, .ofs_y = 0},
    {.bitmap_index = 3619, .adv_w = 230, .box_w = 12, .box_h = 17, .ofs_x = 1, .ofs_y = 0},
    {.bitmap_index = 3721, .adv_w = 230, .box_w = 11, .box_h = 17, .ofs_x = 1, .ofs_y = 0},
    {.bitmap_index = 3815, .adv_w = 230, .box_w = 14, .box_h = 17, .ofs_x = 1, .ofs_y = 0},
    {.bitmap_index = 3934, .adv_w = 230, .box_w = 11, .box_h = 17, .ofs_x = 2, .ofs_y = 0},
    {.bitmap_index = 4028, .adv_w = 230, .box_w = 13, .box_h = 17, .ofs_x = 1, .ofs_y = 0},
    {.bitmap_index = 4139, .adv_w = 230, .box_w = 12, .box_h = 17, .ofs_x = 1, .ofs_y = 0},
    {.bitmap_index = 4241, .adv_w = 230, .box_w = 13, .box_h = 17, .ofs_x = 1, .ofs_y = 0},
    {.bitmap_index = 4352, .adv_w = 230, .box_w = 12, .box_h = 17, .ofs_x = 2, .ofs_y = 0},
    {.bitmap_index = 4454, .adv_w = 230, .box_w = 13, .box_h = 22, .ofs_x = 1, .ofs_y = -5},
    {.bitmap_index = 4597, .adv_w = 230, .box_w = 12, .box_h = 17, .ofs_x = 2, .ofs_y = 0},
    {.bitmap_index = 4699, .adv_w = 230, .box_w = 14, .box_h = 17, .ofs_x = 0, .ofs_y = 0},
    {.bitmap_index = 4818, .adv_w = 230, .box_w = 14, .box_h = 17, .ofs_x = 0, .ofs_y = 0},
    {.bitmap_index = 4937, .adv_w = 230, .box_w = 12, .box_h = 17, .ofs_x = 1, .ofs_y = 0},
    {.bitmap_index = 5039, .adv_w = 230, .box_w = 14, .box_h = 17, .ofs_x = 0, .ofs_y = 0},
    {.bitmap_index = 5158, .adv_w = 230, .box_w = 14, .box_h = 17, .ofs_x = 0, .ofs_y = 0},
    {.bitmap_index = 5277, .adv_w = 230, .box_w = 14, .box_h = 17, .ofs_x = 0, .ofs_y = 0},
    {.bitmap_index = 5396, .adv_w = 230, .box_w = 15, .box_h = 17, .ofs_x = 0, .ofs_y = 0},
    {.bitmap_index = 5524, .adv_w = 230, .box_w = 13, .box_h = 17, .ofs_x = 1, .ofs_y = 0},
    {.bitmap_index = 5635, .adv_w = 230, .box_w = 9, .box_h = 22, .ofs_x = 4, .ofs_y = -3},
    {.bitmap_index = 5734, .adv_w = 230, .box_w = 12, .box_h = 22, .ofs_x = 1, .ofs_y = -3},
    {.bitmap_index = 5866, .adv_w = 230, .box_w = 8, .box_h = 22, .ofs_x = 2, .ofs_y = -3},
    {.bitmap_index = 5954, .adv_w = 230, .box_w = 14, .box_h = 11, .ofs_x = 0, .ofs_y = 6},
    {.bitmap_index = 6031, .adv_w = 230, .box_w = 12, .box_h = 3, .ofs_x = 1, .ofs_y = -4},
    {.bitmap_index = 6049, .adv_w = 230, .box_w = 5, .box_h = 6, .ofs_x = 4, .ofs_y = 14},
    {.bitmap_index = 6064, .adv_w = 230, .box_w = 13, .box_h = 13, .ofs_x = 1, .ofs_y = 0},
    {.bitmap_index = 6149, .adv_w = 230, .box_w = 13, .box_h = 18, .ofs_x = 1, .ofs_y = 0},
    {.bitmap_index = 6266, .adv_w = 230, .box_w = 12, .box_h = 13, .ofs_x = 1, .ofs_y = 0},
    {.bitmap_index = 6344, .adv_w = 230, .box_w = 12, .box_h = 18, .ofs_x = 1, .ofs_y = 0},
    {.bitmap_index = 6452, .adv_w = 230, .box_w = 12, .box_h = 13, .ofs_x = 1, .ofs_y = 0},
    {.bitmap_index = 6530, .adv_w = 230, .box_w = 13, .box_h = 18, .ofs_x = 1, .ofs_y = 0},
    {.bitmap_index = 6647, .adv_w = 230, .box_w = 13, .box_h = 20, .ofs_x = 1, .ofs_y = -5},
    {.bitmap_index = 6777, .adv_w = 230, .box_w = 11, .box_h = 18, .ofs_x = 2, .ofs_y = 0},
    {.bitmap_index = 6876, .adv_w = 230, .box_w = 12, .box_h = 18, .ofs_x = 2, .ofs_y = 0},
    {.bitmap_index = 6984, .adv_w = 230, .box_w = 9, .box_h = 23, .ofs_x = 2, .ofs_y = -5},
    {.bitmap_index = 7088, .adv_w = 230, .box_w = 12, .box_h = 18, .ofs_x = 2, .ofs_y = 0},
    {.bitmap_index = 7196, .adv_w = 230, .box_w = 12, .box_h = 18, .ofs_x = 1, .ofs_y = 0},
    {.bitmap_index = 7304, .adv_w = 230, .box_w = 13, .box_h = 13, .ofs_x = 1, .ofs_y = 0},
    {.bitmap_index = 7389, .adv_w = 230, .box_w = 11, .box_h = 13, .ofs_x = 2, .ofs_y = 0},
    {.bitmap_index = 7461, .adv_w = 230, .box_w = 13, .box_h = 13, .ofs_x = 1, .ofs_y = 0},
    {.bitmap_index = 7546, .adv_w = 230, .box_w = 13, .box_h = 18, .ofs_x = 1, .ofs_y = -5},
    {.bitmap_index = 7663, .adv_w = 230, .box_w = 12, .box_h = 18, .ofs_x = 1, .ofs_y = -5},
    {.bitmap_index = 7771, .adv_w = 230, .box_w = 13, .box_h = 13, .ofs_x = 1, .ofs_y = 0},
    {.bitmap_index = 7856, .adv_w = 230, .box_w = 12, .box_h = 13, .ofs_x = 1, .ofs_y = 0},
    {.bitmap_index = 7934, .adv_w = 230, .box_w = 13, .box_h = 17, .ofs_x = 0, .ofs_y = 0},
    {.bitmap_index = 8045, .adv_w = 230, .box_w = 12, .box_h = 13, .ofs_x = 1, .ofs_y = 0},
    {.bitmap_index = 8123, .adv_w = 230, .box_w = 13, .box_h = 13, .ofs_x = 1, .ofs_y = 0},
    {.bitmap_index = 8208, .adv_w = 230, .box_w = 14, .box_h = 13, .ofs_x = 0, .ofs_y = 0},
    {.bitmap_index = 8299, .adv_w = 230, .box_w = 13, .box_h = 13, .ofs_x = 1, .ofs_y = 0},
    {.bitmap_index = 8384, .adv_w = 230, .box_w = 14, .box_h = 18, .ofs_x = 0, .ofs_y = -5},
    {.bitmap_index = 8510, .adv_w = 230, .box_w = 12, .box_h = 13, .ofs_x = 1, .ofs_y = 0},
    {.bitmap_index = 8588, .adv_w = 230, .box_w = 10, .box_h = 22, .ofs_x = 2, .ofs_y = -3},
    {.bitmap_index = 8698, .adv_w = 230, .box_w = 3, .box_h = 23, .ofs_x = 6, .ofs_y = -3},
    {.bitmap_index = 8733, .adv_w = 230, .box_w = 10, .box_h = 22, .ofs_x = 2, .ofs_y = -3},
    {.bitmap_index = 8843, .adv_w = 230, .box_w = 13, .box_h = 6, .ofs_x = 1, .ofs_y = 5},
    {.bitmap_index = 8882, .adv_w = 230, .box_w = 0, .box_h = 0, .ofs_x = 0, .ofs_y = 0},
    {.bitmap_index = 8882, .adv_w = 230, .box_w = 5, .box_h = 18, .ofs_x = 5, .ofs_y = -5},
    {.bitmap_index = 8927, .adv_w = 230, .box_w = 12, .box_h = 19, .ofs_x = 1, .ofs_y = -3},
    {.bitmap_index = 9041, .adv_w = 230, .box_w = 13, .box_h = 17, .ofs_x = 1, .ofs_y = 0},
    {.bitmap_index = 9152, .adv_w = 230, .box_w = 12, .box_h = 18, .ofs_x = 1, .ofs_y = 0},
    {.bitmap_index = 9260, .adv_w = 230, .box_w = 15, .box_h = 17, .ofs_x = 0, .ofs_y = 0},
    {.bitmap_index = 9388, .adv_w = 230, .box_w = 3, .box_h = 22, .ofs_x = 6, .ofs_y = -3},
    {.bitmap_index = 9421, .adv_w = 230, .box_w = 12, .box_h = 22, .ofs_x = 1, .ofs_y = -5},
    {.bitmap_index = 9553, .adv_w = 230, .box_w = 9, .box_h = 4, .ofs_x = 3, .ofs_y = 15},
    {.bitmap_index = 9571, .adv_w = 230, .box_w = 15, .box_h = 18, .ofs_x = 0, .ofs_y = 0},
    {.bitmap_index = 9706, .adv_w = 230, .box_w = 9, .box_h = 9, .ofs_x = 3, .ofs_y = 8},
    {.bitmap_index = 9747, .adv_w = 230, .box_w = 12, .box_h = 12, .ofs_x = 1, .ofs_y = 1},
    {.bitmap_index = 9819, .adv_w = 230, .box_w = 12, .box_h = 8, .ofs_x = 1, .ofs_y = 1},
    {.bitmap_index = 9867, .adv_w = 0, .box_w = 0, .box_h = 0, .ofs_x = 0, .ofs_y = 0},
    {.bitmap_index = 9867, .adv_w = 230, .box_w = 10, .box_h = 10, .ofs_x = 2, .ofs_y = 8},
    {.bitmap_index = 9917, .adv_w = 230, .box_w = 8, .box_h = 3, .ofs_x = 3, .ofs_y = 15},
    {.bitmap_index = 9929, .adv_w = 230, .box_w = 10, .box_h = 9, .ofs_x = 2, .ofs_y = 9},
    {.bitmap_index = 9974, .adv_w = 230, .box_w = 12, .box_h = 16, .ofs_x = 1, .ofs_y = 0},
    {.bitmap_index = 10070, .adv_w = 230, .box_w = 8, .box_h = 9, .ofs_x = 3, .ofs_y = 8},
    {.bitmap_index = 10106, .adv_w = 230, .box_w = 8, .box_h = 9, .ofs_x = 3, .ofs_y = 8},
    {.bitmap_index = 10142, .adv_w = 230, .box_w = 6, .box_h = 6, .ofs_x = 5, .ofs_y = 14},
    {.bitmap_index = 10160, .adv_w = 230, .box_w = 11, .box_h = 18, .ofs_x = 2, .ofs_y = -5},
    {.bitmap_index = 10259, .adv_w = 230, .box_w = 13, .box_h = 21, .ofs_x = 0, .ofs_y = -4},
    {.bitmap_index = 10396, .adv_w = 230, .box_w = 5, .box_h = 5, .ofs_x = 5, .ofs_y = 5},
    {.bitmap_index = 10409, .adv_w = 230, .box_w = 7, .box_h = 6, .ofs_x = 4, .ofs_y = -5},
    {.bitmap_index = 10430, .adv_w = 230, .box_w = 8, .box_h = 9, .ofs_x = 3, .ofs_y = 8},
    {.bitmap_index = 10466, .adv_w = 230, .box_w = 9, .box_h = 9, .ofs_x = 3, .ofs_y = 8},
    {.bitmap_index = 10507, .adv_w = 230, .box_w = 12, .box_h = 12, .ofs_x = 1, .ofs_y = 1},
    {.bitmap_index = 10579, .adv_w = 230, .box_w = 15, .box_h = 18, .ofs_x = 0, .ofs_y = 0},
    {.bitmap_index = 10714, .adv_w = 230, .box_w = 15, .box_h = 18, .ofs_x = 0, .ofs_y = -1},
    {.bitmap_index = 10849, .adv_w = 230, .box_w = 15, .box_h = 18, .ofs_x = 0, .ofs_y = 0},
    {.bitmap_index = 10984, .adv_w = 230, .box_w = 12, .box_h = 18, .ofs_x = 1, .ofs_y = -5},
    {.bitmap_index = 11092, .adv_w = 230, .box_w = 14, .box_h = 24, .ofs_x = 0, .ofs_y = 0},
    {.bitmap_index = 11260, .adv_w = 230, .box_w = 14, .box_h = 24, .ofs_x = 0, .ofs_y = 0},
    {.bitmap_index = 11428, .adv_w = 230, .box_w = 14, .box_h = 24, .ofs_x = 0, .ofs_y = 0},
    {.bitmap_index = 11596, .adv_w = 230, .box_w = 14, .box_h = 23, .ofs_x = 0, .ofs_y = 0},
    {.bitmap_index = 11757, .adv_w = 230, .box_w = 14, .box_h = 23, .ofs_x = 0, .ofs_y = 0},
    {.bitmap_index = 11918, .adv_w = 230, .box_w = 14, .box_h = 25, .ofs_x = 0, .ofs_y = 0},
    {.bitmap_index = 12093, .adv_w = 230, .box_w = 14, .box_h = 17, .ofs_x = 0, .ofs_y = 0},
    {.bitmap_index = 12212, .adv_w = 230, .box_w = 13, .box_h = 22, .ofs_x = 1, .ofs_y = -5},
    {.bitmap_index = 12355, .adv_w = 230, .box_w = 11, .box_h = 24, .ofs_x = 2, .ofs_y = 0},
    {.bitmap_index = 12487, .adv_w = 230, .box_w = 11, .box_h = 24, .ofs_x = 2, .ofs_y = 0},
    {.bitmap_index = 12619, .adv_w = 230, .box_w = 11, .box_h = 24, .ofs_x = 2, .ofs_y = 0},
    {.bitmap_index = 12751, .adv_w = 230, .box_w = 11, .box_h = 23, .ofs_x = 2, .ofs_y = 0},
    {.bitmap_index = 12878, .adv_w = 230, .box_w = 12, .box_h = 24, .ofs_x = 1, .ofs_y = 0},
    {.bitmap_index = 13022, .adv_w = 230, .box_w = 12, .box_h = 24, .ofs_x = 1, .ofs_y = 0},
    {.bitmap_index = 13166, .adv_w = 230, .box_w = 12, .box_h = 24, .ofs_x = 1, .ofs_y = 0},
    {.bitmap_index = 13310, .adv_w = 230, .box_w = 12, .box_h = 23, .ofs_x = 1, .ofs_y = 0},
    {.bitmap_index = 13448, .adv_w = 230, .box_w = 14, .box_h = 17, .ofs_x = 0, .ofs_y = 0},
    {.bitmap_index = 13567, .adv_w = 230, .box_w = 12, .box_h = 23, .ofs_x = 1, .ofs_y = 0},
    {.bitmap_index = 13705, .adv_w = 230, .box_w = 13, .box_h = 24, .ofs_x = 1, .ofs_y = 0},
    {.bitmap_index = 13861, .adv_w = 230, .box_w = 13, .box_h = 24, .ofs_x = 1, .ofs_y = 0},
    {.bitmap_index = 14017, .adv_w = 230, .box_w = 13, .box_h = 24, .ofs_x = 1, .ofs_y = 0},
    {.bitmap_index = 14173, .adv_w = 230, .box_w = 13, .box_h = 23, .ofs_x = 1, .ofs_y = 0},
    {.bitmap_index = 14323, .adv_w = 230, .box_w = 13, .box_h = 23, .ofs_x = 1, .ofs_y = 0},
    {.bitmap_index = 14473, .adv_w = 230, .box_w = 12, .box_h = 11, .ofs_x = 1, .ofs_y = 2},
    {.bitmap_index = 14539, .adv_w = 230, .box_w = 14, .box_h = 20, .ofs_x = 0, .ofs_y = -2},
    {.bitmap_index = 14679, .adv_w = 230, .box_w = 12, .box_h = 24, .ofs_x = 1, .ofs_y = 0},
    {.bitmap_index = 14823, .adv_w = 230, .box_w = 12, .box_h = 24, .ofs_x = 1, .ofs_y = 0},
    {.bitmap_index = 14967, .adv_w = 230, .box_w = 12, .box_h = 24, .ofs_x = 1, .ofs_y = 0},
    {.bitmap_index = 15111, .adv_w = 230, .box_w = 12, .box_h = 23, .ofs_x = 1, .ofs_y = 0},
    {.bitmap_index = 15249, .adv_w = 230, .box_w = 15, .box_h = 24, .ofs_x = 0, .ofs_y = 0},
    {.bitmap_index = 15429, .adv_w = 230, .box_w = 12, .box_h = 17, .ofs_x = 2, .ofs_y = 0},
    {.bitmap_index = 15531, .adv_w = 230, .box_w = 12, .box_h = 23, .ofs_x = 2, .ofs_y = -5},
    {.bitmap_index = 15669, .adv_w = 230, .box_w = 13, .box_h = 20, .ofs_x = 1, .ofs_y = 0},
    {.bitmap_index = 15799, .adv_w = 230, .box_w = 13, .box_h = 20, .ofs_x = 1, .ofs_y = 0},
    {.bitmap_index = 15929, .adv_w = 230, .box_w = 13, .box_h = 20, .ofs_x = 1, .ofs_y = 0},
    {.bitmap_index = 16059, .adv_w = 230, .box_w = 13, .box_h = 18, .ofs_x = 1, .ofs_y = 0},
    {.bitmap_index = 16176, .adv_w = 230, .box_w = 13, .box_h = 18, .ofs_x = 1, .ofs_y = 0},
    {.bitmap_index = 16293, .adv_w = 230, .box_w = 13, .box_h = 21, .ofs_x = 1, .ofs_y = 0},
    {.bitmap_index = 16430, .adv_w = 230, .box_w = 14, .box_h = 13, .ofs_x = 0, .ofs_y = 0},
    {.bitmap_index = 16521, .adv_w = 230, .box_w = 12, .box_h = 18, .ofs_x = 1, .ofs_y = -5},
    {.bitmap_index = 16629, .adv_w = 230, .box_w = 12, .box_h = 20, .ofs_x = 1, .ofs_y = 0},
    {.bitmap_index = 16749, .adv_w = 230, .box_w = 12, .box_h = 20, .ofs_x = 1, .ofs_y = 0},
    {.bitmap_index = 16869, .adv_w = 230, .box_w = 12, .box_h = 20, .ofs_x = 1, .ofs_y = 0},
    {.bitmap_index = 16989, .adv_w = 230, .box_w = 12, .box_h = 18, .ofs_x = 1, .ofs_y = 0},
    {.bitmap_index = 17097, .adv_w = 230, .box_w = 12, .box_h = 20, .ofs_x = 2, .ofs_y = 0},
    {.bitmap_index = 17217, .adv_w = 230, .box_w = 12, .box_h = 20, .ofs_x = 2, .ofs_y = 0},
    {.bitmap_index = 17337, .adv_w = 230, .box_w = 12, .box_h = 19, .ofs_x = 2, .ofs_y = 0},
    {.bitmap_index = 17451, .adv_w = 230, .box_w = 12, .box_h = 18, .ofs_x = 2, .ofs_y = 0},
    {.bitmap_index = 17559, .adv_w = 230, .box_w = 13, .box_h = 19, .ofs_x = 1, .ofs_y = 0},
    {.bitmap_index = 17683, .adv_w = 230, .box_w = 11, .box_h = 18, .ofs_x = 2, .ofs_y = 0},
    {.bitmap_index = 17782, .adv_w = 230, .box_w = 13, .box_h = 20, .ofs_x = 1, .ofs_y = 0},
    {.bitmap_index = 17912, .adv_w = 230, .box_w = 13, .box_h = 20, .ofs_x = 1, .ofs_y = 0},
    {.bitmap_index = 18042, .adv_w = 230, .box_w = 13, .box_h = 20, .ofs_x = 1, .ofs_y = 0},
    {.bitmap_index = 18172, .adv_w = 230, .box_w = 13, .box_h = 18, .ofs_x = 1, .ofs_y = 0},
    {.bitmap_index = 18289, .adv_w = 230, .box_w = 13, .box_h = 18, .ofs_x = 1, .ofs_y = 0},
    {.bitmap_index = 18406, .adv_w = 230, .box_w = 12, .box_h = 13, .ofs_x = 1, .ofs_y = 1},
    {.bitmap_index = 18484, .adv_w = 230, .box_w = 14, .box_h = 15, .ofs_x = 0, .ofs_y = -1},
    {.bitmap_index = 18589, .adv_w = 230, .box_w = 12, .box_h = 20, .ofs_x = 1, .ofs_y = 0},
    {.bitmap_index = 18709, .adv_w = 230, .box_w = 12, .box_h = 20, .ofs_x = 1, .ofs_y = 0},
    {.bitmap_index = 18829, .adv_w = 230, .box_w = 12, .box_h = 20, .ofs_x = 1, .ofs_y = 0},
    {.bitmap_index = 18949, .adv_w = 230, .box_w = 12, .box_h = 18, .ofs_x = 1, .ofs_y = 0},
    {.bitmap_index = 19057, .adv_w = 230, .box_w = 14, .box_h = 25, .ofs_x = 0, .ofs_y = -5},
    {.bitmap_index = 19232, .adv_w = 230, .box_w = 13, .box_h = 23, .ofs_x = 1, .ofs_y = -5},
    {.bitmap_index = 19382, .adv_w = 230, .box_w = 14, .box_h = 23, .ofs_x = 0, .ofs_y = -5}
};

/*---------------------
 *  CHARACTER MAPPING
 *--------------------*/



/*Collect the unicode lists and glyph_id offsets*/
static const lv_font_fmt_txt_cmap_t cmaps[] =
{
    {
        .range_start = 32, .range_length = 95, .glyph_id_start = 1,
        .unicode_list = NULL, .glyph_id_ofs_list = NULL, .list_length = 0, .type = LV_FONT_FMT_TXT_CMAP_FORMAT0_TINY
    },
    {
        .range_start = 160, .range_length = 96, .glyph_id_start = 96,
        .unicode_list = NULL, .glyph_id_ofs_list = NULL, .list_length = 0, .type = LV_FONT_FMT_TXT_CMAP_FORMAT0_TINY
    }
};



/*--------------------
 *  ALL CUSTOM DATA
 *--------------------*/

#if LVGL_VERSION_MAJOR == 8
/*Store all the custom data of the font*/
static  lv_font_fmt_txt_glyph_cache_t cache;
#endif

#if LVGL_VERSION_MAJOR >= 8
static const lv_font_fmt_txt_dsc_t font_dsc = {
#else
static lv_font_fmt_txt_dsc_t font_dsc = {
#endif
    .glyph_bitmap = glyph_bitmap,
    .glyph_dsc = glyph_dsc,
    .cmaps = cmaps,
    .kern_dsc = NULL,
    .kern_scale = 0,
    .cmap_num = 2,
    .bpp = 4,
    .kern_classes = 0,
    .bitmap_format = 0,
#if LVGL_VERSION_MAJOR == 8
    .cache = &cache
#endif
};



/*-----------------
 *  PUBLIC FONT
 *----------------*/

/*Initialize a public general font descriptor*/
#if LVGL_VERSION_MAJOR >= 8
const lv_font_t font_mono_24 = {
#else
lv_font_t font_mono_24 = {
#endif
    .get_glyph_dsc = lv_font_get_glyph_dsc_fmt_txt,    /*Function pointer to get glyph's data*/
    .get_glyph_bitmap = lv_font_get_bitmap_fmt_txt,    /*Function pointer to get glyph's bitmap*/
    .line_height = 30,          /*The maximum line height required by the font*/
    .base_line = 5,             /*Baseline measured from the bottom of the line*/
#if !(LVGL_VERSION_MAJOR == 6 && LVGL_VERSION_MINOR == 0)
    .subpx = LV_FONT_SUBPX_NONE,
#endif
#if LV_VERSION_CHECK(7, 4, 0) || LVGL_VERSION_MAJOR >= 8
    .underline_position = -3,
    .underline_thickness = 2,
#endif
    .dsc = &font_dsc,          /*The custom font data. Will be accessed by `get_glyph_bitmap/dsc` */
#if LV_VERSION_CHECK(8, 2, 0) || LVGL_VERSION_MAJOR >= 9
    .fallback = NULL,
#endif
    .user_data = NULL,
};



#endif /*#if FONT_MONO_24*/
